id,situacao,cargo,funcao
1397424,Ativo,PROFESSOR DO MAGISTERIO SUPERIOR,Sem função
2034604,Aposentado,MEDICO-AREA,Sem função
1244182,Aposentado,PROFESSOR DO MAGISTERIO SUPERIOR,Sem função
2271452,Ativo,TECNICO DE LABORATORIO AREA,Sem função
3863729,Ativo,TEC DE TECNOLOGIA DA INFORMACAO,Sem função
2795998,Aposentado,PROFESSOR DO MAGISTERIO SUPERIOR,Sem função
151323,Aposentado,TECNICO EM RADIOLOGIA,Sem função
151323,Pensionista,TECNICO EM ENFERMAGEM,Sem função
748303,Pensionista,VIGILANTE,Sem função
945342,Pensionista,VIGILANTE,Sem função
1254976,Ativo,SERVENTE DE LIMPEZA,Sem função
1807371,Ativo,PROFESSOR DO MAGISTERIO SUPERIOR,Sem função
1393290,Aposentado,PROFESSOR ENS BASICO TECN TECNOLOGICO,Sem função
1393290,Pensionista,JORNALISTA,Sem função
921593,Aposentado,PROFESSOR DO MAGISTERIO SUPERIOR,Sem função
1035316,Aposentado,PROFESSOR DO MAGISTERIO SUPERIOR,Sem função
835129,Aposentado,ASSISTENTE EM ADMINISTRACAO,Sem função
2365924,Aposentado,SERVENTE DE LIMPEZA,Sem função
198412,Aposentado,ASSISTENTE EM ADMINISTRACAO,Sem função
2526626,Aposentado,ADMINISTRADOR,Sem função
1167843,Ativo,PROFESSOR DO MAGISTERIO SUPERIOR,Sem função
1167843,Ativo,Sem informaç,FG 000.1
1407809,Ativo,PROFESSOR MAGISTERIO SUPERIOR-SUBSTITUTO,Sem função
776535,Aposentado,TEC DE TECNOLOGIA DA INFORMACAO,Sem função
838529,Aposentado,TECNICO EM ASSUNTOS EDUCACIONAIS,Sem função
3278658,Ativo,TECNICO DE LABORATORIO AREA,Sem função
3684916,Pensionista,PROFESSOR DO MAGISTERIO SUPERIOR,Sem função
3482885,Ativo,PROFESSOR MAGISTERIO SUPERIOR-SUBSTITUTO,Sem função
3581948,Pensionista,IMPRESSOR,Sem função
373089,Pensionista,PROFESSOR DO MAGISTERIO SUPERIOR,Sem função
2195848,Aposentado,PROFESSOR DO MAGISTERIO SUPERIOR,Sem função
911476,Pensionista,TEC EM ELETROELETRONICA,Sem função
2938876,Ativo,PROFESSOR MAGISTERIO SUPERIOR-SUBSTITUTO,Sem função
3294289,Ativo,TECNICO DE LABORATORIO AREA,Sem função
743099,Aposentado,PROFESSOR DO MAGISTERIO SUPERIOR,Sem função
2898235,Ativo,AUXILIAR DE ENFERMAGEM,Sem função
1844253,Pensionista,RECEPCIONISTA,Sem função
1102992,Pensionista,ATENDENTE DE ENFERMAGEM,Sem função
2150545,Pensionista,DIAGRAMADOR,Sem função
3596545,Aposentado,IMPRESSOR,Sem função
288438,Aposentado,PROFESSOR DO MAGISTERIO SUPERIOR,Sem função
846123,Pensionista,AUX EM ADMINISTRACAO,Sem função
2199482,Pensionista,TECNICO DE LABORATORIO AREA,Sem função
650366,Aposentado,PROFESSOR DO MAGISTERIO SUPERIOR,Sem função
559783,Ativo,COPEIRO,Sem função
1996658,Aposentado,ASSISTENTE DE ALUNO,Sem função
97207,Aposentado,PROFESSOR DO MAGISTERIO SUPERIOR,Sem função
1630251,Aposentado,BIBLIOTECARIO-DOCUMENTALISTA,Sem função
3514523,Ativo,TECNICO EM CONTABILIDADE,Sem função
2363673,Ativo,PROGRAMADOR VISUAL,Sem função
3442398,Ativo,PROF ENS BAS TEC TECNOLOGICO-SUBSTITUTO,Sem função
2732118,Pensionista,PROFESSOR DO MAGISTERIO SUPERIOR,Sem função
224320,Ativo,ENFERMEIRO-AREA,Sem função
224320,Ativo,Sem informaç,GF 002.7
619131,Ativo,PROFESSOR MAGISTERIO SUPERIOR-SUBSTITUTO,Sem função
2303417,Pensionista,ASSISTENTE EM ADMINISTRACAO,Sem função
2372587,Ativo,PROFESSOR MAGISTERIO SUPERIOR-SUBSTITUTO,Sem função
3273491,Ativo,CONTINUO,Sem função
2611790,Aposentado,ENFERMEIRO-AREA,Sem função
265521,Ativo,BIBLIOTECARIO-DOCUMENTALISTA,Sem função
265521,Ativo,Sem informaç,FG 000.1
136985,Aposentado,VIGILANTE,Sem função
758285,Pensionista,PROFESSOR 3 GRAU,Sem função
162362,Aposentado,PROFESSOR DO MAGISTERIO SUPERIOR,Sem função
2094004,Ativo,ANALISTA DE TEC DA INFORMACAO,Sem função
1993049,Ativo,ASSISTENTE EM ADMINISTRACAO,Sem função
1993049,Ativo,Sem informaç,FG 000.3
2215519,Aposentado,PROFESSOR DO MAGISTERIO SUPERIOR,Sem função
1213192,Ativo,SERVENTE DE LIMPEZA,Sem função
332028,Aposentado,VIGILANTE,Sem função
3077016,Ativo,ASSISTENTE EM ADMINISTRACAO,Sem função
1657501,Ativo,AUX EM ADMINISTRACAO,Sem função
3261159,Ativo,SERVENTE DE LIMPEZA,Sem função
1532070,Ativo,SERVENTE DE LIMPEZA,Sem função
1098304,Ativo,TECNICO EM ENFERMAGEM,Sem função
1723227,Ativo,VIGILANTE,Sem função
3065696,Ativo,PROFESSOR DO MAGISTERIO SUPERIOR,Sem função
245814,Ativo,VIGILANTE,Sem função
1207303,Ativo,ASSISTENTE EM ADMINISTRACAO,Sem função
1148129,Aposentado,AUX EM ADMINISTRACAO,Sem função
2826253,Ativo,PROFESSOR DO MAGISTERIO SUPERIOR,Sem função
3180853,Pensionista,RECEPCIONISTA,Sem função
3154077,Aposentado,AUX EM ADMINISTRACAO,Sem função
3695310,Aposentado,ATENDENTE DE ENFERMAGEM,Sem função
3271040,Ativo,ASSISTENTE EM ADMINISTRACAO,Sem função
3295304,Ativo,PROFESSOR DO MAGISTERIO SUPERIOR,Sem função
1330181,Ativo,PROFESSOR DO MAGISTERIO SUPERIOR,Sem função
1330181,Ativo,Sem informaç,FUC 000.1
1594426,Ativo,ASSISTENTE EM ADMINISTRACAO,Sem função
277034,Pensionista,FOTOGRAFO,Sem função
562317,Aposentado,PROFESSOR DO MAGISTERIO SUPERIOR,Sem função
2696087,Aposentado,PROFESSOR DO MAGISTERIO SUPERIOR,Sem função
1646506,Ativo,BIOLOGO,Sem função
1736853,Aposentado,PROFESSOR DO MAGISTERIO SUPERIOR,Sem função
3187413,Ativo,PROFESSOR DO MAGISTERIO SUPERIOR,Sem função
3170580,Ativo,BIBLIOTECARIO-DOCUMENTALISTA,Sem função
3170580,Ativo,Sem informaç,FG 000.3
1886049,Aposentado,ASSISTENTE DE ALUNO,Sem função
1804839,Aposentado,TECNICO DE LABORATORIO AREA,Sem função
2320477,Aposentado,VIGILANTE,Sem função
1685948,Aposentado,PROFESSOR DO MAGISTERIO SUPERIOR,Sem função
1975899,Ativo,ENCADERNADOR,Sem função
1332546,Ativo,AUXILIAR DE ENFERMAGEM,Sem função
1895514,Pensionista,VIGILANTE,Sem função
3361363,Ativo,MEDICO RESIDENTE,Sem função
2131549,Aposentado,PSICOLOGO-AREA,Sem função
2611852,Pensionista,AJUSTADOR MECANICO,Sem função
3738913,Aposentado,ASSISTENTE EM ADMINISTRACAO,Sem função
1391341,Aposentado,TECNICO EM CONTABILIDADE,Sem função
3860179,Ativo,ASSISTENTE EM ADMINISTRACAO,Sem função
997415,Aposentado,ODONTOLOGO - 30 HORAS - DL 1445-76,Sem função
2376524,Ativo,TECNICO EM ENFERMAGEM,Sem função
40626,Ativo,VIGILANTE,Sem função
287044,Ativo,PROFESSOR DO MAGISTERIO SUPERIOR,Sem função
1126171,Ativo,ENFERMEIRO-AREA,Sem função
967915,Ativo,ASSISTENTE EM ADMINISTRACAO,Sem função
967915,Ativo,Sem informaç,FG 000.1
2281667,Aposentado,PROFESSOR DO MAGISTERIO SUPERIOR,Sem função
3293891,Pensionista,PROFESSOR DO MAGISTERIO SUPERIOR,Sem função
1467106,Ativo,AUXILIAR DE ENFERMAGEM,Sem função
82078,Ativo,PROFESSOR DO MAGISTERIO SUPERIOR,Sem função
2663651,Pensionista,ASSISTENTE EM ADMINISTRACAO,Sem função
970788,Pensionista,OPERADOR DE CAMERA DE CINEMA E TV,Sem função
1439458,Ativo,MEDICO RESIDENTE,Sem função
2943700,Ativo,ASSISTENTE EM ADMINISTRACAO,Sem função
1815545,Ativo,PROFESSOR DO MAGISTERIO SUPERIOR,Sem função
2929123,Ativo,JORNALISTA,Sem função
2542331,Pensionista,ASSISTENTE EM ADMINISTRACAO,Sem função
393737,Ativo,PROFESSOR DO MAGISTERIO SUPERIOR,Sem função
1330566,Ativo,PROFESSOR DO MAGISTERIO SUPERIOR,Sem função
1213329,Ativo,PROFESSOR DO MAGISTERIO SUPERIOR,Sem função
2631255,Pensionista,AUXILIAR DE ENFERMAGEM,Sem função
2272257,Ativo,PROFESSOR DO MAGISTERIO SUPERIOR,Sem função
150660,Aposentado,MEDICO VETERINARIO,Sem função
2843515,Ativo,PROFESSOR DO MAGISTERIO SUPERIOR,Sem função
1735971,Pensionista,PROFESSOR DO MAGISTERIO SUPERIOR,Sem função
1735971,Pensionista,PROFESSOR DO MAGISTERIO SUPERIOR,Sem função
3529793,Ativo,PROFESSOR ENS BASICO TECN TECNOLOGICO,Sem função
1716005,Ativo,PROFESSOR DO MAGISTERIO SUPERIOR,Sem função
2245869,Ativo,PROFESSOR DO MAGISTERIO SUPERIOR,Sem função
896882,Pensionista,RECEPCIONISTA,Sem função
1765881,Ativo,ASSISTENTE EM ADMINISTRACAO,Sem função
1765881,Ativo,Sem informaç,CCX 010.2
347733,Ativo,PROFESSOR DO MAGISTERIO SUPERIOR,Sem função
347733,Ativo,Sem informaç,FUC 000.1
50106,Ativo,ENFERMEIRO-AREA,Sem função
3189959,Ativo,PROFESSOR DO MAGISTERIO SUPERIOR,Sem função
245925,Ativo,ENFERMEIRO-AREA,Sem função
3363376,Pensionista,RECEPCIONISTA,Sem função
1044109,Ativo,AUXILIAR DE ENFERMAGEM,Sem função
3311337,Ativo,PROF ENS BAS TEC TECNOLOGICO-SUBSTITUTO,Sem função
1361061,Ativo,MEDICO-AREA,Sem função
3279659,Ativo,TECNICO DE LABORATORIO AREA,Sem função
3858185,Ativo,MEDICO RESIDENTE,Sem função
3153698,Ativo,TECNICO EM EDIFICACOES,Sem função
3153698,Ativo,Sem informaç,FG 000.3
426671,Ativo,PROFESSOR DO MAGISTERIO SUPERIOR,Sem função
1444850,Ativo,PROFESSOR DO MAGISTERIO SUPERIOR,Sem função
1444850,Ativo,Sem informaç,CD 000.4
165737,Aposentado,PROFESSOR DO MAGISTERIO SUPERIOR,Sem função
1271385,Ativo,PROFESSOR DO MAGISTERIO SUPERIOR,Sem função
1271385,Ativo,Sem informaç,FG 000.1
3241291,Ativo,PROFESSOR DO MAGISTERIO SUPERIOR,Sem função
3149950,Ativo,TECNICO DE LABORATORIO AREA,Sem função
1688479,Ativo,PROFESSOR DO MAGISTERIO SUPERIOR,Sem função
1688479,Ativo,Sem informaç,FUC 000.1
2767594,Ativo,MEDICO-AREA,Sem função
1386672,Ativo,ASSISTENTE EM ADMINISTRACAO,Sem função
851208,Ativo,SECRETARIO EXECUTIVO,Sem função
1240606,Ativo,ASSISTENTE EM ADMINISTRACAO,Sem função
86143,Ativo,TEC EM ANATOMIA E NECROPSIA,Sem função
3126990,Ativo,ASSISTENTE EM ADMINISTRACAO,Sem função
3229423,Ativo,PROFESSOR DO MAGISTERIO SUPERIOR,Sem função
3229423,Ativo,Sem informaç,FUC 000.1
1233764,Ativo,PROFESSOR DO MAGISTERIO SUPERIOR,Sem função
1233764,Ativo,Sem informaç,FUC 000.1
369890,Aposentado,PROFESSOR DO MAGISTERIO SUPERIOR,Sem função
197775,Pensionista,VIGILANTE,Sem função
245559,Ativo,ASSISTENTE EM ADMINISTRACAO,Sem função
245559,Ativo,Sem informaç,FG 000.2
723393,Aposentado,MEDICO-AREA,Sem função
3791949,Ativo,ASSISTENTE EM ADMINISTRACAO,Sem função
660056,Ativo,ASSISTENTE EM ADMINISTRACAO,Sem função
660056,Ativo,Sem informaç,FG 000.1
1004518,Ativo,PROFESSOR MAGISTERIO SUPERIOR-SUBSTITUTO,Sem função
1976703,Ativo,PROFESSOR DO MAGISTERIO SUPERIOR,Sem função
1947467,Ativo,TECNICO EM RADIOLOGIA,Sem função
1714146,Ativo,PROFESSOR DO MAGISTERIO SUPERIOR,Sem função
93686,Ativo,ASSISTENTE EM ADMINISTRACAO,Sem função
1890387,Aposentado,PROFESSOR DO MAGISTERIO SUPERIOR,Sem função
3320577,Ativo,BIBLIOTECARIO-DOCUMENTALISTA,Sem função
3529119,Aposentado,VIGILANTE,Sem função
360877,Ativo,PROFESSOR DO MAGISTERIO SUPERIOR,Sem função
360877,Ativo,Sem informaç,CD 000.3
61075,Ativo,ASSISTENTE EM ADMINISTRACAO,Sem função
398864,Ativo,SERVENTE DE LIMPEZA,Sem função
1490314,Ativo,AUXILIAR DE ENFERMAGEM,Sem função
1130191,Aposentado,ATENDENTE DE ENFERMAGEM,Sem função
33141,Aposentado,ASSISTENTE DE LABORATORIO,Sem função
2381560,Ativo,QUIMICO,Sem função
1109048,Ativo,PROFESSOR DO MAGISTERIO SUPERIOR,Sem função
635429,Aposentado,MOTORISTA,Sem função
1149252,Ativo,PROFESSOR MAGISTERIO SUPERIOR-SUBSTITUTO,Sem função
806489,Pensionista,CONTINUO,Sem função
1821121,Aposentado,ASSISTENTE DE LABORATORIO,Sem função
3555542,Pensionista,TECNICO EM CONTABILIDADE,Sem função
2590321,Aposentado,PROFESSOR DO MAGISTERIO SUPERIOR,Sem função
1993503,Aposentado,PROFESSOR DO MAGISTERIO SUPERIOR,Sem função
984363,Ativo,AUXILIAR DE ENFERMAGEM,Sem função
2128215,Ativo,AUX EM ADMINISTRACAO,Sem função
1423773,Aposentado,PROFESSOR DO MAGISTERIO SUPERIOR,Sem função
1423773,Pensionista,PROFESSOR DO MAGISTERIO SUPERIOR,Sem função
2204258,Ativo,PROFESSOR DO MAGISTERIO SUPERIOR,Sem função
2204258,Ativo,Sem informaç,FUC 000.1
1844773,Pensionista,PROFESSOR DO MAGISTERIO SUPERIOR,Sem função
1058987,Aposentado,AUXILIAR DE ENFERMAGEM,Sem função
2579400,Pensionista,TECNICO DE LABORATORIO AREA,Sem função
2162004,Aposentado,ENFERMEIRO-AREA,Sem função
3547405,Aposentado,AUXILIAR DE LABORATORIO,Sem função
3090479,Ativo,TECNICO DE LABORATORIO AREA,Sem função
1941890,Ativo,FARMACEUTICO-HABILITACAO,Sem função
1662792,Ativo,PROFESSOR DO MAGISTERIO SUPERIOR,Sem função
563825,Ativo,PROFESSOR MAGISTERIO SUPERIOR-SUBSTITUTO,Sem função
1219111,Ativo,ASSISTENTE EM ADMINISTRACAO,Sem função
1219111,Ativo,Sem informaç,FG 000.2
1993491,Ativo,MEDICO RESIDENTE,Sem função
2356244,Ativo,TECNICO EM ENFERMAGEM,Sem função
3233063,Ativo,PROFESSOR DO MAGISTERIO SUPERIOR,Sem função
3628118,Ativo,ADMINISTRADOR,Sem função
3768420,Pensionista,PROFESSOR DO MAGISTERIO SUPERIOR,Sem função
1927682,Pensionista,TECNICO EM RADIOLOGIA,Sem função
3791032,Aposentado,ASSISTENTE EM ADMINISTRACAO,Sem função
2938850,Ativo,PEDAGOGO-AREA,Sem função
3124845,Ativo,ASSISTENTE SOCIAL,Sem função
1320836,Ativo,TECNICO EM ENFERMAGEM,Sem função
948657,Pensionista,TECNICO EM ENFERMAGEM,Sem função
824318,Pensionista,PROFESSOR DO MAGISTERIO SUPERIOR,Sem função
446407,Ativo,AUXILIAR DE ENFERMAGEM,Sem função
3467822,Pensionista,TECNICO DE LABORATORIO AREA,Sem função
471135,Ativo,PROFESSOR DO MAGISTERIO SUPERIOR,Sem função
471135,Ativo,Sem informaç,FUC 000.1
369929,Aposentado,AUX EM ADMINISTRACAO,Sem função
1730554,Aposentado,PROFESSOR DO MAGISTERIO SUPERIOR,Sem função
1730554,Pensionista,PROFESSOR DO MAGISTERIO SUPERIOR,Sem função
2371245,Aposentado,SECRETARIO EXECUTIVO,Sem função
753611,Aposentado,VIGILANTE,Sem função
3509270,Aposentado,TECNICO DE LABORATORIO AREA,Sem função
2460284,Ativo,TECNICO DE LABORATORIO AREA,Sem função
2128089,Aposentado,AUX EM ADMINISTRACAO,Sem função
445174,Ativo,TRADUTOR INTERPRETE DE LINGUAGEM SINAIS,Sem função
436699,Ativo,AUXILIAR DE ENFERMAGEM,Sem função
797605,Pensionista,RECEPCIONISTA,Sem função
2536776,Ativo,ASSISTENTE EM ADMINISTRACAO,Sem função
2393559,Aposentado,ASSISTENTE EM ADMINISTRACAO,Sem função
2318346,Ativo,TECNICO EM ASSUNTOS EDUCACIONAIS,Sem função
2410112,Ativo,VIGILANTE,Sem função
2206791,Aposentado,PROFESSOR DO MAGISTERIO SUPERIOR,Sem função
1740732,Ativo,ASSISTENTE EM ADMINISTRACAO,Sem função
954693,Ativo,VIGILANTE,Sem função
1598735,Aposentado,AUXILIAR DE ENFERMAGEM,Sem função
850725,Ativo,ADMINISTRADOR,Sem função
850725,Ativo,Sem informaç,GF 002.7
212924,Ativo,PROFESSOR DO MAGISTERIO SUPERIOR,Sem função
3278166,Ativo,VIGILANTE,Sem função
1117198,Ativo,ENGENHEIRO-AREA,Sem função
2841380,Ativo,ASSISTENTE EM ADMINISTRACAO,Sem função
3358779,Aposentado,PROFESSOR DO MAGISTERIO SUPERIOR,Sem função
2333255,Aposentado,ASSISTENTE EM ADMINISTRACAO,Sem função
1281687,Ativo,PROFESSOR DO MAGISTERIO SUPERIOR,Sem função
2790412,Ativo,TECNICO DE LABORATORIO AREA,Sem função
70488,Aposentado,VIGILANTE,Sem função
2717044,Aposentado,PROFESSOR DO MAGISTERIO SUPERIOR,Sem função
1610337,Aposentado,TECNICO DE LABORATORIO AREA,Sem função
1366833,Aposentado,AUX EM ADMINISTRACAO,Sem função
2325233,Pensionista,CONTADOR,Sem função
2789314,Ativo,COPEIRO,Sem função
951631,Ativo,PROFESSOR DO MAGISTERIO SUPERIOR,Sem função
974203,Ativo,PROFESSOR DO MAGISTERIO SUPERIOR,Sem função
1266966,Ativo,PROFESSOR MAGISTERIO SUPERIOR-SUBSTITUTO,Sem função
3187952,Ativo,AUXILIAR DE ENFERMAGEM,Sem função
1278852,Ativo,AUXILIAR DE ENFERMAGEM,Sem função
543503,Ativo,VIGILANTE,Sem função
2576505,Pensionista,MOTORISTA,Sem função
1350472,Aposentado,ASSISTENTE EM ADMINISTRACAO,Sem função
1998743,Ativo,TECNICO EM ENFERMAGEM,Sem função
1978795,Aposentado,AUX EM ADMINISTRACAO,Sem função
2689129,Aposentado,PROFESSOR DO MAGISTERIO SUPERIOR,Sem função
1561393,Aposentado,PROFESSOR DO MAGISTERIO SUPERIOR,Sem função
3543561,Pensionista,ASSISTENTE EM ADMINISTRACAO,Sem função
3651985,Aposentado,SECRETARIO EXECUTIVO,Sem função
3292790,Pensionista,ASSISTENTE EM ADMINISTRACAO,Sem função
145760,Aposentado,VIGILANTE,Sem função
1461990,Ativo,PROFESSOR DO MAGISTERIO SUPERIOR,Sem função
3596867,Pensionista,PROFESSOR DO MAGISTERIO SUPERIOR,Sem função
1888335,Ativo,TECNICO EM RADIOLOGIA,Sem função
554996,Aposentado,AUXILIAR DE LABORATORIO,Sem função
2967561,Aposentado,PROFESSOR DO MAGISTERIO SUPERIOR,Sem função
3656578,Pensionista,TECNICO DE LABORATORIO AREA,Sem função
2450423,Aposentado,PROFESSOR ENS BASICO TECN TECNOLOGICO,Sem função
2014535,Aposentado,ASSISTENTE EM ADMINISTRACAO,Sem função
2560400,Ativo,ASSISTENTE EM ADMINISTRACAO,Sem função
2560400,Ativo,Inválido,Sem função
352624,Ativo,ASSISTENTE EM ADMINISTRACAO,Sem função
2448069,Ativo,COPEIRO,Sem função
2912480,Ativo,TECNICO EM ENFERMAGEM,Sem função
3613313,Aposentado,ENFERMEIRO-AREA,Sem função
3851370,Ativo,ASSISTENTE EM ADMINISTRACAO,Sem função
2573289,Pensionista,SERVENTE DE LIMPEZA,Sem função
1183156,Ativo,TECNICO EM ASSUNTOS EDUCACIONAIS,Sem função
402521,Ativo,TECNICO EM ENFERMAGEM,Sem função
1056782,Aposentado,ASSISTENTE EM ADMINISTRACAO,Sem função
1507855,Aposentado,AUXILIAR DE ENFERMAGEM,Sem função
1170895,Ativo,ASSISTENTE SOCIAL,Sem função
2434695,Pensionista,RECEPCIONISTA,Sem função
3753793,Ativo,AUXILIAR DE ENFERMAGEM,Sem função
1203215,Aposentado,MARCENEIRO,Sem função
1163484,Ativo,TECNICO EM RADIOLOGIA,Sem função
319790,Aposentado,PROFESSOR DO MAGISTERIO SUPERIOR,Sem função
2325756,Ativo,VIGILANTE,Sem função
3304710,Aposentado,AUXILIAR DE ENFERMAGEM,Sem função
1792941,Ativo,VIGILANTE,Sem função
480759,Ativo,PROFESSOR DO MAGISTERIO SUPERIOR,Sem função
223226,Ativo,PROFESSOR DO MAGISTERIO SUPERIOR,Sem função
1966642,Ativo,TECNICO EM CONTABILIDADE,Sem função
2419995,Ativo,MEDICO RESIDENTE,Sem função
45747,Ativo,ASSISTENTE SOCIAL,Sem função
3522425,Ativo,BIOMEDICO,Sem função
3522425,Ativo,TECNICO DE LABORATORIO AREA,Sem função
2685273,Aposentado,DIRETOR DE PRODUCAO,Sem função
2757902,Ativo,ASSISTENTE EM ADMINISTRACAO,Sem função
2392228,Ativo,TECNICO EM ASSUNTOS EDUCACIONAIS,Sem função
1321158,Ativo,AUX EM ADMINISTRACAO,Sem função
48959,Ativo,PSICOLOGO-AREA,Sem função
48959,Ativo,Sem informaç,FG 000.1
2824705,Ativo,PROFESSOR DO MAGISTERIO SUPERIOR,Sem função
273380,Ativo,ASSISTENTE EM ADMINISTRACAO,Sem função
85852,Ativo,PROFESSOR DO MAGISTERIO SUPERIOR,Sem função
3686380,Ativo,PROFESSOR DO MAGISTERIO SUPERIOR,Sem função
3434273,Ativo,MEDICO RESIDENTE,Sem função
2921622,Ativo,PROFESSOR DO MAGISTERIO SUPERIOR,Sem função
3860655,Ativo,MEDICO RESIDENTE,Sem função
530724,Ativo,CONTADOR,Sem função
402675,Ativo,PROFESSOR DO MAGISTERIO SUPERIOR,Sem função
277546,Pensionista,TECNICO EM ASSUNTOS EDUCACIONAIS,Sem função
424906,Ativo,ASSISTENTE EM ADMINISTRACAO,Sem função
2444276,Ativo,TECNICO DE LABORATORIO AREA,Sem função
442069,Aposentado,PROFESSOR DO MAGISTERIO SUPERIOR,Sem função
18377,Ativo,ASSISTENTE EM ADMINISTRACAO,Sem função
3330252,Ativo,PROFESSOR DO MAGISTERIO SUPERIOR,Sem função
3330252,Ativo,Sem informaç,CD 000.4
37059,Ativo,PROFESSOR DO MAGISTERIO SUPERIOR,Sem função
3021260,Ativo,PROFESSOR DO MAGISTERIO SUPERIOR,Sem função
2807647,Ativo,PROFESSOR DO MAGISTERIO SUPERIOR,Sem função
294671,Ativo,ADMINISTRADOR DE EDIFICIOS,Sem função
1590079,Ativo,PROFESSOR DO MAGISTERIO SUPERIOR,Sem função
76120,Ativo,PROFESSOR DO MAGISTERIO SUPERIOR,Sem função
521749,Ativo,PROFESSOR DO MAGISTERIO SUPERIOR,Sem função
2231937,Ativo,PROFESSOR DO MAGISTERIO SUPERIOR,Sem função
3720444,Ativo,PROFESSOR DO MAGISTERIO SUPERIOR,Sem função
3720444,Ativo,Sem informaç,FUC 000.1
669299,Aposentado,PROFESSOR DO MAGISTERIO SUPERIOR,Sem função
3225901,Ativo,MEDICO-AREA,Sem função
3225901,Ativo,Sem informaç,FG 000.1
2089360,Ativo,ASSISTENTE EM ADMINISTRACAO,Sem função
3771,Ativo,PSICOLOGO-AREA,Sem função
2846499,Ativo,ASSISTENTE EM ADMINISTRACAO,Sem função
984114,Ativo,PROFESSOR DO MAGISTERIO SUPERIOR,Sem função
2067799,Pensionista,ASSISTENTE EM ADMINISTRACAO,Sem função
2681758,Ativo,PROFESSOR DO MAGISTERIO SUPERIOR,Sem função
2357309,Ativo,PROFESSOR DO MAGISTERIO SUPERIOR,Sem função
3263152,Ativo,PROFESSOR DO MAGISTERIO SUPERIOR,Sem função
3140055,Ativo,PROFESSOR DO MAGISTERIO SUPERIOR,Sem função
42429,Ativo,SERVENTE DE LIMPEZA,Sem função
2917287,Ativo,PROFESSOR DO MAGISTERIO SUPERIOR,Sem função
2917287,Ativo,Sem informaç,FUC 000.1
3751575,Ativo,TECNICO EM SOM,Sem função
338658,Ativo,PROFESSOR DO MAGISTERIO SUPERIOR,Sem função
393688,Ativo,ASSISTENTE EM ADMINISTRACAO,Sem função
2893762,Ativo,PROFESSOR DO MAGISTERIO SUPERIOR,Sem função
1728223,Pensionista,FISIOTERAPEUTA,Sem função
2480410,Ativo,ANALISTA DE TEC DA INFORMACAO,Sem função
1615516,Ativo,PROFESSOR DO MAGISTERIO SUPERIOR,Sem função
2313118,Ativo,VIGILANTE,Sem função
2319152,Aposentado,AUX EM ADMINISTRACAO,Sem função
29927,Ativo,PROFESSOR DO MAGISTERIO SUPERIOR,Sem função
1176893,Ativo,PROFESSOR DO MAGISTERIO SUPERIOR,Sem função
494437,Aposentado,ASSISTENTE EM ADMINISTRACAO,Sem função
1548563,Ativo,ADMINISTRADOR,Sem função
824705,Aposentado,TEC DE TECNOLOGIA DA INFORMACAO,Sem função
384598,Ativo,ASSISTENTE EM ADMINISTRACAO,Sem função
3045143,Ativo,ASSISTENTE EM ADMINISTRACAO,Sem função
1970865,Ativo,PROFESSOR DO MAGISTERIO SUPERIOR,Sem função
690984,Aposentado,PROFESSOR DO MAGISTERIO SUPERIOR,Sem função
2059362,Ativo,PROFESSOR DO MAGISTERIO SUPERIOR,Sem função
1421202,Ativo,PROFESSOR DO MAGISTERIO SUPERIOR,Sem função
2279755,Ativo,TECNICO DE LABORATORIO AREA,Sem função
2252358,Ativo,PROFESSOR DO MAGISTERIO SUPERIOR,Sem função
1276625,Ativo,PROFESSOR DO MAGISTERIO SUPERIOR,Sem função
344625,Aposentado,PROFESSOR DO MAGISTERIO SUPERIOR,Sem função
2127773,Ativo,PROFESSOR DO MAGISTERIO SUPERIOR,Sem função
3861337,Ativo,ASSISTENTE EM ADMINISTRACAO,Sem função
1792838,Ativo,PROFESSOR DO MAGISTERIO SUPERIOR,Sem função
1649916,Ativo,PROFESSOR DO MAGISTERIO SUPERIOR,Sem função
3192872,Ativo,BIBLIOTECARIO-DOCUMENTALISTA,Sem função
2378625,Ativo,AUX EM ADMINISTRACAO,Sem função
44121,Ativo,PROFESSOR DO MAGISTERIO SUPERIOR,Sem função
879965,Aposentado,VIGILANTE,Sem função
804676,Aposentado,BIBLIOTECARIO-DOCUMENTALISTA,Sem função
241875,Aposentado,PROFESSOR DO MAGISTERIO SUPERIOR,Sem função
1147060,Ativo,EDITOR DE IMAGENS,Sem função
2131095,Ativo,PROFESSOR DO MAGISTERIO SUPERIOR,Sem função
1091493,Ativo,TEC EM SEGURANCA DO TRABALHO,Sem função
3770836,Pensionista,TEC DE TECNOLOGIA DA INFORMACAO,Sem função
1256012,Ativo,AUXILIAR DE ENFERMAGEM,Sem função
2162291,Pensionista,VIGILANTE,Sem função
2267484,Ativo,PEDAGOGO-AREA,Sem função
1430053,Ativo,SECRETARIO EXECUTIVO,Sem função
355085,Ativo,TEC EM ANATOMIA E NECROPSIA,Sem função
1940282,Ativo,PROFESSOR DO MAGISTERIO SUPERIOR,Sem função
1228523,Ativo,PROFESSOR DO MAGISTERIO SUPERIOR,Sem função
324712,Ativo,FARMACEUTICO-HABILITACAO,Sem função
267036,Ativo,ASSISTENTE EM ADMINISTRACAO,Sem função
1777153,Ativo,PROFESSOR DO MAGISTERIO SUPERIOR,Sem função
1619109,Aposentado,PROFESSOR DO MAGISTERIO SUPERIOR,Sem função
783341,Aposentado,PROFESSOR DO MAGISTERIO SUPERIOR,Sem função
1305183,Aposentado,PROFESSOR DO MAGISTERIO SUPERIOR,Sem função
3764120,Aposentado,PROFESSOR DO MAGISTERIO SUPERIOR,Sem função
1654435,Ativo,PROFESSOR DO MAGISTERIO SUPERIOR,Sem função
1698127,Aposentado,PROFESSOR DO MAGISTERIO SUPERIOR,Sem função
557180,Aposentado,ASSISTENTE EM ADMINISTRACAO,Sem função
2105256,Ativo,PROFESSOR DO MAGISTERIO SUPERIOR,Sem função
2105256,Ativo,Sem informaç,CD 000.1
2319242,Ativo,PROFESSOR ENS BASICO TECN TECNOLOGICO,Sem função
2290851,Aposentado,PROFESSOR DO MAGISTERIO SUPERIOR,Sem função
3141495,Aposentado,PROFESSOR DO MAGISTERIO SUPERIOR,Sem função
1188295,Ativo,PROFESSOR DO MAGISTERIO SUPERIOR,Sem função
2248347,Ativo,TECNICO EM CONTABILIDADE,Sem função
3230782,Ativo,ARQUEOLOGO,Sem função
981588,Pensionista,PROFESSOR DO MAGISTERIO SUPERIOR,Sem função
12247,Ativo,PROFESSOR DO MAGISTERIO SUPERIOR,Sem função
880762,Aposentado,ODONTOLOGO - 30 HORAS - DL 1445-76,Sem função
1104144,Pensionista,RECEPCIONISTA,Sem função
633433,Aposentado,BIBLIOTECARIO-DOCUMENTALISTA,Sem função
1173681,Ativo,PROFESSOR DO MAGISTERIO SUPERIOR,Sem função
1173681,Ativo,Sem informaç,FUC 000.1
1909346,Aposentado,TECNICO EM ASSUNTOS EDUCACIONAIS,Sem função
1608954,Ativo,PROFESSOR DO MAGISTERIO SUPERIOR,Sem função
235079,Ativo,MEDICO-AREA,Sem função
1706154,Pensionista,ASSISTENTE EM ADMINISTRACAO,Sem função
2881857,Aposentado,AUXILIAR DE ENFERMAGEM,Sem função
371469,Pensionista,OPERADOR DE CALDEIRA,Sem função
439904,Aposentado,PROFESSOR DO MAGISTERIO SUPERIOR,Sem função
3058165,Ativo,ASSISTENTE EM ADMINISTRACAO,Sem função
2338409,Ativo,PROFESSOR DO MAGISTERIO SUPERIOR,Sem função
2359650,Ativo,ASSISTENTE EM ADMINISTRACAO,Sem função
3404577,Aposentado,PROFESSOR DO MAGISTERIO SUPERIOR,Sem função
2834334,Aposentado,AUX EM ADMINISTRACAO,Sem função
779928,Aposentado,BIOLOGO,Sem função
2721681,Ativo,MEDICO-AREA,Sem função
381694,Ativo,PROFESSOR DO MAGISTERIO SUPERIOR,Sem função
1746540,Ativo,TECNICO EM ASSUNTOS EDUCACIONAIS,Sem função
3588963,Pensionista,RECEPCIONISTA,Sem função
1137683,Ativo,PROFESSOR DO MAGISTERIO SUPERIOR,Sem função
138068,Ativo,AUX EM ADMINISTRACAO,Sem função
1357644,Ativo,FONOAUDIOLOGO,Sem função
1058535,Ativo,AUX EM ADMINISTRACAO,Sem função
2383601,Ativo,AUXILIAR DE ENFERMAGEM,Sem função
2935635,Ativo,NUTRICIONISTA-HABILITACAO,Sem função
2001549,Ativo,MEDICO RESIDENTE,Sem função
329889,Ativo,PROFESSOR DO MAGISTERIO SUPERIOR,Sem função
827050,Pensionista,CONTRAMESTRE-OFICIO,Sem função
3395534,Ativo,PROFESSOR DO MAGISTERIO SUPERIOR,Sem função
2488321,Aposentado,TECNICO EM ENFERMAGEM,Sem função
2310470,Ativo,AUXILIAR DE LABORATORIO,Sem função
2107361,Ativo,PROFESSOR MAGISTERIO SUPERIOR-SUBSTITUTO,Sem função
2571770,Pensionista,PROFESSOR 3 GRAU,Sem função
3799245,Ativo,TEC DE TECNOLOGIA DA INFORMACAO,Sem função
2474945,Ativo,PROFESSOR MAGISTERIO SUPERIOR-SUBSTITUTO,Sem função
3514335,Ativo,PROFESSOR MAGISTERIO SUPERIOR-SUBSTITUTO,Sem função
1555434,Ativo,FISICO,Sem função
249620,Ativo,TECNICO DE LABORATORIO AREA,Sem função
3459276,Ativo,MEDICO RESIDENTE,Sem função
2192471,Ativo,PROFESSOR MAGISTERIO SUPERIOR-SUBSTITUTO,Sem função
1945437,Ativo,TECNICO DE LABORATORIO AREA,Sem função
2939316,Ativo,JORNALISTA,Sem função
2088067,Ativo,MEDICO RESIDENTE,Sem função
1924918,Ativo,PROFESSOR DO MAGISTERIO SUPERIOR,Sem função
1303123,Ativo,PROFESSOR MAGISTERIO SUPERIOR-SUBSTITUTO,Sem função
2706200,Ativo,MEDICO-AREA,Sem função
1226132,Ativo,ENFERMEIRO-AREA,Sem função
2495513,Ativo,MEDICO RESIDENTE,Sem função
552175,Ativo,PROFESSOR DO MAGISTERIO SUPERIOR,Sem função
2762538,Pensionista,PROFESSOR DO MAGISTERIO SUPERIOR,Sem função
2518458,Ativo,PROFESSOR DO MAGISTERIO SUPERIOR,Sem função
2809083,Ativo,MESTRE DE EDIF E INFRAESTRUTURA,Sem função
388058,Ativo,VIGILANTE,Sem função
3856825,Ativo,TEC DE TECNOLOGIA DA INFORMACAO,Sem função
2112775,Ativo,VIGILANTE,Sem função
2870923,Ativo,ANALISTA DE TEC DA INFORMACAO,Sem função
2870923,Ativo,Sem informaç,CD 000.4
375199,Aposentado,EDITOR DE IMAGENS,Sem função
197072,Pensionista,PROFESSOR DO MAGISTERIO SUPERIOR,Sem função
197072,Pensionista,PROFESSOR DO MAGISTERIO SUPERIOR,Sem função
2315509,Ativo,PROFESSOR DO MAGISTERIO SUPERIOR,Sem função
3614566,Aposentado,AUX EM ADMINISTRACAO,Sem função
1516440,Ativo,VIGILANTE,Sem função
1917721,Aposentado,AUXILIAR DE ENFERMAGEM,Sem função
1917721,Pensionista,ARMAZENISTA,Sem função
1822151,Aposentado,FARMACEUTICO-HABILITACAO,Sem função
3860963,Ativo,TECNICO EM CONTABILIDADE,Sem função
966140,Ativo,ENGENHEIRO-AREA,Sem função
966140,Ativo,Sem informaç,CD 000.4
3547638,Pensionista,RECEPCIONISTA,Sem função
1336980,Ativo,MEDICO-AREA,Sem função
636087,Aposentado,VIGILANTE,Sem função
183705,Aposentado,PROFESSOR DO MAGISTERIO SUPERIOR,Sem função
1305642,Ativo,PROFESSOR DO MAGISTERIO SUPERIOR,Sem função
2477412,Aposentado,EDITOR DE IMAGENS,Sem função
226184,Ativo,MECANICO,Sem função
1902247,Aposentado,PROFESSOR DO MAGISTERIO SUPERIOR,Sem função
557423,Aposentado,CONTINUO,Sem função
1346583,Aposentado,PROFESSOR DO MAGISTERIO SUPERIOR,Sem função
407149,Ativo,PROFESSOR DO MAGISTERIO SUPERIOR,Sem função
57078,Ativo,ASSISTENTE DE LABORATORIO,Sem função
2275861,Ativo,TECNICO EM REFRIGERACAO,Sem função
1993667,Aposentado,PROFESSOR DO MAGISTERIO SUPERIOR,Sem função
1120403,Aposentado,PROFESSOR DO MAGISTERIO SUPERIOR,Sem função
2911805,Ativo,TRADUTOR INTERPRETE DE LINGUAGEM SINAIS,Sem função
296617,Ativo,TEC EM TELECOMUNICACAO,Sem função
296617,Ativo,Sem informaç,FG 000.1
67201,Ativo,MEDICO-AREA,Sem função
2344731,Ativo,ASSISTENTE EM ADMINISTRACAO,Sem função
2218784,Ativo,PROFESSOR DO MAGISTERIO SUPERIOR,Sem função
1153317,Pensionista,TERAPEUTA OCUPACIONAL,Sem função
1122660,Ativo,AUXILIAR DE ENFERMAGEM,Sem função
3799069,Pensionista,ASSISTENTE EM ADMINISTRACAO,Sem função
61936,Ativo,TECNICO EM CONTABILIDADE,Sem função
917249,Ativo,TECNICO EM ARTES GRAFICAS,Sem função
1011514,Ativo,PROFESSOR MAGISTERIO SUPERIOR-SUBSTITUTO,Sem função
1011514,Ativo,TECNICO DE LABORATORIO AREA,Sem função
2912831,Ativo,CONTADOR,Sem função
2912831,Ativo,Inválido,Sem função
3606006,Pensionista,TECNICO DE LABORATORIO AREA,Sem função
3423050,Aposentado,TECNICO EM CONTABILIDADE,Sem função
118725,Aposentado,PROFESSOR DO MAGISTERIO SUPERIOR,Sem função
3547131,Aposentado,ASSISTENTE DE ALUNO,Sem função
1714488,Pensionista,OPERADOR DE CAMERA DE CINEMA E TV,Sem função
1616308,Ativo,PROFESSOR DO MAGISTERIO SUPERIOR,Sem função
3601930,Ativo,PROFESSOR MAGISTERIO SUPERIOR-SUBSTITUTO,Sem função
212704,Ativo,PROFESSOR MAGISTERIO SUPERIOR-SUBSTITUTO,Sem função
1321231,Ativo,AUX EM ADMINISTRACAO,Sem função
1233372,Ativo,TECNICO EM CONTABILIDADE,Sem função
2029817,Ativo,BIBLIOTECARIO-DOCUMENTALISTA,Sem função
2029817,Ativo,Sem informaç,FG 000.1
1857229,Ativo,PROFESSOR DO MAGISTERIO SUPERIOR,Sem função
645087,Ativo,PROFESSOR DO MAGISTERIO SUPERIOR,Sem função
494720,Ativo,ASSISTENTE EM ADMINISTRACAO,Sem função
3124932,Ativo,MEDICO RESIDENTE,Sem função
2307953,Ativo,NUTRICIONISTA-HABILITACAO,Sem função
459641,Ativo,ARQUEOLOGO,Sem função
241285,Ativo,PROFESSOR DO MAGISTERIO SUPERIOR,Sem função
1504291,Ativo,MEDICO RESIDENTE,Sem função
2667637,Ativo,ASSISTENTE EM ADMINISTRACAO,Sem função
2398742,Ativo,ASSISTENTE EM ADMINISTRACAO,Sem função
1793134,Ativo,MEDICO RESIDENTE,Sem função
437182,Ativo,ENFERMEIRO-AREA,Sem função
1515768,Ativo,RESIDENCIA MULTIPROFISSIONAL,Sem função
3491268,Ativo,ASSISTENTE EM ADMINISTRACAO,Sem função
3441770,Ativo,ADMINISTRADOR DE EDIFICIOS,Sem função
2805554,Ativo,TECNICO DE LABORATORIO AREA,Sem função
1318677,Ativo,PROFESSOR DO MAGISTERIO SUPERIOR,Sem função
2438456,Ativo,ASSISTENTE EM ADMINISTRACAO,Sem função
2438456,Ativo,Sem informaç,FG 000.1
1231553,Ativo,PROFESSOR MAGISTERIO SUPERIOR-SUBSTITUTO,Sem função
2984004,Ativo,ASSISTENTE SOCIAL,Sem função
2693946,Ativo,AUX EM ADMINISTRACAO,Sem função
1640532,Ativo,PROFESSOR DO MAGISTERIO SUPERIOR,Sem função
1788411,Ativo,PROFESSOR MAGISTERIO SUPERIOR-SUBSTITUTO,Sem função
3852951,Ativo,MEDICO RESIDENTE,Sem função
2275819,Ativo,PROFESSOR DO MAGISTERIO SUPERIOR,Sem função
3030397,Ativo,MEDICO RESIDENTE,Sem função
1097412,Ativo,DIRETOR DE PRODUCAO,Sem função
3381656,Ativo,RESIDENCIA MULTIPROFISSIONAL,Sem função
1459767,Pensionista,AUX EM ADMINISTRACAO,Sem função
993362,Pensionista,AUX EM ADMINISTRACAO,Sem função
3543419,Aposentado,PROFESSOR DO MAGISTERIO SUPERIOR,Sem função
3733149,Aposentado,TECNICO EM QUIMICA,Sem função
1755287,Pensionista,VIGILANTE,Sem função
770079,Aposentado,ASSISTENTE EM ADMINISTRACAO,Sem função
3596433,Pensionista,TEC EM ANATOMIA E NECROPSIA,Sem função
3243507,Aposentado,BIBLIOTECARIO-DOCUMENTALISTA,Sem função
1723887,Aposentado,ASSISTENTE SOCIAL,Sem função
1714264,Aposentado,ASSISTENTE EM ADMINISTRACAO,Sem função
1788009,Aposentado,ASSISTENTE EM ADMINISTRACAO,Sem função
3465385,Aposentado,RECEPCIONISTA,Sem função
1410611,Ativo,VIGILANTE,Sem função
980702,Aposentado,PROFESSOR ENS BASICO TECN TECNOLOGICO,Sem função
1620645,Aposentado,EDITOR DE IMAGENS,Sem função
919907,Pensionista,AUXILIAR DE ENFERMAGEM,Sem função
948265,Aposentado,PROFESSOR DO MAGISTERIO SUPERIOR,Sem função
2173073,Aposentado,MOTORISTA,Sem função
3277972,Aposentado,PROFESSOR DO MAGISTERIO SUPERIOR,Sem função
2769186,Aposentado,MEDICO-AREA,Sem função
1744066,Aposentado,AUX EM ADMINISTRACAO,Sem função
2258631,Ativo,VIGILANTE,Sem função
222550,Aposentado,ASSISTENTE EM ADMINISTRACAO,Sem função
226871,Aposentado,MEDICO-AREA,Sem função
2569978,Pensionista,PROFESSOR DO MAGISTERIO SUPERIOR,Sem função
848494,Aposentado,PROFESSOR DO MAGISTERIO SUPERIOR,Sem função
848494,Pensionista,PROFESSOR DO MAGISTERIO SUPERIOR,Sem função
2107700,Pensionista,TECNICO EM RADIOLOGIA,Sem função
2581883,Pensionista,PROFESSOR DO MAGISTERIO SUPERIOR,Sem função
2581883,Pensionista,PROFESSOR DO MAGISTERIO SUPERIOR,Sem função
3627170,Pensionista,PROFESSOR DO MAGISTERIO SUPERIOR,Sem função
3627170,Pensionista,PROFESSOR DO MAGISTERIO SUPERIOR,Sem função
1707931,Ativo,ASSISTENTE EM ADMINISTRACAO,Sem função
1086410,Ativo,PROFESSOR DO MAGISTERIO SUPERIOR,Sem função
1086410,Ativo,Sem informaç,FUC 000.1
3673877,Aposentado,PROFESSOR DO MAGISTERIO SUPERIOR,Sem função
3902597,Ativo,RESIDENCIA MULTIPROFISSIONAL,Sem função
2964403,Ativo,PROFESSOR DO MAGISTERIO SUPERIOR,Sem função
805721,Aposentado,PROFESSOR DO MAGISTERIO SUPERIOR,Sem função
805721,Pensionista,PROFESSOR DO MAGISTERIO SUPERIOR,Sem função
805721,Pensionista,PROFESSOR DO MAGISTERIO SUPERIOR,Sem função
937530,Aposentado,PROFESSOR DO MAGISTERIO SUPERIOR,Sem função
3702225,Aposentado,PROFESSOR DO MAGISTERIO SUPERIOR,Sem função
3263278,Ativo,TERAPEUTA OCUPACIONAL,Sem função
1655729,Ativo,ASSISTENTE EM ADMINISTRACAO,Sem função
2840854,Ativo,TECNICO DE LABORATORIO AREA,Sem função
1869723,Ativo,PROFESSOR DO MAGISTERIO SUPERIOR,Sem função
3453104,Ativo,TEC EM SEGURANCA DO TRABALHO,Sem função
3453104,Ativo,Sem informaç,FG 000.3
1181909,Ativo,PROFESSOR DO MAGISTERIO SUPERIOR,Sem função
58642,Ativo,PROFESSOR MAGISTERIO SUPERIOR-SUBSTITUTO,Sem função
1325614,Ativo,PROFESSOR DO MAGISTERIO SUPERIOR,Sem função
1325614,Ativo,Sem informaç,FG 000.1
1144801,Pensionista,PROFESSOR DO MAGISTERIO SUPERIOR,Sem função
1024028,Ativo,PROFESSOR DO MAGISTERIO SUPERIOR,Sem função
94788,Aposentado,PROFESSOR DO MAGISTERIO SUPERIOR,Sem função
237545,Ativo,MEDICO RESIDENTE,Sem função
3244212,Ativo,ENFERMEIRO-AREA,Sem função
371915,Ativo,SECRETARIO EXECUTIVO,Sem função
995552,Ativo,ASSISTENTE EM ADMINISTRACAO,Sem função
919648,Ativo,ASSISTENTE EM ADMINISTRACAO,Sem função
1047456,Aposentado,PROFESSOR DO MAGISTERIO SUPERIOR,Sem função
3467982,Aposentado,MEDICO-AREA,Sem função
2700836,Aposentado,NUTRICIONISTA-HABILITACAO,Sem função
2337016,Ativo,PROFESSOR DO MAGISTERIO SUPERIOR,Sem função
2794457,Ativo,ENFERMEIRO-AREA,Sem função
2688163,Ativo,PROFESSOR DO MAGISTERIO SUPERIOR,Sem função
3857555,Ativo,MEDICO RESIDENTE,Sem função
2055559,Ativo,PROFESSOR DO MAGISTERIO SUPERIOR,Sem função
3338662,Ativo,PROFESSOR DO MAGISTERIO SUPERIOR,Sem função
39833,Ativo,PROFESSOR DO MAGISTERIO SUPERIOR,Sem função
2344815,Ativo,ARQUITETO E URBANISTA,Sem função
3095222,Ativo,PROFESSOR DO MAGISTERIO SUPERIOR,Sem função
777074,Ativo,PROFESSOR MAGISTERIO SUPERIOR-SUBSTITUTO,Sem função
1003531,Ativo,MEDICO-AREA,Sem função
413529,Ativo,PROFESSOR DO MAGISTERIO SUPERIOR,Sem função
2089076,Ativo,ASSISTENTE EM ADMINISTRACAO,Sem função
3324543,Ativo,PROFESSOR DO MAGISTERIO SUPERIOR,Sem função
1268368,Ativo,PROFESSOR DO MAGISTERIO SUPERIOR,Sem função
3068518,Ativo,BIBLIOTECARIO-DOCUMENTALISTA,Sem função
961660,Aposentado,PROFESSOR DO MAGISTERIO SUPERIOR,Sem função
328448,Ativo,JORNALISTA,Sem função
1567976,Ativo,PROFESSOR DO MAGISTERIO SUPERIOR,Sem função
1567976,Ativo,Sem informaç,FUC 000.1
2511521,Ativo,DIRETOR DE PROGRAMA,Sem função
3863986,Ativo,MEDICO RESIDENTE,Sem função
554497,Ativo,ASSISTENTE EM ADMINISTRACAO,Sem função
3237500,Ativo,ENFERMEIRO-AREA,Sem função
825077,Ativo,ASSISTENTE EM ADMINISTRACAO,Sem função
919399,Ativo,PROFESSOR DO MAGISTERIO SUPERIOR,Sem função
555121,Ativo,ASSISTENTE EM ADMINISTRACAO,Sem função
1306104,Ativo,PORTEIRO,Sem função
118014,Ativo,ASSISTENTE EM ADMINISTRACAO,Sem função
3680197,Ativo,PROFESSOR DO MAGISTERIO SUPERIOR,Sem função
3136116,Ativo,MUSEOLOGO,Sem função
1452793,Ativo,PROFESSOR DO MAGISTERIO SUPERIOR,Sem função
2645275,Pensionista,TECNICO DE LABORATORIO AREA,Sem função
2071622,Ativo,TECNICO EM ASSUNTOS EDUCACIONAIS,Sem função
1564676,Ativo,BIBLIOTECARIO-DOCUMENTALISTA,Sem função
2127885,Ativo,AUXILIAR DE ENFERMAGEM,Sem função
2077097,Ativo,PROFESSOR DO MAGISTERIO SUPERIOR,Sem função
3710577,Ativo,PROFESSOR DO MAGISTERIO SUPERIOR,Sem função
3710577,Ativo,Sem informaç,FUC 000.1
237285,Ativo,PROFESSOR DO MAGISTERIO SUPERIOR,Sem função
89870,Aposentado,PROFESSOR DO MAGISTERIO SUPERIOR,Sem função
379019,Ativo,ASSISTENTE EM ADMINISTRACAO,Sem função
379019,Ativo,Sem informaç,CD 000.4
1432130,Ativo,PROFESSOR DO MAGISTERIO SUPERIOR,Sem função
2711284,Ativo,TECNICO EM ENFERMAGEM,Sem função
234380,Ativo,PROFESSOR DO MAGISTERIO SUPERIOR,Sem função
535097,Ativo,PROFESSOR DO MAGISTERIO SUPERIOR,Sem função
535097,Aposentado,PROFESSOR DO MAGISTERIO SUPERIOR,Sem função
2201927,Ativo,VIGILANTE,Sem função
2201927,Pensionista,VIGILANTE,Sem função
1190018,Ativo,ASSISTENTE EM ADMINISTRACAO,Sem função
2089240,Ativo,TECNICO EM CONTABILIDADE,Sem função
2089240,Ativo,Sem informaç,FG 000.3
2082052,Ativo,PROFESSOR DO MAGISTERIO SUPERIOR,Sem função
1008602,Ativo,PROFESSOR DO MAGISTERIO SUPERIOR,Sem função
2880264,Ativo,PROFESSOR DO MAGISTERIO SUPERIOR,Sem função
3254151,Ativo,PROFESSOR DO MAGISTERIO SUPERIOR,Sem função
982133,Ativo,PROFESSOR DO MAGISTERIO SUPERIOR,Sem função
339854,Ativo,PROFESSOR DO MAGISTERIO SUPERIOR,Sem função
2018780,Aposentado,PROFESSOR DO MAGISTERIO SUPERIOR,Sem função
1602991,Ativo,AUXILIAR DE ENFERMAGEM,Sem função
3616000,Aposentado,PSICOLOGO-AREA,Sem função
3167288,Ativo,AUX EM ADMINISTRACAO,Sem função
3197351,Ativo,PROFESSOR DO MAGISTERIO SUPERIOR,Sem função
83103,Aposentado,ASSISTENTE EM ADMINISTRACAO,Sem função
3785869,Pensionista,ENCADERNADOR,Sem função
18555,Aposentado,FARMACEUTICO-HABILITACAO,Sem função
982903,Aposentado,BIOMEDICO,Sem função
193544,Aposentado,PROFESSOR DO MAGISTERIO SUPERIOR,Sem função
666117,Ativo,BIBLIOTECARIO-DOCUMENTALISTA,Sem função
514609,Aposentado,AUX EM ADMINISTRACAO,Sem função
744726,Aposentado,PROFESSOR DO MAGISTERIO SUPERIOR,Sem função
1365564,Ativo,MEDICO RESIDENTE,Sem função
1519724,Aposentado,ASSISTENTE EM ADMINISTRACAO,Sem função
3183512,Ativo,PROFESSOR DO MAGISTERIO SUPERIOR,Sem função
3183512,Ativo,Sem informaç,FUC 000.1
1154220,Ativo,PROFESSOR DO MAGISTERIO SUPERIOR,Sem função
120626,Aposentado,ASSISTENTE EM ADMINISTRACAO,Sem função
334327,Aposentado,MEDICO-AREA,Sem função
336952,Ativo,NUTRICIONISTA-HABILITACAO,Sem função
1071757,Aposentado,ASSISTENTE EM ADMINISTRACAO,Sem função
2774040,Aposentado,PROFESSOR DO MAGISTERIO SUPERIOR,Sem função
1031385,Ativo,ASSISTENTE EM ADMINISTRACAO,Sem função
1031385,Ativo,Sem informaç,CCX 010.1
632834,Aposentado,PROFESSOR DO MAGISTERIO SUPERIOR,Sem função
879710,Aposentado,SECRETARIO EXECUTIVO,Sem função
2939674,Ativo,PROFESSOR DO MAGISTERIO SUPERIOR,Sem função
158250,Aposentado,TECNICO EM ASSUNTOS EDUCACIONAIS,Sem função
158250,Pensionista,PROFESSOR ENS BASICO TECN TECNOLOGICO,Sem função
2370393,Ativo,TECNICO EM RADIOLOGIA,Sem função
1959039,Ativo,PROFESSOR DO MAGISTERIO SUPERIOR,Sem função
2178152,Ativo,MEDICO-AREA,Sem função
147962,Aposentado,PROFESSOR ENS BASICO TECN TECNOLOGICO,Sem função
2850471,Ativo,ASSISTENTE EM ADMINISTRACAO,Sem função
1682336,Ativo,ASSISTENTE DE LABORATORIO,Sem função
1607252,Pensionista,MESTRE DE EDIF E INFRAESTRUTURA,Sem função
2551631,Aposentado,AUXILIAR DE ENFERMAGEM,Sem função
1246900,Ativo,PROFESSOR DO MAGISTERIO SUPERIOR,Sem função
2173269,Pensionista,ELETRICISTA,Sem função
2794872,Ativo,PROFESSOR DO MAGISTERIO SUPERIOR,Sem função
1641091,Ativo,MEDICO-AREA,Sem função
551712,Ativo,PROFESSOR DO MAGISTERIO SUPERIOR,Sem função
3505311,Ativo,PROFESSOR DO MAGISTERIO SUPERIOR,Sem função
815374,Ativo,PROFESSOR DO MAGISTERIO SUPERIOR,Sem função
2164135,Pensionista,RECEPCIONISTA,Sem função
754788,Pensionista,MEDICO-AREA,Sem função
33348,Ativo,PROFESSOR DO MAGISTERIO SUPERIOR,Sem função
1951939,Ativo,AUX EM ADMINISTRACAO,Sem função
2887467,Ativo,BIBLIOTECARIO-DOCUMENTALISTA,Sem função
1270394,Ativo,PROFESSOR DO MAGISTERIO SUPERIOR,Sem função
2589032,Aposentado,PROFESSOR DO MAGISTERIO SUPERIOR,Sem função
51927,Ativo,PROFESSOR DO MAGISTERIO SUPERIOR,Sem função
2796924,Ativo,MEDICO-AREA,Sem função
68070,Aposentado,ASSISTENTE EM ADMINISTRACAO,Sem função
2319018,Ativo,PROFESSOR DO MAGISTERIO SUPERIOR,Sem função
2851592,Ativo,PROFESSOR DO MAGISTERIO SUPERIOR,Sem função
2028080,Pensionista,PROFESSOR DO MAGISTERIO SUPERIOR,Sem função
2097964,Ativo,VIGILANTE,Sem função
2899317,Ativo,AUX EM ADMINISTRACAO,Sem função
3130459,Ativo,AUXILIAR DE ENFERMAGEM,Sem função
1762646,Aposentado,PROFESSOR DO MAGISTERIO SUPERIOR,Sem função
3450297,Ativo,MEDICO-AREA,Sem função
3742575,Ativo,ASSISTENTE EM ADMINISTRACAO,Sem função
873688,Pensionista,PROFESSOR 3 GRAU,Sem função
2209980,Pensionista,RECEPCIONISTA,Sem função
3609675,Aposentado,PROFESSOR DO MAGISTERIO SUPERIOR,Sem função
1639522,Ativo,PROFESSOR DO MAGISTERIO SUPERIOR,Sem função
1639522,Ativo,Sem informaç,CD 000.3
172055,Pensionista,AUX EM ADMINISTRACAO,Sem função
3595834,Pensionista,PROFESSOR 3 GRAU,Sem função
388313,Ativo,PROFESSOR DO MAGISTERIO SUPERIOR,Sem função
24238,Ativo,PROFESSOR DO MAGISTERIO SUPERIOR,Sem função
778275,Aposentado,PROFESSOR DO MAGISTERIO SUPERIOR,Sem função
1311154,Ativo,AUXILIAR DE ENFERMAGEM,Sem função
3623812,Pensionista,RECEPCIONISTA,Sem função
1424305,Ativo,PROFESSOR DO MAGISTERIO SUPERIOR,Sem função
906708,Aposentado,ASSISTENTE EM ADMINISTRACAO,Sem função
3540157,Pensionista,RECEPCIONISTA,Sem função
3633855,Pensionista,COZINHEIRO,Sem função
890441,Pensionista,TECNICO EM RADIOLOGIA,Sem função
3195068,Ativo,ADMINISTRADOR,Sem função
2036624,Aposentado,ASSISTENTE EM ADMINISTRACAO,Sem função
645827,Aposentado,PROFESSOR DO MAGISTERIO SUPERIOR,Sem função
2832642,Ativo,PROFESSOR DO MAGISTERIO SUPERIOR,Sem função
1428385,Aposentado,PROFESSOR DO MAGISTERIO SUPERIOR,Sem função
864798,Aposentado,PROFESSOR DO MAGISTERIO SUPERIOR,Sem função
2157232,Pensionista,PROFESSOR DO MAGISTERIO SUPERIOR,Sem função
801348,Aposentado,PROFESSOR DO MAGISTERIO SUPERIOR,Sem função
2264193,Aposentado,MEDICO-AREA,Sem função
931237,Aposentado,PROFESSOR ENS BASICO TECN TECNOLOGICO,Sem função
697230,Aposentado,ENFERMEIRO-AREA,Sem função
2583507,Pensionista,TECNICO EM ASSUNTOS EDUCACIONAIS,Sem função
2583507,Pensionista,PROFESSOR DO MAGISTERIO SUPERIOR,Sem função
827765,Ativo,RESIDENCIA MULTIPROFISSIONAL,Sem função
637146,Aposentado,PROFESSOR DO MAGISTERIO SUPERIOR,Sem função
2629585,Pensionista,AJUSTADOR MECANICO,Sem função
504034,Ativo,PROFESSOR DO MAGISTERIO SUPERIOR,Sem função
1855568,Pensionista,ODONTOLOGO - 30 HORAS - DL 1445-76,Sem função
929505,Aposentado,PROFESSOR DO MAGISTERIO SUPERIOR,Sem função
2149811,Aposentado,MEDICO-AREA,Sem função
925842,Aposentado,BIBLIOTECARIO-DOCUMENTALISTA,Sem função
970479,Aposentado,PROFESSOR DO MAGISTERIO SUPERIOR,Sem função
2208291,Pensionista,ADMINISTRADOR,Sem função
1353297,Ativo,PROFESSOR DO MAGISTERIO SUPERIOR,Sem função
1699666,Ativo,PROFESSOR MAGISTERIO SUPERIOR-SUBSTITUTO,Sem função
1043765,Aposentado,ADMINISTRADOR,Sem função
2143036,Aposentado,AUXILIAR DE NUTRICAO E DIETETICA,Sem função
1734523,Aposentado,ADMINISTRADOR,Sem função
2830942,Ativo,AUXILIAR DE ENFERMAGEM,Sem função
2108717,Aposentado,PRODUTOR CULTURAL,Sem função
1342661,Aposentado,CONTADOR,Sem função
3472492,Ativo,PROFESSOR DO MAGISTERIO SUPERIOR,Sem função
159198,Pensionista,PROFESSOR 3 GRAU,Sem função
1804161,Aposentado,PROFESSOR DO MAGISTERIO SUPERIOR,Sem função
2304070,Ativo,ENFERMEIRO-AREA,Sem função
3351045,Aposentado,PROFESSOR DO MAGISTERIO SUPERIOR,Sem função
952981,Aposentado,TECNICO EM ASSUNTOS EDUCACIONAIS,Sem função
722707,Aposentado,TECNICO DE LABORATORIO AREA,Sem função
722707,Pensionista,ASSISTENTE DE LABORATORIO,Sem função
3335118,Aposentado,AUXILIAR DE ENFERMAGEM,Sem função
2679094,Aposentado,ASCENSORISTA,Sem função
1363089,Ativo,ASSISTENTE EM ADMINISTRACAO,Sem função
950844,Aposentado,FISIOTERAPEUTA,Sem função
1598069,Pensionista,AUX EM ADMINISTRACAO,Sem função
948911,Pensionista,ELETRICISTA,Sem função
3265533,Pensionista,ASCENSORISTA,Sem função
1435428,Ativo,ENFERMEIRO-AREA,Sem função
1904968,Aposentado,PROFESSOR DO MAGISTERIO SUPERIOR,Sem função
3566038,Pensionista,RECEPCIONISTA,Sem função
2769221,Pensionista,PROFESSOR DO MAGISTERIO SUPERIOR,Sem função
1984940,Pensionista,ASSISTENTE EM ADMINISTRACAO,Sem função
1391026,Pensionista,PINTOR-AREA,Sem função
1509084,Pensionista,EDITOR DE IMAGENS,Sem função
2764448,Pensionista,PROFESSOR 3 GRAU,Sem função
412847,Ativo,PROFESSOR DO MAGISTERIO SUPERIOR,Sem função
1978721,Ativo,PROFESSOR DO MAGISTERIO SUPERIOR,Sem função
948980,Pensionista,PROFESSOR DO MAGISTERIO SUPERIOR,Sem função
149489,Aposentado,ASSISTENTE EM ADMINISTRACAO,Sem função
252074,Aposentado,PROFESSOR DO MAGISTERIO SUPERIOR,Sem função
1814024,Ativo,TECNICO DE LABORATORIO AREA,Sem função
1240208,Aposentado,ASSISTENTE EM ADMINISTRACAO,Sem função
264685,Aposentado,PROFESSOR DO MAGISTERIO SUPERIOR,Sem função
615450,Ativo,TECNICO DE LABORATORIO AREA,Sem função
3095011,Aposentado,PROFESSOR DO MAGISTERIO SUPERIOR,Sem função
1095792,Aposentado,PROFESSOR DO MAGISTERIO SUPERIOR,Sem função
1568797,Ativo,PROFESSOR DO MAGISTERIO SUPERIOR,Sem função
2064927,Aposentado,ASSISTENTE SOCIAL,Sem função
1621002,Pensionista,MEDICO-AREA,Sem função
793765,Pensionista,VIGILANTE,Sem função
1436292,Pensionista,PROFESSOR ENS BASICO TECN TECNOLOGICO,Sem função
228527,Ativo,PROFESSOR DO MAGISTERIO SUPERIOR,Sem função
1070564,Ativo,PROFESSOR DO MAGISTERIO SUPERIOR,Sem função
2571865,Pensionista,ASSISTENTE EM ADMINISTRACAO,Sem função
2686441,Aposentado,TECNICO DE LABORATORIO AREA,Sem função
2686441,Pensionista,TECNICO DE LABORATORIO AREA,Sem função
2873404,Ativo,SECRETARIO EXECUTIVO,Sem função
2963440,Pensionista,AUX EM ADMINISTRACAO,Sem função
1697505,Pensionista,JORNALISTA,Sem função
2337101,Ativo,PROFESSOR DO MAGISTERIO SUPERIOR,Sem função
2988764,Ativo,ASSISTENTE EM ADMINISTRACAO,Sem função
2815457,Ativo,FARMACEUTICO-HABILITACAO,Sem função
1763567,Ativo,PROFESSOR ENS BASICO TECN TECNOLOGICO,Sem função
542816,Ativo,ANALISTA DE TEC DA INFORMACAO,Sem função
2184348,Ativo,ASSISTENTE EM ADMINISTRACAO,Sem função
2832393,Ativo,PROFESSOR DO MAGISTERIO SUPERIOR,Sem função
2832393,Ativo,Sem informaç,FG 000.1
509889,Ativo,PROFESSOR DO MAGISTERIO SUPERIOR,Sem função
2695840,Ativo,AUX EM ADMINISTRACAO,Sem função
1084611,Ativo,TECNICO EM CONTABILIDADE,Sem função
1084611,Ativo,Sem informaç,FG 000.1
2391274,Ativo,AUXILIAR DE ENFERMAGEM,Sem função
3218385,Ativo,PROFESSOR DO MAGISTERIO SUPERIOR,Sem função
1169913,Aposentado,PROFESSOR DO MAGISTERIO SUPERIOR,Sem função
2349785,Ativo,PROFESSOR DO MAGISTERIO SUPERIOR,Sem função
1337610,Ativo,PROFESSOR DO MAGISTERIO SUPERIOR,Sem função
2912442,Ativo,ENFERMEIRO-AREA,Sem função
3092891,Ativo,PROFESSOR DO MAGISTERIO SUPERIOR,Sem função
3092891,Ativo,Sem informaç,FUC 000.1
3195954,Ativo,ENFERMEIRO-AREA,Sem função
2241389,Ativo,PROFESSOR DO MAGISTERIO SUPERIOR,Sem função
2910463,Ativo,PROFESSOR DO MAGISTERIO SUPERIOR,Sem função
480617,Ativo,PROFESSOR DO MAGISTERIO SUPERIOR,Sem função
1101097,Ativo,ASSISTENTE EM ADMINISTRACAO,Sem função
1101097,Ativo,Sem informaç,GF 002.7
308083,Ativo,OCEANOLOGO,Sem função
3328280,Ativo,TECNICO EM CONTABILIDADE,Sem função
967010,Ativo,AUXILIAR DE ENFERMAGEM,Sem função
2409465,Ativo,TECNICO DE LABORATORIO AREA,Sem função
2521384,Ativo,ENFERMEIRO-AREA,Sem função
1440569,Ativo,ADMINISTRADOR,Sem função
1440569,Ativo,Sem informaç,FG 000.1
1431963,Ativo,PROFESSOR DO MAGISTERIO SUPERIOR,Sem função
20910,Ativo,MEDICO-AREA,Sem função
601358,Ativo,TECNICO EM ENFERMAGEM,Sem função
2792985,Ativo,PROFESSOR DO MAGISTERIO SUPERIOR,Sem função
443528,Aposentado,PROFESSOR DO MAGISTERIO SUPERIOR,Sem função
1928045,Ativo,MEDICO-AREA,Sem função
3054365,Aposentado,SERVENTE DE LIMPEZA,Sem função
723019,Aposentado,ASSISTENTE EM ADMINISTRACAO,Sem função
2784037,Ativo,PEDAGOGO-AREA,Sem função
1617746,Ativo,MEDICO RESIDENTE,Sem função
2086571,Pensionista,AUXILIAR OPERACIONAL,Sem função
2640812,Aposentado,ASSISTENTE EM ADMINISTRACAO,Sem função
2865692,Ativo,PROFESSOR DO MAGISTERIO SUPERIOR,Sem função
2626437,Pensionista,ASSISTENTE EM ADMINISTRACAO,Sem função
2284342,Pensionista,PROFESSOR DO MAGISTERIO SUPERIOR,Sem função
1795045,Aposentado,TRADUTOR INTERPRETE,Sem função
1795045,Pensionista,PROFESSOR DO MAGISTERIO SUPERIOR,Sem função
1672929,Aposentado,PROFESSOR DO MAGISTERIO SUPERIOR,Sem função
1488730,Pensionista,RECEPCIONISTA,Sem função
3308984,Ativo,ASSISTENTE EM ADMINISTRACAO,Sem função
2236057,Ativo,AUXILIAR DE ENFERMAGEM,Sem função
2065894,Ativo,ARQUITETO E URBANISTA,Sem função
1648002,Aposentado,AUXILIAR DE ENFERMAGEM,Sem função
1294796,Ativo,TECNICO DE LABORATORIO AREA,Sem função
1091574,Pensionista,PROFESSOR DO MAGISTERIO SUPERIOR,Sem função
568718,Ativo,MEDICO RESIDENTE,Sem função
3591838,Aposentado,PROFESSOR DO MAGISTERIO SUPERIOR,Sem função
241073,Ativo,PROFESSOR DO MAGISTERIO SUPERIOR,Sem função
1678825,Aposentado,TECNICO EM ASSUNTOS EDUCACIONAIS,Sem função
38527,Ativo,VESTIARISTA,Sem função
250559,Aposentado,VIGILANTE,Sem função
3621621,Pensionista,ASSISTENTE EM ADMINISTRACAO,Sem função
963442,Pensionista,ASSISTENTE EM ADMINISTRACAO,Sem função
1745048,Ativo,BIBLIOTECARIO-DOCUMENTALISTA,Sem função
2603972,Pensionista,CONTRAMESTRE-OFICIO,Sem função
3364394,Ativo,TECNICO EM RADIOLOGIA,Sem função
1699958,Ativo,PROFESSOR DO MAGISTERIO SUPERIOR,Sem função
1699958,Ativo,Sem informaç,FG 000.1
3605269,Pensionista,CONTRAMESTRE-OFICIO,Sem função
1054093,Ativo,PROFESSOR DO MAGISTERIO SUPERIOR,Sem função
1785170,Aposentado,PROFESSOR DO MAGISTERIO SUPERIOR,Sem função
645505,Ativo,PROFESSOR DO MAGISTERIO SUPERIOR,Sem função
1610981,Aposentado,MEDICO-AREA,Sem função
2227143,Ativo,PROFESSOR DO MAGISTERIO SUPERIOR,Sem função
1073734,Ativo,ASSISTENTE EM ADMINISTRACAO,Sem função
2112337,Pensionista,TECNICO DE LABORATORIO AREA,Sem função
2232196,Pensionista,TECNICO DE LABORATORIO AREA,Sem função
1861711,Ativo,VIGILANTE,Sem função
1789167,Ativo,PROFESSOR DO MAGISTERIO SUPERIOR,Sem função
1320731,Ativo,PROFESSOR DO MAGISTERIO SUPERIOR,Sem função
2133043,Ativo,TECNICO DE LABORATORIO AREA,Sem função
3260916,Ativo,JORNALISTA,Sem função
403581,Ativo,PROGRAMADOR VISUAL,Sem função
3851414,Ativo,PROFESSOR MAGISTERIO SUPERIOR-SUBSTITUTO,Sem função
2698055,Ativo,ASSISTENTE EM ADMINISTRACAO,Sem função
1425365,Ativo,TECNICO DE LABORATORIO AREA,Sem função
2127313,Ativo,TEC DE TECNOLOGIA DA INFORMACAO,Sem função
1769296,Ativo,PROFESSOR DO MAGISTERIO SUPERIOR,Sem função
210184,Ativo,AUX EM ADMINISTRACAO,Sem função
405257,Ativo,PROFESSOR DO MAGISTERIO SUPERIOR,Sem função
2423689,Ativo,QUIMICO,Sem função
1850882,Pensionista,AUX EM ADMINISTRACAO,Sem função
1993300,Ativo,PROFESSOR DO MAGISTERIO SUPERIOR,Sem função
2080125,Ativo,PROFESSOR DO MAGISTERIO SUPERIOR,Sem função
850905,Ativo,PROFESSOR DO MAGISTERIO SUPERIOR,Sem função
850905,Ativo,Sem informaç,FUC 000.1
2350050,Ativo,PROFESSOR MAGISTERIO SUPERIOR-SUBSTITUTO,Sem função
1750192,Aposentado,PROFESSOR DO MAGISTERIO SUPERIOR,Sem função
2251840,Ativo,PROFESSOR DO MAGISTERIO SUPERIOR,Sem função
3247954,Ativo,PROFESSOR DO MAGISTERIO SUPERIOR,Sem função
2810432,Ativo,PROFESSOR DO MAGISTERIO SUPERIOR,Sem função
128170,Ativo,PROFESSOR DO MAGISTERIO SUPERIOR,Sem função
128170,Ativo,Sem informaç,FUC 000.1
441760,Ativo,TECNICO DE LABORATORIO AREA,Sem função
1810792,Ativo,TECNICO EM ASSUNTOS EDUCACIONAIS,Sem função
1810792,Ativo,MINISTRO DE ESTADO,Sem função
1226547,Ativo,PROFESSOR MAGISTERIO SUPERIOR-SUBSTITUTO,Sem função
2440759,Ativo,PROFESSOR MAGISTERIO SUPERIOR-SUBSTITUTO,Sem função
3699519,Ativo,ASSISTENTE EM ADMINISTRACAO,Sem função
1493516,Ativo,ADMINISTRADOR,Sem função
282873,Ativo,PROFESSOR DO MAGISTERIO SUPERIOR,Sem função
1232299,Ativo,PROFESSOR DO MAGISTERIO SUPERIOR,Sem função
2882250,Ativo,TECNICO EM RADIOLOGIA,Sem função
401781,Ativo,PROFESSOR DO MAGISTERIO SUPERIOR,Sem função
401781,Ativo,Sem informaç,FUC 000.1
3279957,Ativo,PROFESSOR DO MAGISTERIO SUPERIOR,Sem função
2877067,Ativo,PROFESSOR DO MAGISTERIO SUPERIOR,Sem função
2696728,Ativo,OPERADOR DE EST DE TRATAM AGUA-ESGOTO,Sem função
2696728,Ativo,Sem informaç,FG 000.3
379975,Ativo,PROFESSOR DO MAGISTERIO SUPERIOR,Sem função
977512,Ativo,ASSISTENTE EM ADMINISTRACAO,Sem função
3472720,Aposentado,PROFESSOR DO MAGISTERIO SUPERIOR,Sem função
2383607,Ativo,PROFESSOR DO MAGISTERIO SUPERIOR,Sem função
20575,Ativo,TEC DE TECNOLOGIA DA INFORMACAO,Sem função
471711,Ativo,PROFESSOR DO MAGISTERIO SUPERIOR,Sem função
1259507,Ativo,OPERADOR DE RADIO TELECOMUNICACOES,Sem função
3671386,Pensionista,ASSISTENTE DE LABORATORIO,Sem função
3151938,Ativo,PROFESSOR DO MAGISTERIO SUPERIOR,Sem função
1032440,Ativo,ADMINISTRADOR,Sem função
2227911,Ativo,PROGRAMADOR VISUAL,Sem função
2227911,Ativo,Sem informaç,FG 000.1
986742,Ativo,PROFESSOR DO MAGISTERIO SUPERIOR,Sem função
632939,Ativo,PROFESSOR DO MAGISTERIO SUPERIOR,Sem função
284753,Ativo,ASSISTENTE EM ADMINISTRACAO,Sem função
1001736,Ativo,ASSISTENTE EM ADMINISTRACAO,Sem função
1441199,Ativo,PROFESSOR DO MAGISTERIO SUPERIOR,Sem função
1441199,Ativo,Sem informaç,FUC 000.1
3222412,Aposentado,TECNICO EM ELETROTECNICA,Sem função
2363746,Ativo,PROFESSOR DO MAGISTERIO SUPERIOR,Sem função
3606285,Ativo,PROFESSOR DO MAGISTERIO SUPERIOR,Sem função
269856,Ativo,PROFESSOR DO MAGISTERIO SUPERIOR,Sem função
2562143,Pensionista,MECANICO,Sem função
788956,Ativo,AUX EM ADMINISTRACAO,Sem função
2524525,Ativo,PROFESSOR DO MAGISTERIO SUPERIOR,Sem função
1478599,Ativo,PROFESSOR DO MAGISTERIO SUPERIOR,Sem função
1184216,Ativo,MEDICO RESIDENTE,Sem função
2356120,Ativo,PROFESSOR DO MAGISTERIO SUPERIOR,Sem função
2228353,Ativo,PROFESSOR DO MAGISTERIO SUPERIOR,Sem função
477237,Ativo,ASSISTENTE EM ADMINISTRACAO,Sem função
3200087,Ativo,PROFESSOR DO MAGISTERIO SUPERIOR,Sem função
238892,Ativo,PROFESSOR DO MAGISTERIO SUPERIOR,Sem função
2475712,Ativo,PROFESSOR DO MAGISTERIO SUPERIOR,Sem função
1365734,Ativo,DESENHISTA DE ARTES GRAFICAS,Sem função
358757,Ativo,TEC EM ANATOMIA E NECROPSIA,Sem função
2840235,Ativo,PROFESSOR DO MAGISTERIO SUPERIOR,Sem função
3105510,Ativo,TEC DE TECNOLOGIA DA INFORMACAO,Sem função
1418162,Ativo,PROFESSOR DO MAGISTERIO SUPERIOR,Sem função
584685,Ativo,PROFESSOR DO MAGISTERIO SUPERIOR,Sem função
1049794,Ativo,PROFESSOR DO MAGISTERIO SUPERIOR,Sem função
2513026,Ativo,PROFESSOR MAGISTERIO SUPERIOR-SUBSTITUTO,Sem função
629897,Aposentado,PROFESSOR DO MAGISTERIO SUPERIOR,Sem função
255749,Ativo,PROFESSOR DO MAGISTERIO SUPERIOR,Sem função
3031272,Ativo,AUXILIAR DE ENFERMAGEM,Sem função
3743770,Ativo,TECNICO EM RADIOLOGIA,Sem função
2276315,Ativo,PROFESSOR DO MAGISTERIO SUPERIOR,Sem função
2276315,Ativo,MEDICO-AREA,Sem função
569699,Aposentado,AUXILIAR DE ENFERMAGEM,Sem função
569699,Pensionista,TECNICO DE LABORATORIO AREA,Sem função
2526375,Ativo,BIBLIOTECARIO-DOCUMENTALISTA,Sem função
2526375,Ativo,Sem informaç,FG 000.1
2895369,Ativo,TECNICO EM SECRETARIADO,Sem função
1258475,Ativo,PROFESSOR DO MAGISTERIO SUPERIOR,Sem função
1463895,Aposentado,ASSISTENTE EM ADMINISTRACAO,Sem função
584970,Ativo,TECNICO EM ENFERMAGEM,Sem função
3290796,Ativo,TECNICO EM ENFERMAGEM,Sem função
889556,Pensionista,PROFESSOR DO MAGISTERIO SUPERIOR,Sem função
1070960,Ativo,TECNICO EM RESTAURACAO,Sem função
1987521,Ativo,PROFESSOR DO MAGISTERIO SUPERIOR,Sem função
2970832,Ativo,MEDICO-AREA,Sem função
3010897,Ativo,PROFESSOR DO MAGISTERIO SUPERIOR,Sem função
2932704,Ativo,PROFESSOR DO MAGISTERIO SUPERIOR,Sem função
2977522,Ativo,PROFESSOR DO MAGISTERIO SUPERIOR,Sem função
1259908,Ativo,AUXILIAR DE ENFERMAGEM,Sem função
1208052,Ativo,TELEFONISTA,Sem função
3033013,Ativo,PROFESSOR DO MAGISTERIO SUPERIOR,Sem função
912514,Ativo,PROFESSOR DO MAGISTERIO SUPERIOR,Sem função
2292749,Ativo,PROFESSOR DO MAGISTERIO SUPERIOR,Sem função
1024033,Ativo,ARQUITETO E URBANISTA,Sem função
2951317,Ativo,PROFESSOR DO MAGISTERIO SUPERIOR,Sem função
122376,Ativo,VIGILANTE,Sem função
122376,Ativo,Sem informaç,FG 000.1
1100620,Ativo,ASSISTENTE EM ADMINISTRACAO,Sem função
2828109,Ativo,PROFESSOR DO MAGISTERIO SUPERIOR,Sem função
508706,Ativo,PROFESSOR DO MAGISTERIO SUPERIOR,Sem função
1764030,Ativo,TECNICO EM ENFERMAGEM,Sem função
3105222,Ativo,TECNICO EM ASSUNTOS EDUCACIONAIS,Sem função
3211729,Ativo,ASSISTENTE SOCIAL,Sem função
2967335,Ativo,PROFESSOR DO MAGISTERIO SUPERIOR,Sem função
2208986,Pensionista,PROFESSOR DO MAGISTERIO SUPERIOR,Sem função
2943918,Ativo,ASSISTENTE EM ADMINISTRACAO,Sem função
2383493,Ativo,ENFERMEIRO-AREA,Sem função
85606,Ativo,PROFESSOR DO MAGISTERIO SUPERIOR,Sem função
1819152,Ativo,PROFESSOR DO MAGISTERIO SUPERIOR,Sem função
1735948,Ativo,PROFESSOR MAGISTERIO SUPERIOR-SUBSTITUTO,Sem função
2001213,Pensionista,FOTOGRAFO,Sem função
446259,Ativo,ASSISTENTE EM ADMINISTRACAO,Sem função
722248,Aposentado,PROFESSOR DO MAGISTERIO SUPERIOR,Sem função
2120092,Ativo,PROFESSOR DO MAGISTERIO SUPERIOR,Sem função
1202599,Ativo,PROFESSOR DO MAGISTERIO SUPERIOR,Sem função
406414,Ativo,PROFESSOR DO MAGISTERIO SUPERIOR,Sem função
434578,Ativo,AUXILIAR DE ENFERMAGEM,Sem função
575401,Ativo,PRODUTOR CULTURAL,Sem função
2858155,Ativo,PROFESSOR DO MAGISTERIO SUPERIOR,Sem função
1773873,Ativo,TECNICO DE LABORATORIO AREA,Sem função
2952977,Ativo,BIBLIOTECARIO-DOCUMENTALISTA,Sem função
2952977,Ativo,Sem informaç,CD 000.4
3610794,Pensionista,RECEPCIONISTA,Sem função
2718280,Ativo,ASSISTENTE EM ADMINISTRACAO,Sem função
1241402,Ativo,PROFESSOR DO MAGISTERIO SUPERIOR,Sem função
753559,Aposentado,PROFESSOR DO MAGISTERIO SUPERIOR,Sem função
2808626,Ativo,MEDICO RESIDENTE,Sem função
547272,Ativo,JORNALISTA,Sem função
3856233,Ativo,RESIDENCIA MULTIPROFISSIONAL,Sem função
1009791,Ativo,PROFESSOR DO MAGISTERIO SUPERIOR,Sem função
1209913,Ativo,PROFESSOR DO MAGISTERIO SUPERIOR,Sem função
1209913,Ativo,Sem informaç,FG 000.1
1835682,Ativo,MEDICO-AREA,Sem função
1419334,Ativo,RESIDENCIA MULTIPROFISSIONAL,Sem função
1893562,Ativo,PROFESSOR MAGISTERIO SUPERIOR-SUBSTITUTO,Sem função
3741619,Ativo,NUTRICIONISTA-HABILITACAO,Sem função
1804435,Ativo,AUXILIAR DE LABORATORIO,Sem função
3265827,Ativo,PROFESSOR DO MAGISTERIO SUPERIOR,Sem função
1463413,Ativo,ASSISTENTE SOCIAL,Sem função
1967988,Ativo,AUXILIAR DE ENFERMAGEM,Sem função
9412,Ativo,TECNICO DE LABORATORIO AREA,Sem função
354473,Ativo,PROFESSOR DO MAGISTERIO SUPERIOR,Sem função
3684604,Ativo,TECNICO EM ASSUNTOS EDUCACIONAIS,Sem função
1064344,Ativo,PROFESSOR DO MAGISTERIO SUPERIOR,Sem função
3032370,Ativo,PROFESSOR DO MAGISTERIO SUPERIOR,Sem função
3032370,Ativo,Sem informaç,FUC 000.1
1309405,Ativo,PROFESSOR DO MAGISTERIO SUPERIOR,Sem função
3850626,Pensionista,PROFESSOR DO MAGISTERIO SUPERIOR,Sem função
1710683,Aposentado,TECNICO EM ASSUNTOS EDUCACIONAIS,Sem função
975277,Pensionista,RECEPCIONISTA,Sem função
3403997,Aposentado,PROFESSOR DO MAGISTERIO SUPERIOR,Sem função
3184084,Aposentado,AUXILIAR DE ENFERMAGEM,Sem função
2056500,Ativo,PROFESSOR DO MAGISTERIO SUPERIOR,Sem função
1957580,Ativo,BIBLIOTECARIO-DOCUMENTALISTA,Sem função
2093103,Ativo,PROFESSOR DO MAGISTERIO SUPERIOR,Sem função
3531600,Aposentado,ASSISTENTE SOCIAL,Sem função
2154274,Aposentado,VIGILANTE,Sem função
1610409,Ativo,PROFESSOR DO MAGISTERIO SUPERIOR,Sem função
1581504,Aposentado,PROFESSOR DO MAGISTERIO SUPERIOR,Sem função
2357798,Aposentado,ASSISTENTE EM ADMINISTRACAO,Sem função
809823,Pensionista,ENGENHEIRO-AREA,Sem função
809823,Pensionista,PROFESSOR DO MAGISTERIO SUPERIOR,Sem função
1478874,Aposentado,PSICOLOGO-AREA,Sem função
437577,Ativo,ASSISTENTE SOCIAL,Sem função
1876388,Aposentado,PROFESSOR DO MAGISTERIO SUPERIOR,Sem função
1660282,Aposentado,ASSISTENTE EM ADMINISTRACAO,Sem função
1780549,Aposentado,PROFESSOR DO MAGISTERIO SUPERIOR,Sem função
383936,Aposentado,PROFESSOR DO MAGISTERIO SUPERIOR,Sem função
683242,Aposentado,TECNICO EM ASSUNTOS EDUCACIONAIS,Sem função
2743379,Pensionista,SERVENTE DE LIMPEZA,Sem função
3296866,Pensionista,PROFESSOR DO MAGISTERIO SUPERIOR,Sem função
3547309,Aposentado,PROFESSOR DO MAGISTERIO SUPERIOR,Sem função
1836622,Aposentado,PROFESSOR DO MAGISTERIO SUPERIOR,Sem função
1836622,Aposentado,BIBLIOTECARIO-DOCUMENTALISTA,Sem função
3580425,Aposentado,ASSISTENTE EM ADMINISTRACAO,Sem função
3361425,Pensionista,PROFESSOR DO MAGISTERIO SUPERIOR,Sem função
3854216,Ativo,MEDICO RESIDENTE,Sem função
1694838,Ativo,ASSISTENTE EM ADMINISTRACAO,Sem função
2848513,Ativo,ASSISTENTE EM ADMINISTRACAO,Sem função
1499994,Aposentado,PROFESSOR DO MAGISTERIO SUPERIOR,Sem função
2829511,Ativo,PROFESSOR DO MAGISTERIO SUPERIOR,Sem função
2940980,Ativo,PROFESSOR DO MAGISTERIO SUPERIOR,Sem função
2940980,Pensionista,PROFESSOR DO MAGISTERIO SUPERIOR,Sem função
2284949,Ativo,AUXILIAR DE ENFERMAGEM,Sem função
3748799,Ativo,PROFESSOR DO MAGISTERIO SUPERIOR,Sem função
115524,Aposentado,PROFESSOR DO MAGISTERIO SUPERIOR,Sem função
1773058,Pensionista,RECEPCIONISTA,Sem função
2555498,Ativo,PROFESSOR DO MAGISTERIO SUPERIOR,Sem função
3518513,Ativo,TECNICO EM RESTAURACAO,Sem função
1874070,Aposentado,ASSISTENTE DE ALUNO,Sem função
251341,Ativo,MEDICO-AREA,Sem função
2584651,Pensionista,RECEPCIONISTA,Sem função
345675,Aposentado,TECNICO DE LABORATORIO AREA,Sem função
2671953,Aposentado,AUXILIAR DE NUTRICAO E DIETETICA,Sem função
1811985,Pensionista,VIGILANTE,Sem função
3682611,Pensionista,PROFESSOR 3 GRAU,Sem função
815233,Aposentado,PROFESSOR DO MAGISTERIO SUPERIOR,Sem função
204346,Aposentado,PROFESSOR DO MAGISTERIO SUPERIOR,Sem função
1031185,Aposentado,MEDICO-AREA,Sem função
918951,Ativo,VIGILANTE,Sem função
2677102,Aposentado,MONTADOR-SOLDADOR,Sem função
3073680,Ativo,ASSISTENTE EM ADMINISTRACAO,Sem função
2187078,Ativo,ADMINISTRADOR DE EDIFICIOS,Sem função
3323783,Ativo,ASSISTENTE EM ADMINISTRACAO,Sem função
1054358,Aposentado,CONTINUO,Sem função
1801369,Ativo,PROFESSOR DO MAGISTERIO SUPERIOR,Sem função
3669762,Pensionista,TECNICO EM CONTABILIDADE,Sem função
778294,Aposentado,TECNICO EM ASSUNTOS EDUCACIONAIS,Sem função
1068004,Aposentado,CONTADOR,Sem função
3325338,Pensionista,PROFESSOR 3 GRAU,Sem função
2783942,Pensionista,TECNICO EM CONTABILIDADE,Sem função
2551189,Aposentado,CONTINUO,Sem função
2694279,Ativo,PROFESSOR DO MAGISTERIO SUPERIOR,Sem função
733832,Aposentado,PROFESSOR DO MAGISTERIO SUPERIOR,Sem função
733832,Pensionista,PROFESSOR DO MAGISTERIO SUPERIOR,Sem função
2687757,Ativo,PROFESSOR MAGISTERIO SUPERIOR-SUBSTITUTO,Sem função
1033256,Ativo,ASSISTENTE EM ADMINISTRACAO,Sem função
3545269,Ativo,TECNICO DE LABORATORIO AREA,Sem função
99228,Ativo,MEDICO-AREA,Sem função
675260,Ativo,ASSISTENTE EM ADMINISTRACAO,Sem função
1133876,Aposentado,MEDICO-AREA,Sem função
222754,Ativo,ENFERMEIRO-AREA,Sem função
2921397,Ativo,PROFESSOR DO MAGISTERIO SUPERIOR,Sem função
2160411,Ativo,PROFESSOR DO MAGISTERIO SUPERIOR,Sem função
2160411,Ativo,Sem informaç,FG 000.1
428760,Ativo,AUX EM ADMINISTRACAO,Sem função
1687705,Ativo,ASSISTENTE EM ADMINISTRACAO,Sem função
2501326,Ativo,PROFESSOR DO MAGISTERIO SUPERIOR,Sem função
367580,Ativo,ASSISTENTE EM ADMINISTRACAO,Sem função
3856594,Ativo,MEDICO RESIDENTE,Sem função
1970619,Aposentado,ASSISTENTE EM ADMINISTRACAO,Sem função
1326957,Pensionista,GARCON,Sem função
2331103,Ativo,TECNICO EM ASSUNTOS EDUCACIONAIS,Sem função
1918315,Aposentado,ASSISTENTE EM ADMINISTRACAO,Sem função
1918315,Pensionista,ASSISTENTE EM ADMINISTRACAO,Sem função
848628,Pensionista,ASSISTENTE EM ADMINISTRACAO,Sem função
3853471,Ativo,PROFESSOR MAGISTERIO SUPERIOR-SUBSTITUTO,Sem função
1471214,Aposentado,ASSISTENTE EM ADMINISTRACAO,Sem função
3766737,Ativo,TECNICO EM CONTABILIDADE,Sem função
3766737,Ativo,Sem informaç,FG 000.1
715567,Aposentado,PROFESSOR DO MAGISTERIO SUPERIOR,Sem função
3597764,Pensionista,PROFESSOR DO MAGISTERIO SUPERIOR,Sem função
2118709,Ativo,ASSISTENTE EM ADMINISTRACAO,Sem função
3079731,Ativo,ASSISTENTE EM ADMINISTRACAO,Sem função
1115855,Aposentado,PROFESSOR DO MAGISTERIO SUPERIOR,Sem função
241829,Ativo,AUXILIAR DE ENFERMAGEM,Sem função
2900587,Ativo,ASSISTENTE EM ADMINISTRACAO,Sem função
3227757,Ativo,AUX EM ADMINISTRACAO,Sem função
1715409,Aposentado,ASSISTENTE EM ADMINISTRACAO,Sem função
2942430,Ativo,TECNICO EM ASSUNTOS EDUCACIONAIS,Sem função
1077375,Ativo,PROFESSOR DO MAGISTERIO SUPERIOR,Sem função
1077375,Ativo,Sem informaç,FG 000.1
2496187,Aposentado,TECNICO EM ENFERMAGEM,Sem função
2235264,Pensionista,ASSISTENTE EM ADMINISTRACAO,Sem função
3666685,Pensionista,TECNICO EM MICROFILMAGEM,Sem função
3526073,Ativo,ASSISTENTE EM ADMINISTRACAO,Sem função
3526073,Ativo,Sem informaç,FG 000.3
3269676,Aposentado,ASSISTENTE EM ADMINISTRACAO,Sem função
2688431,Aposentado,PROFESSOR DO MAGISTERIO SUPERIOR,Sem função
2696651,Aposentado,BIBLIOTECARIO-DOCUMENTALISTA,Sem função
934789,Pensionista,TECNICO DE LABORATORIO AREA,Sem função
2051026,Pensionista,VIGILANTE,Sem função
1476764,Ativo,TECNICO EM ENFERMAGEM,Sem função
200337,Pensionista,OPERADOR DE MAQUINA COPIADORA,Sem função
559588,Ativo,PROFESSOR DO MAGISTERIO SUPERIOR,Sem função
559588,Ativo,Sem informaç,FG 000.1
3016100,Pensionista,RECEPCIONISTA,Sem função
44313,Aposentado,ASSISTENTE EM ADMINISTRACAO,Sem função
28517,Aposentado,ASSISTENTE EM ADMINISTRACAO,Sem função
154038,Pensionista,AUXILIAR DE ENFERMAGEM,Sem função
3688318,Pensionista,TECNICO EM RADIOLOGIA,Sem função
3692625,Aposentado,AUXILIAR DE LABORATORIO,Sem função
2450752,Aposentado,SERVENTE DE LIMPEZA,Sem função
1209591,Ativo,PROFESSOR DO MAGISTERIO SUPERIOR,Sem função
1209591,Ativo,Sem informaç,FUC 000.1
1076459,Aposentado,PROFESSOR DO MAGISTERIO SUPERIOR,Sem função
3215747,Ativo,PROFESSOR DO MAGISTERIO SUPERIOR,Sem função
980010,Ativo,MEDICO-AREA,Sem função
1242435,Ativo,BOMBEIRO HIDRAULICO,Sem função
1109678,Ativo,PROFESSOR DO MAGISTERIO SUPERIOR,Sem função
1827875,Aposentado,ENGENHEIRO-AREA,Sem função
890097,Aposentado,CONTINUO,Sem função
965824,Pensionista,PROFESSOR DO MAGISTERIO SUPERIOR,Sem função
284224,Aposentado,ASSISTENTE EM ADMINISTRACAO,Sem função
424463,Ativo,MEDICO RESIDENTE,Sem função
1157510,Ativo,TECNICO DE LABORATORIO AREA,Sem função
1307914,Aposentado,COZINHEIRO,Sem função
930981,Aposentado,VIGILANTE,Sem função
215063,Ativo,PROFESSOR DO MAGISTERIO SUPERIOR,Sem função
215063,Ativo,Sem informaç,FG 000.1
2779632,Ativo,TEC DE TECNOLOGIA DA INFORMACAO,Sem função
363234,Ativo,PROFESSOR DO MAGISTERIO SUPERIOR,Sem função
988415,Ativo,PROFESSOR DO MAGISTERIO SUPERIOR,Sem função
913872,Aposentado,TECNICO EM ASSUNTOS EDUCACIONAIS,Sem função
1195784,Ativo,PROFESSOR DO MAGISTERIO SUPERIOR,Sem função
2875972,Ativo,PROFESSOR DO MAGISTERIO SUPERIOR,Sem função
2932252,Aposentado,ASSISTENTE EM ADMINISTRACAO,Sem função
1152488,Ativo,PROFESSOR DO MAGISTERIO SUPERIOR,Sem função
2815910,Ativo,TECNICO DE LABORATORIO AREA,Sem função
294758,Aposentado,PROFESSOR DO MAGISTERIO SUPERIOR,Sem função
1518319,Ativo,VIGILANTE,Sem função
2250366,Aposentado,PROFESSOR DO MAGISTERIO SUPERIOR,Sem função
71491,Aposentado,PROFESSOR DO MAGISTERIO SUPERIOR,Sem função
1771115,Ativo,PROFESSOR DO MAGISTERIO SUPERIOR,Sem função
1553509,Aposentado,PROFESSOR DO MAGISTERIO SUPERIOR,Sem função
1553509,Aposentado,PROFESSOR DO MAGISTERIO SUPERIOR,Sem função
1553509,Pensionista,ADMINISTRADOR,Sem função
6555,Ativo,PROFESSOR DO MAGISTERIO SUPERIOR,Sem função
520654,Ativo,AUX EM ADMINISTRACAO,Sem função
1181566,Ativo,PROFESSOR DO MAGISTERIO SUPERIOR,Sem função
224512,Aposentado,PROFESSOR DO MAGISTERIO SUPERIOR,Sem função
925190,Aposentado,PROFESSOR DO MAGISTERIO SUPERIOR,Sem função
3474813,Ativo,PROFESSOR DO MAGISTERIO SUPERIOR,Sem função
568808,Ativo,PROFESSOR DO MAGISTERIO SUPERIOR,Sem função
271435,Aposentado,ANALISTA DE TEC DA INFORMACAO,Sem função
961651,Aposentado,PROFESSOR DO MAGISTERIO SUPERIOR,Sem função
2806084,Aposentado,MEDICO-AREA,Sem função
1829393,Aposentado,CONTINUO,Sem função
1159490,Ativo,PROFESSOR DO MAGISTERIO SUPERIOR,Sem função
2120295,Aposentado,PROFESSOR DO MAGISTERIO SUPERIOR,Sem função
2938839,Ativo,PROFESSOR DO MAGISTERIO SUPERIOR,Sem função
20417,Aposentado,PROFESSOR DO MAGISTERIO SUPERIOR,Sem função
2808118,Ativo,PROFESSOR DO MAGISTERIO SUPERIOR,Sem função
1844986,Aposentado,VIGILANTE,Sem função
1203263,Ativo,MOTORISTA,Sem função
1169991,Ativo,ANALISTA DE TEC DA INFORMACAO,Sem função
1359316,Ativo,VIGILANTE,Sem função
1870473,Aposentado,MOTORISTA,Sem função
355043,Ativo,PROFESSOR DO MAGISTERIO SUPERIOR,Sem função
3169501,Ativo,PROFESSOR DO MAGISTERIO SUPERIOR,Sem função
2511551,Ativo,PROFESSOR DO MAGISTERIO SUPERIOR,Sem função
435437,Ativo,VIGILANTE,Sem função
847017,Aposentado,OPERADOR DE MAQUINA COPIADORA,Sem função
2000641,Aposentado,RECEPCIONISTA,Sem função
883912,Aposentado,ASSISTENTE DE LABORATORIO,Sem função
3529299,Aposentado,PROFESSOR DO MAGISTERIO SUPERIOR,Sem função
614735,Ativo,PROFESSOR MAGISTERIO SUPERIOR-SUBSTITUTO,Sem função
3514565,Aposentado,AUXILIAR DE ENFERMAGEM,Sem função
2836280,Ativo,PROFESSOR MAGISTERIO SUPERIOR-SUBSTITUTO,Sem função
552210,Ativo,PROFESSOR MAGISTERIO SUPERIOR-SUBSTITUTO,Sem função
967335,Ativo,PROFESSOR DO MAGISTERIO SUPERIOR,Sem função
2487889,Ativo,PROFESSOR DO MAGISTERIO SUPERIOR,Sem função
3670600,Aposentado,SERVENTE DE LIMPEZA,Sem função
844021,Aposentado,PROFESSOR DO MAGISTERIO SUPERIOR,Sem função
844021,Pensionista,PSICOLOGO-AREA,Sem função
1706161,Ativo,PROFESSOR DO MAGISTERIO SUPERIOR,Sem função
1706161,Aposentado,PROFESSOR DO MAGISTERIO SUPERIOR,Sem função
1562522,Aposentado,CONTINUO,Sem função
2799334,Ativo,PROFESSOR DO MAGISTERIO SUPERIOR,Sem função
994492,Ativo,DESENHISTA DE ARTES GRAFICAS,Sem função
1338575,Aposentado,MEDICO-AREA,Sem função
1338575,Aposentado,MEDICO-AREA,Sem função
258125,Aposentado,AUX EM ADMINISTRACAO,Sem função
261684,Ativo,VIGILANTE,Sem função
841515,Aposentado,ECONOMISTA,Sem função
2125342,Ativo,ASSISTENTE EM ADMINISTRACAO,Sem função
2938038,Ativo,MEDICO RESIDENTE,Sem função
2366851,Ativo,PROFESSOR DO MAGISTERIO SUPERIOR,Sem função
2504985,Aposentado,PROFESSOR DO MAGISTERIO SUPERIOR,Sem função
3130530,Ativo,MEDICO RESIDENTE,Sem função
369996,Ativo,PROFESSOR DO MAGISTERIO SUPERIOR,Sem função
2215219,Ativo,PROFESSOR DO MAGISTERIO SUPERIOR,Sem função
2925621,Ativo,AUXILIAR DE ENFERMAGEM,Sem função
3703863,Ativo,PROFESSOR DO MAGISTERIO SUPERIOR,Sem função
1703556,Pensionista,ASSISTENTE SOCIAL,Sem função
3590655,Aposentado,AUXILIAR DE ENFERMAGEM,Sem função
2226078,Aposentado,ESTATISTICO,Sem função
2823117,Ativo,ASSISTENTE EM ADMINISTRACAO,Sem função
270190,Ativo,PROFESSOR DO MAGISTERIO SUPERIOR,Sem função
2884783,Ativo,VIGILANTE,Sem função
2760045,Aposentado,PROFESSOR ENS BASICO TECN TECNOLOGICO,Sem função
260383,Ativo,PROFESSOR DO MAGISTERIO SUPERIOR,Sem função
3220226,Aposentado,PROFESSOR DO MAGISTERIO SUPERIOR,Sem função
573677,Pensionista,PROFESSOR DO MAGISTERIO SUPERIOR,Sem função
3164846,Pensionista,PROFESSOR DO MAGISTERIO SUPERIOR,Sem função
2273307,Aposentado,PROFESSOR DO MAGISTERIO SUPERIOR,Sem função
69156,Aposentado,PINTOR-AREA,Sem função
1692548,Aposentado,PROFESSOR DO MAGISTERIO SUPERIOR,Sem função
1692548,Aposentado,ARQUITETO E URBANISTA,Sem função
747502,Pensionista,RECEPCIONISTA,Sem função
2800356,Ativo,MEDICO-AREA,Sem função
1707119,Aposentado,BIOMEDICO,Sem função
1036084,Aposentado,TECNICO DE LABORATORIO AREA,Sem função
3539938,Ativo,ENGENHEIRO-AREA,Sem função
1103943,Aposentado,PROFESSOR DO MAGISTERIO SUPERIOR,Sem função
3066224,Ativo,SERVENTE DE LIMPEZA,Sem função
782318,Aposentado,PROFESSOR DO MAGISTERIO SUPERIOR,Sem função
454020,Ativo,PROFESSOR DO MAGISTERIO SUPERIOR,Sem função
454020,Ativo,Sem informaç,FG 000.2
2536248,Ativo,PROFESSOR MAGISTERIO SUPERIOR-SUBSTITUTO,Sem função
3378310,Aposentado,PROFESSOR DO MAGISTERIO SUPERIOR,Sem função
1577980,Ativo,PROFESSOR DO MAGISTERIO SUPERIOR,Sem função
12083,Ativo,TECNICO DE LABORATORIO AREA,Sem função
3178666,Ativo,PROFESSOR MAGISTERIO SUPERIOR-SUBSTITUTO,Sem função
2163936,Aposentado,ADMINISTRADOR,Sem função
984708,Ativo,ASSISTENTE EM ADMINISTRACAO,Sem função
673072,Aposentado,ASSISTENTE EM ADMINISTRACAO,Sem função
3667276,Aposentado,PROFESSOR DO MAGISTERIO SUPERIOR,Sem função
463316,Ativo,PROFESSOR DO MAGISTERIO SUPERIOR,Sem função
1373466,Aposentado,SECRETARIO EXECUTIVO,Sem função
1066833,Ativo,PROFESSOR DO MAGISTERIO SUPERIOR,Sem função
641872,Aposentado,PROFESSOR DO MAGISTERIO SUPERIOR,Sem função
1658706,Aposentado,PROFESSOR DO MAGISTERIO SUPERIOR,Sem função
2953444,Ativo,AUX EM ADMINISTRACAO,Sem função
2953444,Ativo,Sem informaç,FG 000.2
3428109,Aposentado,TECNICO DE LABORATORIO AREA,Sem função
1213990,Ativo,TECNICO EM ELETRONICA,Sem função
3180818,Ativo,TECNICO EM ENFERMAGEM,Sem função
2274332,Ativo,ASSISTENTE EM ADMINISTRACAO,Sem função
2730613,Pensionista,RECEPCIONISTA,Sem função
1984667,Ativo,AUXILIAR DE ENFERMAGEM,Sem função
938642,Pensionista,PROFESSOR DO MAGISTERIO SUPERIOR,Sem função
1385950,Ativo,BIBLIOTECARIO-DOCUMENTALISTA,Sem função
1385950,Ativo,Sem informaç,FG 000.3
3061148,Ativo,ENFERMEIRO-AREA,Sem função
3575214,Pensionista,PROFESSOR DO MAGISTERIO SUPERIOR,Sem função
1766076,Aposentado,MEDICO-AREA,Sem função
2808162,Aposentado,PROFESSOR DO MAGISTERIO SUPERIOR,Sem função
2808162,Aposentado,PROFESSOR DO MAGISTERIO SUPERIOR,Sem função
3589844,Aposentado,PROFESSOR ENS BASICO TECN TECNOLOGICO,Sem função
1368072,Aposentado,PROFESSOR DO MAGISTERIO SUPERIOR,Sem função
1368072,Pensionista,PROFESSOR DO MAGISTERIO SUPERIOR,Sem função
1368072,Pensionista,PROFESSOR DO MAGISTERIO SUPERIOR,Sem função
2821873,Aposentado,VIGILANTE,Sem função
1584223,Aposentado,PROFESSOR DO MAGISTERIO SUPERIOR,Sem função
2909864,Ativo,PROFESSOR DO MAGISTERIO SUPERIOR,Sem função
1407473,Pensionista,PROFESSOR 3 GRAU,Sem função
3853248,Ativo,ASSISTENTE EM ADMINISTRACAO,Sem função
2670736,Ativo,TECNOLOGO-FORMACAO,Sem função
1391138,Ativo,FARMACEUTICO-HABILITACAO,Sem função
1007579,Ativo,PROFESSOR DO MAGISTERIO SUPERIOR,Sem função
3185801,Pensionista,PROFESSOR DO MAGISTERIO SUPERIOR,Sem função
3431323,Ativo,RESIDENCIA MULTIPROF. SAUDE DA FAMILIA,Sem função
1959054,Pensionista,PROFESSOR DO MAGISTERIO SUPERIOR,Sem função
2438743,Aposentado,PROFESSOR DO MAGISTERIO SUPERIOR,Sem função
2438743,Aposentado,PROFESSOR ENS BASICO TECN TECNOLOGICO,Sem função
2716152,Ativo,TECNICO EM RESTAURACAO,Sem função
1428990,Ativo,PROFESSOR DO MAGISTERIO SUPERIOR,Sem função
1428990,Ativo,Sem informaç,FG 000.1
3853850,Ativo,ASSISTENTE EM ADMINISTRACAO,Sem função
1645064,Ativo,ADMINISTRADOR,Sem função
1645064,Ativo,Sem informaç,FG 000.2
1636996,Aposentado,GEOLOGO,Sem função
995456,Aposentado,ASSISTENTE EM ADMINISTRACAO,Sem função
2518324,Ativo,PROFESSOR DO MAGISTERIO SUPERIOR,Sem função
2518324,Ativo,Sem informaç,CCX 031.6
191660,Aposentado,AUXILIAR DE ENFERMAGEM,Sem função
2618753,Pensionista,AUX EM ADMINISTRACAO,Sem função
328884,Ativo,PROFESSOR DO MAGISTERIO SUPERIOR,Sem função
67427,Aposentado,AUX EM ADMINISTRACAO,Sem função
705047,Pensionista,VIGILANTE,Sem função
2386010,Pensionista,QUIMICO,Sem função
936195,Aposentado,PROFESSOR DO MAGISTERIO SUPERIOR,Sem função
2844818,Ativo,VIGILANTE,Sem função
1950926,Aposentado,ASSISTENTE EM ADMINISTRACAO,Sem função
2061363,Aposentado,MOTORISTA,Sem função
911083,Aposentado,ENCADERNADOR,Sem função
825230,Ativo,PROFESSOR DO MAGISTERIO SUPERIOR,Sem função
2167426,Aposentado,ARQUITETO E URBANISTA,Sem função
1561693,Aposentado,PROFESSOR DO MAGISTERIO SUPERIOR,Sem função
1155432,Ativo,PROFESSOR TITULAR-LIVRE MAG SUPERIOR,Sem função
1494868,Ativo,PROFESSOR MAGISTERIO SUPERIOR-SUBSTITUTO,Sem função
492450,Aposentado,PROFESSOR DO MAGISTERIO SUPERIOR,Sem função
2373996,Ativo,ASSISTENTE EM ADMINISTRACAO,Sem função
2394840,Aposentado,PROFESSOR DO MAGISTERIO SUPERIOR,Sem função
2579262,Aposentado,TECNICO EM ARTES GRAFICAS,Sem função
323644,Ativo,PROFESSOR DO MAGISTERIO SUPERIOR,Sem função
2688554,Aposentado,PROFESSOR DO MAGISTERIO SUPERIOR,Sem função
1092716,Aposentado,MOTORISTA,Sem função
2947942,Ativo,PROFESSOR DO MAGISTERIO SUPERIOR,Sem função
1844389,Pensionista,ASSISTENTE EM ADMINISTRACAO,Sem função
1201196,Aposentado,VIGILANTE,Sem função
2524088,Ativo,PROFESSOR DO MAGISTERIO SUPERIOR,Sem função
1007619,Ativo,PROFESSOR DO MAGISTERIO SUPERIOR,Sem função
2848864,Ativo,PROFESSOR DO MAGISTERIO SUPERIOR,Sem função
1631681,Aposentado,VIGILANTE,Sem função
2785971,Aposentado,PROFESSOR DO MAGISTERIO SUPERIOR,Sem função
3316620,Aposentado,PROFESSOR 3 GRAU,Sem função
3240920,Ativo,PROFESSOR MAGISTERIO SUPERIOR-SUBSTITUTO,Sem função
2420791,Ativo,TECNICO DE LABORATORIO AREA,Sem função
640452,Ativo,MEDICO RESIDENTE,Sem função
1230983,Ativo,PROFESSOR MAGISTERIO SUPERIOR-SUBSTITUTO,Sem função
3854701,Ativo,MEDICO RESIDENTE,Sem função
2007647,Ativo,PROFESSOR MAGISTERIO SUPERIOR-SUBSTITUTO,Sem função
1560889,Ativo,AUDITOR,Sem função
2026265,Aposentado,PROFESSOR DO MAGISTERIO SUPERIOR,Sem função
3687578,Ativo,TECNICO DE LABORATORIO AREA,Sem função
3189269,Ativo,REVISOR DE TEXTOS,Sem função
3253918,Ativo,CONTADOR,Sem função
548159,Ativo,PROFESSOR DO MAGISTERIO SUPERIOR,Sem função
13257,Aposentado,TECNICO DE LABORATORIO AREA,Sem função
3778455,Ativo,ASSISTENTE EM ADMINISTRACAO,Sem função
1639942,Ativo,ASSISTENTE EM ADMINISTRACAO,Sem função
1999517,Ativo,ASSISTENTE EM ADMINISTRACAO,Sem função
1130142,Ativo,PROFESSOR DO MAGISTERIO SUPERIOR,Sem função
2846768,Ativo,TECNICO DE LABORATORIO AREA,Sem função
363520,Ativo,MEDICO-AREA,Sem função
896507,Ativo,PROFESSOR DO MAGISTERIO SUPERIOR,Sem função
1919294,Aposentado,PROFESSOR DO MAGISTERIO SUPERIOR,Sem função
746955,Aposentado,PROFESSOR DO MAGISTERIO SUPERIOR,Sem função
1981810,Ativo,TEC DE TECNOLOGIA DA INFORMACAO,Sem função
443185,Ativo,PROFESSOR DO MAGISTERIO SUPERIOR,Sem função
3646800,Ativo,PROFESSOR DO MAGISTERIO SUPERIOR,Sem função
180731,Ativo,MEDICO RESIDENTE,Sem função
3535703,Ativo,PROFESSOR DO MAGISTERIO SUPERIOR,Sem função
786896,Ativo,ASSISTENTE EM ADMINISTRACAO,Sem função
3155609,Ativo,PROFESSOR DO MAGISTERIO SUPERIOR,Sem função
3155609,Ativo,Sem informaç,FUC 000.1
1171682,Ativo,ASSISTENTE EM ADMINISTRACAO,Sem função
1372886,Aposentado,PROFESSOR DO MAGISTERIO SUPERIOR,Sem função
353157,Ativo,AUXILIAR DE ENFERMAGEM,Sem função
1257070,Ativo,PROFESSOR DO MAGISTERIO SUPERIOR,Sem função
3863663,Ativo,MEDICO RESIDENTE,Sem função
1509481,Aposentado,PROFESSOR DO MAGISTERIO SUPERIOR,Sem função
1509481,Aposentado,NUTRICIONISTA-HABILITACAO,Sem função
1106914,Ativo,ASSISTENTE EM ADMINISTRACAO,Sem função
919305,Aposentado,PROFESSOR DO MAGISTERIO SUPERIOR,Sem função
1443834,Aposentado,ASSISTENTE EM ADMINISTRACAO,Sem função
955062,Aposentado,ASSISTENTE EM ADMINISTRACAO,Sem função
716162,Aposentado,TECNICO DE LABORATORIO AREA,Sem função
1138484,Ativo,PROFESSOR DO MAGISTERIO SUPERIOR,Sem função
1290846,Ativo,AUXILIAR DE ENFERMAGEM,Sem função
1906670,Aposentado,EDITOR DE IMAGENS,Sem função
1758845,Ativo,PROFESSOR DO MAGISTERIO SUPERIOR,Sem função
1758845,Ativo,Sem informaç,FUC 000.1
996142,Ativo,PROFESSOR DO MAGISTERIO SUPERIOR,Sem função
1886724,Ativo,TECNICO EM AUDIOVISUAL,Sem função
1886724,Ativo,Sem informaç,FG 000.1
1508821,Ativo,PROFESSOR DO MAGISTERIO SUPERIOR,Sem função
3861301,Ativo,ASSISTENTE EM ADMINISTRACAO,Sem função
3240738,Ativo,AUXILIAR DE NUTRICAO E DIETETICA,Sem função
2693549,Ativo,PROFESSOR DO MAGISTERIO SUPERIOR,Sem função
581156,Aposentado,PROFESSOR DO MAGISTERIO SUPERIOR,Sem função
431166,Ativo,PROFESSOR DO MAGISTERIO SUPERIOR,Sem função
2874347,Ativo,PROFESSOR DO MAGISTERIO SUPERIOR,Sem função
795239,Ativo,PROFESSOR MAGISTERIO SUPERIOR-SUBSTITUTO,Sem função
512338,Ativo,TECNICO DE LABORATORIO AREA,Sem função
1658539,Ativo,TECNICO EM REFRIGERACAO,Sem função
915982,Aposentado,PROFESSOR DO MAGISTERIO SUPERIOR,Sem função
3584252,Pensionista,FARMACEUTICO-HABILITACAO,Sem função
3660873,Aposentado,ECONOMISTA,Sem função
3538540,Aposentado,AUXILIAR DE ENFERMAGEM,Sem função
2477000,Aposentado,ATENDENTE DE CONSULTORIO-AREA,Sem função
244967,Ativo,PROFESSOR DO MAGISTERIO SUPERIOR,Sem função
2124003,Pensionista,ASSISTENTE EM ADMINISTRACAO,Sem função
1944782,Aposentado,PROFESSOR DO MAGISTERIO SUPERIOR,Sem função
1944782,Aposentado,PROCURADOR FEDERAL,Sem função
2861991,Ativo,PROFESSOR DO MAGISTERIO SUPERIOR,Sem função
3115423,Ativo,ADMINISTRADOR,Sem função
2164198,Ativo,PROFESSOR DO MAGISTERIO SUPERIOR,Sem função
308395,Ativo,ANALISTA DE TEC DA INFORMACAO,Sem função
2012008,Aposentado,FARMACEUTICO-HABILITACAO,Sem função
844725,Pensionista,MESTRE DE EDIF E INFRAESTRUTURA,Sem função
2596520,Pensionista,AUXILIAR DE ENFERMAGEM,Sem função
2399512,Ativo,PROFESSOR DO MAGISTERIO SUPERIOR,Sem função
7170,Aposentado,PROFESSOR DO MAGISTERIO SUPERIOR,Sem função
1298931,Ativo,ASSISTENTE EM ADMINISTRACAO,Sem função
2628688,Pensionista,RECEPCIONISTA,Sem função
2642568,Pensionista,RECEPCIONISTA,Sem função
870087,Pensionista,ENCADERNADOR,Sem função
3531312,Aposentado,PROFESSOR DO MAGISTERIO SUPERIOR,Sem função
3531312,Pensionista,PROFESSOR DO MAGISTERIO SUPERIOR,Sem função
1013668,Aposentado,AUXILIAR DE ENFERMAGEM,Sem função
664544,Pensionista,PROFESSOR 3 GRAU,Sem função
3226501,Ativo,AUXILIAR DE ENFERMAGEM,Sem função
41150,Aposentado,ASSISTENTE EM ADMINISTRACAO,Sem função
1513697,Aposentado,TECNICO DE LABORATORIO AREA,Sem função
1015120,Ativo,PROFESSOR DO MAGISTERIO SUPERIOR,Sem função
2068130,Aposentado,AUXILIAR DE ENFERMAGEM,Sem função
3188900,Ativo,ENGENHEIRO-AREA,Sem função
3204173,Aposentado,PROFESSOR DO MAGISTERIO SUPERIOR,Sem função
859315,Pensionista,ASSISTENTE EM ADMINISTRACAO,Sem função
1106520,Aposentado,ENFERMEIRO-AREA,Sem função
442120,Aposentado,ASSISTENTE SOCIAL,Sem função
3647810,Aposentado,ENFERMEIRO-AREA,Sem função
811656,Pensionista,PROFESSOR DO MAGISTERIO SUPERIOR,Sem função
247706,Aposentado,PROFESSOR DO MAGISTERIO SUPERIOR,Sem função
2276413,Pensionista,BARBEIRO,Sem função
3289395,Ativo,PROFESSOR DO MAGISTERIO SUPERIOR,Sem função
1884113,Ativo,TECNICO DE LABORATORIO AREA,Sem função
1837282,Ativo,VIGILANTE,Sem função
2253189,Ativo,PROFESSOR DO MAGISTERIO SUPERIOR,Sem função
605758,Ativo,ARMAZENISTA,Sem função
1923271,Aposentado,AUX EM ADMINISTRACAO,Sem função
1840122,Ativo,AUXILIAR DE ENFERMAGEM,Sem função
182722,Aposentado,SECRETARIO EXECUTIVO,Sem função
3644060,Aposentado,AUXILIAR DE SAUDE,Sem função
1081829,Ativo,TECNICO EM CONTABILIDADE,Sem função
1808450,Ativo,ODONTOLOGO - 40 HORAS,Sem função
3572488,Pensionista,RECEPCIONISTA,Sem função
2700321,Aposentado,PROFESSOR DO MAGISTERIO SUPERIOR,Sem função
2700321,Aposentado,PROFESSOR DO MAGISTERIO SUPERIOR,Sem função
2220467,Ativo,PROFESSOR DO MAGISTERIO SUPERIOR,Sem função
2483269,Ativo,ASSISTENTE EM ADMINISTRACAO,Sem função
1525970,Ativo,PROFESSOR DO MAGISTERIO SUPERIOR,Sem função
3330069,Aposentado,AUXILIAR DE ENFERMAGEM,Sem função
3301724,Aposentado,AUXILIAR DE ENFERMAGEM,Sem função
2806480,Pensionista,AUXILIAR DE ENFERMAGEM,Sem função
2145030,Pensionista,AUXILIAR DE LABORATORIO,Sem função
3862287,Ativo,PROFESSOR MAGISTERIO SUPERIOR-SUBSTITUTO,Sem função
301449,Ativo,TRADUTOR INTERPRETE DE LINGUAGEM SINAIS,Sem função
2361882,Ativo,RESIDENCIA MULTIPROFISSIONAL,Sem função
1854752,Ativo,PROFESSOR MAGISTERIO SUPERIOR-SUBSTITUTO,Sem função
3117286,Ativo,PROFESSOR DO MAGISTERIO SUPERIOR,Sem função
3245527,Ativo,MEDICO-AREA,Sem função
1827123,Ativo,ASSISTENTE EM ADMINISTRACAO,Sem função
2694238,Ativo,PROFESSOR MAGISTERIO SUPERIOR-SUBSTITUTO,Sem função
2501841,Pensionista,MESTRE DE EDIF E INFRAESTRUTURA,Sem função
3857993,Ativo,MEDICO RESIDENTE,Sem função
3263722,Ativo,PROFESSOR DO MAGISTERIO SUPERIOR,Sem função
724973,Aposentado,JORNALISTA,Sem função
820530,Pensionista,BIBLIOTECARIO-DOCUMENTALISTA,Sem função
1837554,Ativo,VIGILANTE,Sem função
3265584,Ativo,ATENDENTE DE ENFERMAGEM,Sem função
2094014,Aposentado,ASSISTENTE EM ADMINISTRACAO,Sem função
1251392,Ativo,PROFESSOR DO MAGISTERIO SUPERIOR,Sem função
1251392,Ativo,Sem informaç,FG 000.1
1157257,Ativo,PROFESSOR DO MAGISTERIO SUPERIOR,Sem função
1864714,Ativo,MEDICO RESIDENTE,Sem função
1968488,Ativo,SECRETARIO EXECUTIVO,Sem função
360001,Aposentado,PROFESSOR ENS BASICO TECN TECNOLOGICO,Sem função
3859381,Ativo,MEDICO RESIDENTE,Sem função
2361985,Ativo,TECNICO DE LABORATORIO AREA,Sem função
404192,Ativo,ASSISTENTE EM ADMINISTRACAO,Sem função
3121643,Pensionista,RECEPCIONISTA,Sem função
3278845,Pensionista,PROFESSOR DO MAGISTERIO SUPERIOR,Sem função
3123279,Ativo,ASSISTENTE EM ADMINISTRACAO,Sem função
3544351,Aposentado,PROFESSOR DO MAGISTERIO SUPERIOR,Sem função
465395,Ativo,PROFESSOR DO MAGISTERIO SUPERIOR,Sem função
1649928,Ativo,COPEIRO,Sem função
1419156,Ativo,PROFESSOR DO MAGISTERIO SUPERIOR,Sem função
1834877,Aposentado,PROFESSOR DO MAGISTERIO SUPERIOR,Sem função
2492555,Ativo,ASSISTENTE EM ADMINISTRACAO,Sem função
1778721,Pensionista,MARCENEIRO,Sem função
958285,Pensionista,PEDREIRO,Sem função
585131,Aposentado,AUXILIAR DE ENFERMAGEM,Sem função
3309786,Pensionista,TECNICO DE LABORATORIO AREA,Sem função
818273,Aposentado,FARMACEUTICO-HABILITACAO,Sem função
1896910,Pensionista,RECEPCIONISTA,Sem função
1118493,Aposentado,COPEIRO,Sem função
3406571,Ativo,PROFESSOR DO MAGISTERIO SUPERIOR,Sem função
3153288,Ativo,PROFESSOR DO MAGISTERIO SUPERIOR,Sem função
394836,Aposentado,PROFESSOR DO MAGISTERIO SUPERIOR,Sem função
394836,Pensionista,PROFESSOR DO MAGISTERIO SUPERIOR,Sem função
172309,Pensionista,MESTRE DE EDIF E INFRAESTRUTURA,Sem função
3657441,Pensionista,PROFESSOR DO MAGISTERIO SUPERIOR,Sem função
1326932,Ativo,PROFESSOR DO MAGISTERIO SUPERIOR,Sem função
726422,Ativo,TECNOLOGO-FORMACAO,Sem função
2985218,Pensionista,PROFESSOR DO MAGISTERIO SUPERIOR,Sem função
531411,Ativo,ASSISTENTE EM ADMINISTRACAO,Sem função
1981884,Aposentado,BIBLIOTECARIO-DOCUMENTALISTA,Sem função
276495,Aposentado,TERAPEUTA OCUPACIONAL,Sem função
2674245,Aposentado,AUXILIAR DE SAUDE,Sem função
1554856,Ativo,PROFESSOR DO MAGISTERIO SUPERIOR,Sem função
3753428,Ativo,ENFERMEIRO-AREA,Sem função
1233411,Ativo,PROFESSOR DO MAGISTERIO SUPERIOR,Sem função
443370,Ativo,TECNICO EM ASSUNTOS EDUCACIONAIS,Sem função
329827,Ativo,TECNICO EM ASSUNTOS EDUCACIONAIS,Sem função
3510509,Ativo,PROFESSOR DO MAGISTERIO SUPERIOR,Sem função
1707859,Ativo,PROFESSOR DO MAGISTERIO SUPERIOR,Sem função
3620987,Pensionista,PROFESSOR DO MAGISTERIO SUPERIOR,Sem função
1966619,Ativo,PROFESSOR DO MAGISTERIO SUPERIOR,Sem função
3197080,Ativo,PROGRAMADOR VISUAL,Sem função
1948970,Ativo,ASSISTENTE EM ADMINISTRACAO,Sem função
479695,Ativo,PROFESSOR DO MAGISTERIO SUPERIOR,Sem função
2015306,Ativo,PROFESSOR DO MAGISTERIO SUPERIOR,Sem função
1679351,Ativo,PROFESSOR DO MAGISTERIO SUPERIOR,Sem função
1679351,Ativo,Sem informaç,FG 000.1
1614138,Ativo,PROFESSOR DO MAGISTERIO SUPERIOR,Sem função
1420083,Aposentado,PROFESSOR DO MAGISTERIO SUPERIOR,Sem função
4470,Aposentado,ASSISTENTE EM ADMINISTRACAO,Sem função
2866662,Ativo,MEDICO RESIDENTE,Sem função
3859303,Ativo,PROFESSOR MAGISTERIO SUPERIOR-SUBSTITUTO,Sem função
1340729,Ativo,ASSISTENTE EM ADMINISTRACAO,Sem função
3606042,Pensionista,PROFESSOR DO MAGISTERIO SUPERIOR,Sem função
1236573,Ativo,PROFESSOR DO MAGISTERIO SUPERIOR,Sem função
1236573,Ativo,Sem informaç,FUC 000.1
493353,Ativo,MEDICO-AREA,Sem função
1685203,Pensionista,PROFESSOR DO MAGISTERIO SUPERIOR,Sem função
1685203,Pensionista,MEDICO-AREA,Sem função
3382729,Ativo,PROFESSOR ENS BASICO TECN TECNOLOGICO,Sem função
3071837,Ativo,SECRETARIO EXECUTIVO,Sem função
643144,Ativo,PROFESSOR DO MAGISTERIO SUPERIOR,Sem função
1903338,Ativo,MEDICO RESIDENTE,Sem função
568955,Aposentado,PROFESSOR DO MAGISTERIO SUPERIOR,Sem função
3380820,Ativo,Sem informaç,CD 000.3
1368451,Ativo,PROFESSOR MAGISTERIO SUPERIOR-SUBSTITUTO,Sem função
2080190,Ativo,ASSISTENTE EM ADMINISTRACAO,Sem função
12129,Ativo,ASSISTENTE EM ADMINISTRACAO,Sem função
1413661,Ativo,PROFESSOR DO MAGISTERIO SUPERIOR,Sem função
2533058,Ativo,PSICOLOGO-AREA,Sem função
1586115,Ativo,PROFESSOR DO MAGISTERIO SUPERIOR,Sem função
920445,Aposentado,ENGENHEIRO-AREA,Sem função
646609,Ativo,MEDICO RESIDENTE,Sem função
170325,Pensionista,ELETRICISTA,Sem função
3860672,Ativo,PROFESSOR MAGISTERIO SUPERIOR-SUBSTITUTO,Sem função
3403989,Ativo,VIGILANTE,Sem função
19517,Ativo,PROFESSOR DO MAGISTERIO SUPERIOR,Sem função
3640570,Ativo,MEDICO RESIDENTE,Sem função
1187263,Ativo,ASSISTENTE EM ADMINISTRACAO,Sem função
2096632,Ativo,TECNICO DE LABORATORIO AREA,Sem função
2225772,Ativo,PROFESSOR DO MAGISTERIO SUPERIOR,Sem função
267294,Ativo,ASSISTENTE EM ADMINISTRACAO,Sem função
267294,Ativo,Sem informaç,FG 000.1
1518098,Aposentado,PROFESSOR DO MAGISTERIO SUPERIOR,Sem função
132100,Ativo,MEDICO RESIDENTE,Sem função
3098894,Ativo,PROFESSOR DO MAGISTERIO SUPERIOR,Sem função
2853990,Ativo,AUX EM ADMINISTRACAO,Sem função
1325412,Ativo,PROFESSOR DO MAGISTERIO SUPERIOR,Sem função
3286306,Ativo,PSICOLOGO-AREA,Sem função
3286306,Ativo,Sem informaç,FG 000.3
2840259,Ativo,PROFESSOR DO MAGISTERIO SUPERIOR,Sem função
2032209,Ativo,MEDICO RESIDENTE,Sem função
110371,Ativo,RESIDENCIA MULTIPROFISSIONAL,Sem função
3858556,Ativo,MEDICO RESIDENTE,Sem função
1255240,Ativo,MEDICO RESIDENTE,Sem função
1637003,Ativo,MEDICO RESIDENTE,Sem função
2818782,Ativo,MEDICO RESIDENTE,Sem função
772661,Ativo,PROFESSOR DO MAGISTERIO SUPERIOR,Sem função
3434898,Ativo,PROFESSOR DO MAGISTERIO SUPERIOR,Sem função
573602,Ativo,PROFESSOR MAGISTERIO SUPERIOR-SUBSTITUTO,Sem função
2169318,Ativo,PROFESSOR DO MAGISTERIO SUPERIOR,Sem função
2169318,Ativo,Sem informaç,CD 000.2
981540,Ativo,ECONOMISTA,Sem função
3160826,Ativo,ASSISTENTE EM ADMINISTRACAO,Sem função
3160826,Ativo,Sem informaç,CD 000.4
582352,Ativo,ASSISTENTE EM ADMINISTRACAO,Sem função
589126,Ativo,MEDICO-AREA,Sem função
977205,Ativo,PROFESSOR DO MAGISTERIO SUPERIOR,Sem função
2107940,Ativo,TECNICO DE LABORATORIO AREA,Sem função
3081067,Ativo,ANALISTA DE TEC DA INFORMACAO,Sem função
2381885,Ativo,TEC DE TECNOLOGIA DA INFORMACAO,Sem função
984711,Ativo,PROFESSOR DO MAGISTERIO SUPERIOR,Sem função
1293848,Ativo,PROFESSOR DO MAGISTERIO SUPERIOR,Sem função
1862678,Ativo,PROFESSOR MAGISTERIO SUPERIOR-SUBSTITUTO,Sem função
2773305,Ativo,MEDICO RESIDENTE,Sem função
2886528,Ativo,ASSISTENTE EM ADMINISTRACAO,Sem função
3280289,Ativo,PROFESSOR DO MAGISTERIO SUPERIOR,Sem função
2317529,Ativo,TEC EM SEGURANCA DO TRABALHO,Sem função
3046627,Ativo,ADMINISTRADOR DE EDIFICIOS,Sem função
2611983,Ativo,MEDICO RESIDENTE,Sem função
449514,Ativo,MEDICO RESIDENTE,Sem função
3692583,Ativo,TECNICO DE LABORATORIO AREA,Sem função
1666347,Ativo,AUX EM ADMINISTRACAO,Sem função
3385462,Ativo,PROFESSOR MAGISTERIO SUPERIOR-SUBSTITUTO,Sem função
1190116,Ativo,PROFESSOR DO MAGISTERIO SUPERIOR,Sem função
1190116,Ativo,Sem informaç,FG 000.1
869110,Ativo,PROFESSOR DO MAGISTERIO SUPERIOR,Sem função
3248220,Ativo,PROFESSOR ENS BASICO TECN TECNOLOGICO,Sem função
2175145,Ativo,PROFESSOR DO MAGISTERIO SUPERIOR,Sem função
3363250,Ativo,BIBLIOTECARIO-DOCUMENTALISTA,Sem função
2839066,Ativo,PROFESSOR DO MAGISTERIO SUPERIOR,Sem função
2839066,Ativo,Sem informaç,FUC 000.1
3015519,Ativo,PROFESSOR DO MAGISTERIO SUPERIOR,Sem função
3015519,Ativo,Sem informaç,FG 000.1
2654331,Ativo,ASSISTENTE DE LABORATORIO,Sem função
3050779,Ativo,PROFESSOR DO MAGISTERIO SUPERIOR,Sem função
3050779,Ativo,Sem informaç,CD 000.3
261109,Ativo,ASSISTENTE EM ADMINISTRACAO,Sem função
2699262,Ativo,MEDICO RESIDENTE,Sem função
3183557,Ativo,PROFESSOR MAGISTERIO SUPERIOR-SUBSTITUTO,Sem função
2919100,Ativo,ASSISTENTE EM ADMINISTRACAO,Sem função
451225,Ativo,PROFESSOR DO MAGISTERIO SUPERIOR,Sem função
3858640,Ativo,TEC DE TECNOLOGIA DA INFORMACAO,Sem função
1662549,Ativo,TECNICO DE LABORATORIO AREA,Sem função
2358418,Ativo,MEDICO-AREA,Sem função
1352212,Ativo,PROFESSOR DO MAGISTERIO SUPERIOR,Sem função
709532,Ativo,PROFESSOR DO MAGISTERIO SUPERIOR,Sem função
31527,Ativo,PROFESSOR DO MAGISTERIO SUPERIOR,Sem função
2262393,Ativo,PROFESSOR DO MAGISTERIO SUPERIOR,Sem função
1295882,Ativo,MEDICO RESIDENTE,Sem função
357923,Ativo,PROFESSOR DO MAGISTERIO SUPERIOR,Sem função
357923,Ativo,Sem informaç,FUC 000.1
1323912,Ativo,ARQUIVISTA,Sem função
3456199,Ativo,TECNICO EM RADIOLOGIA,Sem função
2634975,Ativo,AUDITOR,Sem função
2634975,Ativo,Sem informaç,FG 000.1
2120441,Ativo,PROFESSOR DO MAGISTERIO SUPERIOR,Sem função
869894,Aposentado,PROFESSOR DO MAGISTERIO SUPERIOR,Sem função
181053,Aposentado,BIBLIOTECARIO-DOCUMENTALISTA,Sem função
1685041,Pensionista,RECEPCIONISTA,Sem função
1807122,Pensionista,RECEPCIONISTA,Sem função
2268417,Ativo,TECNICO EM ASSUNTOS EDUCACIONAIS,Sem função
1679194,Pensionista,MOTORISTA,Sem função
3236577,Ativo,PROFESSOR DO MAGISTERIO SUPERIOR,Sem função
3527486,Aposentado,PROFESSOR DO MAGISTERIO SUPERIOR,Sem função
517018,Aposentado,AUX EM ADMINISTRACAO,Sem função
2754219,Ativo,ASSISTENTE EM ADMINISTRACAO,Sem função
311558,Ativo,PROFESSOR DO MAGISTERIO SUPERIOR,Sem função
3042866,Ativo,PROFESSOR DO MAGISTERIO SUPERIOR,Sem função
460829,Ativo,TEC DE TECNOLOGIA DA INFORMACAO,Sem função
3478924,Ativo,OPERADOR DE CAMERA DE CINEMA E TV,Sem função
2414934,Ativo,PROFESSOR DO MAGISTERIO SUPERIOR,Sem função
1366157,Ativo,DESENHISTA TECNICO ESPECIALIDADE,Sem função
1364675,Ativo,ASSISTENTE EM ADMINISTRACAO,Sem função
1655588,Ativo,ASSISTENTE EM ADMINISTRACAO,Sem função
2438504,Ativo,PROFESSOR DO MAGISTERIO SUPERIOR,Sem função
2764095,Ativo,PROFESSOR DO MAGISTERIO SUPERIOR,Sem função
1044010,Aposentado,PSICOLOGO-AREA,Sem função
2895992,Ativo,TECNICO DE LABORATORIO AREA,Sem função
2326204,Ativo,PROFESSOR DO MAGISTERIO SUPERIOR,Sem função
2326204,Ativo,Sem informaç,FUC 000.1
351602,Ativo,AUX EM ADMINISTRACAO,Sem função
3206336,Ativo,ARQUIVISTA,Sem função
1598339,Ativo,ARQUITETO E URBANISTA,Sem função
2402148,Ativo,PROFESSOR DO MAGISTERIO SUPERIOR,Sem função
3687394,Ativo,ASSISTENTE EM ADMINISTRACAO,Sem função
3687394,Ativo,Sem informaç,FG 000.1
1926870,Ativo,PROFESSOR DO MAGISTERIO SUPERIOR,Sem função
570114,Ativo,ASSISTENTE EM ADMINISTRACAO,Sem função
3853251,Ativo,RESIDENCIA MULTIPROFISSIONAL,Sem função
124419,Ativo,CONTADOR,Sem função
124419,Ativo,Sem informaç,FG 000.2
314160,Ativo,ASSISTENTE EM ADMINISTRACAO,Sem função
3061182,Ativo,PROFESSOR MAGISTERIO SUPERIOR-SUBSTITUTO,Sem função
574643,Ativo,MEDICO RESIDENTE,Sem função
2276410,Ativo,AUX EM ADMINISTRACAO,Sem função
2706122,Ativo,PROFESSOR DO MAGISTERIO SUPERIOR,Sem função
3719008,Ativo,ASSISTENTE EM ADMINISTRACAO,Sem função
3904284,Ativo,PROFESSOR DO MAGISTERIO SUPERIOR,Sem função
1650947,Ativo,ADMINISTRADOR,Sem função
399666,Ativo,PROFESSOR MAGISTERIO SUPERIOR-SUBSTITUTO,Sem função
982126,Ativo,TECNICO DE LABORATORIO AREA,Sem função
260720,Ativo,ASSISTENTE EM ADMINISTRACAO,Sem função
2424998,Ativo,PROFESSOR MAGISTERIO SUPERIOR-SUBSTITUTO,Sem função
1271291,Ativo,PROFESSOR DO MAGISTERIO SUPERIOR,Sem função
1194361,Ativo,PROFESSOR DO MAGISTERIO SUPERIOR,Sem função
2552483,Ativo,TECNICO DE LABORATORIO AREA,Sem função
3473757,Ativo,PROFESSOR DO MAGISTERIO SUPERIOR,Sem função
3473757,Ativo,Sem informaç,FUC 000.1
1278939,Ativo,PROFESSOR DO MAGISTERIO SUPERIOR,Sem função
1278939,Ativo,Sem informaç,FG 000.1
2083032,Ativo,PROFESSOR MAGISTERIO SUPERIOR-SUBSTITUTO,Sem função
1910461,Ativo,PROFESSOR DO MAGISTERIO SUPERIOR,Sem função
3121748,Ativo,PROFESSOR DO MAGISTERIO SUPERIOR,Sem função
2473405,Ativo,ASSISTENTE EM ADMINISTRACAO,Sem função
1200844,Ativo,PROFESSOR DO MAGISTERIO SUPERIOR,Sem função
381610,Ativo,PROFESSOR DO MAGISTERIO SUPERIOR,Sem função
381610,Ativo,Sem informaç,FG 000.1
3318454,Aposentado,PROFESSOR DO MAGISTERIO SUPERIOR,Sem função
1832843,Ativo,ASSISTENTE EM ADMINISTRACAO,Sem função
1832843,Ativo,Inválido,Sem função
1715340,Ativo,ASSISTENTE EM ADMINISTRACAO,Sem função
1114482,Ativo,TECNICO DE LABORATORIO AREA,Sem função
2692303,Ativo,PROFESSOR ENS BASICO TECN TECNOLOGICO,Sem função
1281450,Ativo,PROFESSOR DO MAGISTERIO SUPERIOR,Sem função
713748,Pensionista,PROFESSOR 3 GRAU,Sem função
3286018,Ativo,NUTRICIONISTA-HABILITACAO,Sem função
3045163,Ativo,PROFESSOR MAGISTERIO SUPERIOR-SUBSTITUTO,Sem função
1334468,Ativo,PROFESSOR DO MAGISTERIO SUPERIOR,Sem função
382216,Ativo,ENFERMEIRO-AREA,Sem função
2705750,Ativo,PROFESSOR DO MAGISTERIO SUPERIOR,Sem função
3857723,Ativo,RESIDENCIA MULTIPROFISSIONAL,Sem função
1946229,Ativo,MEDICO-AREA,Sem função
3220153,Ativo,SECRETARIO EXECUTIVO,Sem função
2253851,Ativo,PROFESSOR DO MAGISTERIO SUPERIOR,Sem função
1542941,Ativo,TECNICO EM CONTABILIDADE,Sem função
3070711,Ativo,AUXILIAR DE ENFERMAGEM,Sem função
3117430,Pensionista,MEDICO-AREA,Sem função
336279,Ativo,PROFESSOR DO MAGISTERIO SUPERIOR,Sem função
1215903,Ativo,PROFESSOR DO MAGISTERIO SUPERIOR,Sem função
3693534,Ativo,PROFESSOR DO MAGISTERIO SUPERIOR,Sem função
3156329,Ativo,ASSISTENTE EM ADMINISTRACAO,Sem função
3156329,Ativo,Sem informaç,FG 000.1
1899523,Aposentado,VIGILANTE,Sem função
2006356,Aposentado,PROFESSOR DO MAGISTERIO SUPERIOR,Sem função
1645431,Aposentado,VIGILANTE,Sem função
1912887,Ativo,PROFESSOR DO MAGISTERIO SUPERIOR,Sem função
2091947,Aposentado,PROFESSOR DO MAGISTERIO SUPERIOR,Sem função
1099899,Ativo,TECNICO EM ELETROTECNICA,Sem função
3725819,Ativo,PROFESSOR DO MAGISTERIO SUPERIOR,Sem função
223446,Aposentado,PROFESSOR DO MAGISTERIO SUPERIOR,Sem função
514759,Ativo,PROFESSOR DO MAGISTERIO SUPERIOR,Sem função
514759,Ativo,Sem informaç,CCX 011.3
633610,Aposentado,PROFESSOR DO MAGISTERIO SUPERIOR,Sem função
3438001,Aposentado,PROFESSOR DO MAGISTERIO SUPERIOR,Sem função
269756,Aposentado,PROFESSOR DO MAGISTERIO SUPERIOR,Sem função
562518,Aposentado,AUX EM ADMINISTRACAO,Sem função
580209,Aposentado,RECEPCIONISTA,Sem função
1207220,Ativo,EDITOR DE IMAGENS,Sem função
2141126,Pensionista,RECEPCIONISTA,Sem função
1392957,Ativo,VIGILANTE,Sem função
2927934,Ativo,ELETRICISTA,Sem função
67249,Ativo,TECNICO DE LABORATORIO AREA,Sem função
3107236,Ativo,PROFESSOR DO MAGISTERIO SUPERIOR,Sem função
1043177,Ativo,AUXILIAR DE ENFERMAGEM,Sem função
18172,Aposentado,DESENHISTA DE ARTES GRAFICAS,Sem função
3571089,Aposentado,ADMINISTRADOR,Sem função
1671485,Aposentado,TEC EM ELETROELETRONICA,Sem função
1865949,Ativo,PROFESSOR DO MAGISTERIO SUPERIOR,Sem função
485287,Aposentado,TECNICO EM CONTABILIDADE,Sem função
1214022,Ativo,VIGILANTE,Sem função
930788,Aposentado,VIGILANTE,Sem função
366481,Ativo,TECNICO EM ASSUNTOS EDUCACIONAIS,Sem função
917190,Ativo,PROFESSOR DO MAGISTERIO SUPERIOR,Sem função
294295,Ativo,PROFESSOR DO MAGISTERIO SUPERIOR,Sem função
974084,Ativo,PROFESSOR DO MAGISTERIO SUPERIOR,Sem função
2886148,Ativo,ASSISTENTE EM ADMINISTRACAO,Sem função
3536843,Aposentado,PROFESSOR DO MAGISTERIO SUPERIOR,Sem função
3047729,Ativo,ASSISTENTE EM ADMINISTRACAO,Sem função
2133078,Aposentado,PROFESSOR DO MAGISTERIO SUPERIOR,Sem função
2063549,Aposentado,MEDICO-AREA,Sem função
948927,Pensionista,TECNICO DE LABORATORIO AREA,Sem função
1638691,Ativo,ASSISTENTE EM ADMINISTRACAO,Sem função
1407824,Ativo,PROFESSOR DO MAGISTERIO SUPERIOR,Sem função
3211299,Ativo,ASSISTENTE EM ADMINISTRACAO,Sem função
879915,Aposentado,MOTORISTA,Sem função
943071,Aposentado,MEDICO-AREA,Sem função
1120342,Ativo,PROFESSOR DO MAGISTERIO SUPERIOR,Sem função
1894969,Ativo,PROFESSOR DO MAGISTERIO SUPERIOR,Sem função
1208184,Ativo,PROFESSOR DO MAGISTERIO SUPERIOR,Sem função
1697099,Aposentado,DIRETOR DE PRODUCAO,Sem função
483956,Ativo,BIBLIOTECARIO-DOCUMENTALISTA,Sem função
306713,Aposentado,PROFESSOR DO MAGISTERIO SUPERIOR,Sem função
3505909,Ativo,ASSIST DE TECNOLOGIA DA INFORMACAO,Sem função
1664049,Ativo,PROFESSOR DO MAGISTERIO SUPERIOR,Sem função
2746937,Pensionista,SERVENTE DE LIMPEZA,Sem função
765727,Aposentado,PROFESSOR DO MAGISTERIO SUPERIOR,Sem função
11521,Ativo,ASSISTENTE EM ADMINISTRACAO,Sem função
2930954,Ativo,PROFESSOR DO MAGISTERIO SUPERIOR,Sem função
1952254,Aposentado,PROFESSOR DO MAGISTERIO SUPERIOR,Sem função
3118556,Ativo,ASSISTENTE EM ADMINISTRACAO,Sem função
856350,Aposentado,PROFESSOR DO MAGISTERIO SUPERIOR,Sem função
3301563,Ativo,PROFESSOR DO MAGISTERIO SUPERIOR,Sem função
2220131,Ativo,PSICOLOGO-AREA,Sem função
1005740,Ativo,PROFESSOR DO MAGISTERIO SUPERIOR,Sem função
357185,Ativo,AUX EM ADMINISTRACAO,Sem função
58573,Ativo,PROFESSOR MAGISTERIO SUPERIOR -VISITANTE,Sem função
203113,Ativo,PROFESSOR DO MAGISTERIO SUPERIOR,Sem função
2964664,Ativo,AUX EM ADMINISTRACAO,Sem função
522055,Ativo,ASSISTENTE EM ADMINISTRACAO,Sem função
290772,Ativo,MEDICO-AREA,Sem função
3088100,Ativo,TECNICO DE LABORATORIO AREA,Sem função
1451371,Ativo,ASSISTENTE EM ADMINISTRACAO,Sem função
1664635,Ativo,ANALISTA DE TEC DA INFORMACAO,Sem função
1664635,Ativo,Sem informaç,CD 000.4
2448197,Ativo,PROFESSOR DO MAGISTERIO SUPERIOR,Sem função
2448197,Ativo,Sem informaç,FG 000.1
73839,Ativo,TECNICO DE LABORATORIO AREA,Sem função
68866,Ativo,MEDICO-AREA,Sem função
1546305,Aposentado,PROFESSOR DO MAGISTERIO SUPERIOR,Sem função
2538733,Aposentado,PROFESSOR DO MAGISTERIO SUPERIOR,Sem função
3550238,Ativo,PROFESSOR DO MAGISTERIO SUPERIOR,Sem função
1871841,Ativo,TEC DE TECNOLOGIA DA INFORMACAO,Sem função
2866389,Ativo,FARMACEUTICO-HABILITACAO,Sem função
2411411,Ativo,VESTIARISTA,Sem função
3534333,Aposentado,MOTORISTA,Sem função
400641,Ativo,PROFESSOR DO MAGISTERIO SUPERIOR,Sem função
2334599,Aposentado,PROFESSOR DO MAGISTERIO SUPERIOR,Sem função
1038368,Aposentado,VIGILANTE,Sem função
3168488,Ativo,MEDICO-AREA,Sem função
2068386,Aposentado,MEDICO-AREA,Sem função
1163077,Ativo,ASSISTENTE EM ADMINISTRACAO,Sem função
1655094,Aposentado,PROFESSOR DO MAGISTERIO SUPERIOR,Sem função
3349867,Ativo,PROFESSOR MAGISTERIO SUPERIOR-SUBSTITUTO,Sem função
579462,Ativo,DESENHISTA DE ARTES GRAFICAS,Sem função
579462,Ativo,Sem informaç,CD 000.3
1316598,Ativo,ASSISTENTE EM ADMINISTRACAO,Sem função
2825077,Ativo,TECNICO EM ENFERMAGEM,Sem função
2167459,Aposentado,MEDICO-AREA,Sem função
3346748,Aposentado,ASSISTENTE EM ADMINISTRACAO,Sem função
994928,Pensionista,ASSISTENTE EM ADMINISTRACAO,Sem função
1469916,Aposentado,PROFESSOR DO MAGISTERIO SUPERIOR,Sem função
2213673,Aposentado,PROFESSOR DO MAGISTERIO SUPERIOR,Sem função
3904137,Ativo,MEDICO RESIDENTE,Sem função
3854867,Ativo,ADMINISTRADOR,Sem função
2131537,Ativo,PROFESSOR DO MAGISTERIO SUPERIOR,Sem função
1165942,Ativo,TECNICO DE LABORATORIO AREA,Sem função
2933641,Ativo,PROFESSOR DO MAGISTERIO SUPERIOR,Sem função
476356,Ativo,PROFESSOR DO MAGISTERIO SUPERIOR,Sem função
3304959,Ativo,PROFESSOR DO MAGISTERIO SUPERIOR,Sem função
2521976,Ativo,OPERADOR DE CAMERA DE CINEMA E TV,Sem função
2521976,Ativo,Sem informaç,FG 000.3
2243491,Pensionista,ASSISTENTE EM ADMINISTRACAO,Sem função
2280419,Ativo,PROFESSOR DO MAGISTERIO SUPERIOR,Sem função
448005,Ativo,AUX EM ADMINISTRACAO,Sem função
3278950,Ativo,PROFESSOR DO MAGISTERIO SUPERIOR,Sem função
2742525,Aposentado,PROFESSOR DO MAGISTERIO SUPERIOR,Sem função
2733178,Pensionista,FOTOGRAVADOR,Sem função
1037278,Ativo,ASSISTENTE EM ADMINISTRACAO,Sem função
3378512,Aposentado,PROFESSOR DO MAGISTERIO SUPERIOR,Sem função
3378512,Aposentado,PROFESSOR DO MAGISTERIO SUPERIOR,Sem função
1873708,Aposentado,PROFESSOR DO MAGISTERIO SUPERIOR,Sem função
512867,Ativo,PROFESSOR DO MAGISTERIO SUPERIOR,Sem função
88746,Aposentado,AUX EM ADMINISTRACAO,Sem função
583190,Ativo,SERVENTE DE LIMPEZA,Sem função
2844670,Ativo,AUX EM ADMINISTRACAO,Sem função
3540532,Ativo,ASSISTENTE EM ADMINISTRACAO,Sem função
3198659,Ativo,VIGILANTE,Sem função
2911714,Ativo,VIGILANTE,Sem função
1502656,Aposentado,PROFESSOR DO MAGISTERIO SUPERIOR,Sem função
1083171,Ativo,PROFESSOR DO MAGISTERIO SUPERIOR,Sem função
3559310,Pensionista,PROFESSOR 3 GRAU,Sem função
3559310,Pensionista,PROFESSOR DO MAGISTERIO SUPERIOR,Sem função
119514,Ativo,PROFESSOR DO MAGISTERIO SUPERIOR,Sem função
397269,Aposentado,AUX EM ADMINISTRACAO,Sem função
2875005,Aposentado,PROFESSOR DO MAGISTERIO SUPERIOR,Sem função
2821268,Ativo,TECNICO EM REFRIGERACAO,Sem função
2821268,Ativo,Sem informaç,CD 000.4
326537,Ativo,PROFESSOR MAGISTERIO SUPERIOR-SUBSTITUTO,Sem função
2635772,Aposentado,MECANICO,Sem função
264327,Aposentado,PROFESSOR DO MAGISTERIO SUPERIOR,Sem função
3185117,Aposentado,PROFESSOR DO MAGISTERIO SUPERIOR,Sem função
3547849,Aposentado,PROFESSOR DO MAGISTERIO SUPERIOR,Sem função
2574966,Aposentado,ODONTOLOGO - 30 HORAS - DL 1445-76,Sem função
1912184,Pensionista,RECEPCIONISTA,Sem função
751172,Aposentado,QUIMICO,Sem função
2334906,Pensionista,RECEPCIONISTA,Sem função
1678914,Aposentado,AUXILIAR DE ENFERMAGEM,Sem função
3363256,Aposentado,ECONOMISTA,Sem função
190029,Aposentado,CONTADOR,Sem função
1058322,Aposentado,DESENHISTA DE ARTES GRAFICAS,Sem função
280603,Ativo,PROFESSOR DO MAGISTERIO SUPERIOR,Sem função
2538016,Pensionista,PROFESSOR DO MAGISTERIO SUPERIOR,Sem função
2768601,Pensionista,ASSISTENTE EM ADMINISTRACAO,Sem função
578646,Aposentado,PROFESSOR DO MAGISTERIO SUPERIOR,Sem função
3423297,Aposentado,TECNICO EM ASSUNTOS EDUCACIONAIS,Sem função
917218,Aposentado,PROFESSOR DO MAGISTERIO SUPERIOR,Sem função
2182428,Ativo,MEDICO-AREA,Sem função
2182428,Ativo,Sem informaç,GF 002.7
3064004,Ativo,VIGILANTE,Sem função
3624402,Pensionista,ASSISTENTE EM ADMINISTRACAO,Sem função
2528530,Aposentado,ASSISTENTE EM ADMINISTRACAO,Sem função
547370,Aposentado,ASSISTENTE EM ADMINISTRACAO,Sem função
1771626,Pensionista,ASSISTENTE EM ADMINISTRACAO,Sem função
1175897,Ativo,PROFESSOR DO MAGISTERIO SUPERIOR,Sem função
3784772,Aposentado,AUXILIAR DE ENFERMAGEM,Sem função
457392,Ativo,ASSISTENTE EM ADMINISTRACAO,Sem função
457392,Ativo,Sem informaç,CD 000.4
2704202,Ativo,AUXILIAR DE ENFERMAGEM,Sem função
2268199,Aposentado,PROFESSOR DO MAGISTERIO SUPERIOR,Sem função
2246568,Ativo,PROFESSOR DO MAGISTERIO SUPERIOR,Sem função
2246568,Ativo,Sem informaç,CD 000.2
1535766,Ativo,PROFESSOR DO MAGISTERIO SUPERIOR,Sem função
679383,Ativo,MEDICO RESIDENTE,Sem função
2053868,Ativo,PSICOLOGO-AREA,Sem função
1466401,Pensionista,ASSISTENTE EM ADMINISTRACAO,Sem função
2899100,Ativo,PROFESSOR DO MAGISTERIO SUPERIOR,Sem função
2899100,Ativo,Sem informaç,FUC 000.1
552883,Ativo,MEDICO RESIDENTE,Sem função
3619661,Ativo,PROFESSOR MAGISTERIO SUPERIOR-SUBSTITUTO,Sem função
1540178,Ativo,PROFESSOR DO MAGISTERIO SUPERIOR,Sem função
1540178,Ativo,Sem informaç,FUC 000.1
2554684,Pensionista,PROFESSOR DO MAGISTERIO SUPERIOR,Sem função
197929,Aposentado,AUX EM ADMINISTRACAO,Sem função
2858668,Ativo,PROFESSOR DO MAGISTERIO SUPERIOR,Sem função
3102730,Ativo,MEDICO RESIDENTE,Sem função
1879529,Ativo,ARQUEOLOGO,Sem função
3701752,Ativo,PROFESSOR MAGISTERIO SUPERIOR-SUBSTITUTO,Sem função
1089683,Ativo,SECRETARIO EXECUTIVO,Sem função
2724748,Pensionista,VIGILANTE,Sem função
3387441,Ativo,PROFESSOR MAGISTERIO SUPERIOR-SUBSTITUTO,Sem função
1495098,Ativo,MEDICO RESIDENTE,Sem função
3630826,Ativo,RESIDENCIA MULTIPROFISSIONAL,Sem função
3260782,Ativo,PROFESSOR DO MAGISTERIO SUPERIOR,Sem função
1323228,Ativo,PROFESSOR DO MAGISTERIO SUPERIOR,Sem função
3461502,Ativo,MEDICO-AREA,Sem função
2820622,Ativo,PROFESSOR DO MAGISTERIO SUPERIOR,Sem função
3724410,Ativo,TECNICO EM CONTABILIDADE,Sem função
3906092,Ativo,MEDICO RESIDENTE,Sem função
2124319,Ativo,TECNICO DE LABORATORIO AREA,Sem função
3095094,Ativo,PROFESSOR DO MAGISTERIO SUPERIOR,Sem função
2634040,Ativo,TECNICO DE LABORATORIO AREA,Sem função
472133,Ativo,ASSISTENTE EM ADMINISTRACAO,Sem função
2948873,Ativo,PROFESSOR DO MAGISTERIO SUPERIOR,Sem função
1601535,Ativo,TECNICO EM ASSUNTOS EDUCACIONAIS,Sem função
72936,Ativo,ASSISTENTE SOCIAL,Sem função
1502187,Ativo,ASSISTENTE EM ADMINISTRACAO,Sem função
2086879,Pensionista,PROFESSOR DO MAGISTERIO SUPERIOR,Sem função
877771,Aposentado,ELETRICISTA,Sem função
2374827,Ativo,PROFESSOR MAGISTERIO SUPERIOR -VISITANTE,Sem função
3726722,Ativo,ASSISTENTE EM ADMINISTRACAO,Sem função
273228,Ativo,AUX EM ADMINISTRACAO,Sem função
1998956,Ativo,PROFESSOR DO MAGISTERIO SUPERIOR,Sem função
1998956,Ativo,Sem informaç,FG 000.1
1669322,Ativo,PROFESSOR DO MAGISTERIO SUPERIOR,Sem função
3856813,Ativo,ASSISTENTE EM ADMINISTRACAO,Sem função
3283430,Ativo,AUX EM ADMINISTRACAO,Sem função
3283430,Ativo,Sem informaç,FG 000.3
3206113,Ativo,PROFESSOR DO MAGISTERIO SUPERIOR,Sem função
110669,Ativo,PROFESSOR DO MAGISTERIO SUPERIOR,Sem função
3163307,Ativo,PROFESSOR MAGISTERIO SUPERIOR-SUBSTITUTO,Sem função
34299,Ativo,TECNOLOGO-FORMACAO,Sem função
1648551,Ativo,PROFESSOR DO MAGISTERIO SUPERIOR,Sem função
1015917,Ativo,PROFESSOR DO MAGISTERIO SUPERIOR,Sem função
1337393,Ativo,CONTADOR,Sem função
1813284,Ativo,MEDICO-AREA,Sem função
483051,Ativo,AUX EM ADMINISTRACAO,Sem função
2829607,Ativo,MEDICO VETERINARIO,Sem função
3302753,Pensionista,PROFESSOR DO MAGISTERIO SUPERIOR,Sem função
3589860,Pensionista,BIBLIOTECARIO-DOCUMENTALISTA,Sem função
3006977,Ativo,PROFESSOR DO MAGISTERIO SUPERIOR,Sem função
111954,Ativo,AUXILIAR DE ENFERMAGEM,Sem função
1003327,Ativo,AUXILIAR DE ENFERMAGEM,Sem função
3149111,Pensionista,PROFESSOR DO MAGISTERIO SUPERIOR,Sem função
3576211,Aposentado,BIBLIOTECARIO-DOCUMENTALISTA,Sem função
1593675,Aposentado,ASSISTENTE EM ADMINISTRACAO,Sem função
1891758,Ativo,PROFESSOR DO MAGISTERIO SUPERIOR,Sem função
1891758,Ativo,Sem informaç,CD 000.4
3491904,Ativo,PROFESSOR MAGISTERIO SUPERIOR-SUBSTITUTO,Sem função
3558035,Pensionista,MESTRE DE EDIF E INFRAESTRUTURA,Sem função
2044656,Pensionista,PROFESSOR DO MAGISTERIO SUPERIOR,Sem função
1265832,Ativo,SECRETARIO EXECUTIVO,Sem função
1227891,Ativo,MEDICO RESIDENTE,Sem função
956801,Pensionista,AUX EM ADMINISTRACAO,Sem função
3620809,Pensionista,DESENHISTA DE ARTES GRAFICAS,Sem função
3308028,Pensionista,TECNICO DE LABORATORIO AREA,Sem função
35727,Ativo,PROFESSOR DO MAGISTERIO SUPERIOR,Sem função
1522503,Ativo,MEDICO-AREA,Sem função
1767089,Ativo,TECNICO EM ASSUNTOS EDUCACIONAIS,Sem função
2134205,Pensionista,AUXILIAR DE LABORATORIO,Sem função
2482535,Ativo,PROFESSOR DO MAGISTERIO SUPERIOR,Sem função
1419656,Ativo,PROFESSOR DO MAGISTERIO SUPERIOR,Sem função
854126,Aposentado,PROFESSOR DO MAGISTERIO SUPERIOR,Sem função
2299926,Pensionista,MOTORISTA,Sem função
2573770,Pensionista,PROFESSOR DO MAGISTERIO SUPERIOR,Sem função
634223,Aposentado,AUX EM ADMINISTRACAO,Sem função
2500680,Aposentado,AUXILIAR DE LABORATORIO,Sem função
3350737,Aposentado,ASSISTENTE EM ADMINISTRACAO,Sem função
932754,Pensionista,PROFESSOR 3 GRAU,Sem função
1916148,Pensionista,PROFESSOR DO MAGISTERIO SUPERIOR,Sem função
2022858,Aposentado,ADMINISTRADOR,Sem função
2036387,Ativo,TECNICO DE LABORATORIO AREA,Sem função
582641,Aposentado,TECNICO EM CONTABILIDADE,Sem função
1828335,Aposentado,ASSISTENTE EM ADMINISTRACAO,Sem função
856688,Aposentado,PROFESSOR DO MAGISTERIO SUPERIOR,Sem função
70120,Ativo,TECNICO EM ENFERMAGEM,Sem função
3680254,Aposentado,PROFESSOR DO MAGISTERIO SUPERIOR,Sem função
3595508,Pensionista,JORNALISTA,Sem função
1553665,Pensionista,MOTORISTA,Sem função
473363,Aposentado,PROFESSOR DO MAGISTERIO SUPERIOR,Sem função
2038778,Aposentado,PROFESSOR DO MAGISTERIO SUPERIOR,Sem função
722477,Aposentado,PROFESSOR DO MAGISTERIO SUPERIOR,Sem função
3402840,Pensionista,EDITOR DE IMAGENS,Sem função
1785438,Aposentado,AUXILIAR DE ENFERMAGEM,Sem função
3570049,Pensionista,PROFESSOR 3 GRAU,Sem função
741893,Aposentado,ASSISTENTE EM ADMINISTRACAO,Sem função
3513789,Aposentado,BIBLIOTECARIO-DOCUMENTALISTA,Sem função
2597311,Aposentado,PROFESSOR DO MAGISTERIO SUPERIOR,Sem função
1569473,Ativo,TEC EM NUTRICAO E DIETETICA,Sem função
305002,Aposentado,VIGILANTE,Sem função
1762683,Pensionista,MEDICO-AREA,Sem função
176881,Pensionista,ASSISTENTE EM ADMINISTRACAO,Sem função
1302786,Ativo,AUXILIAR DE ENFERMAGEM,Sem função
351517,Aposentado,AUX EM ADMINISTRACAO,Sem função
2471528,Aposentado,AUXILIAR DE ENFERMAGEM,Sem função
3667868,Pensionista,PROFESSOR DO MAGISTERIO SUPERIOR,Sem função
2970436,Pensionista,MOTORISTA,Sem função
1942252,Pensionista,PROFESSOR DO MAGISTERIO SUPERIOR,Sem função
2956520,Ativo,PROFESSOR DO MAGISTERIO SUPERIOR,Sem função
2956520,Ativo,Sem informaç,FUC 000.1
2043492,Ativo,PROFESSOR MAGISTERIO SUPERIOR-SUBSTITUTO,Sem função
1746497,Aposentado,MESTRE DE EDIF E INFRAESTRUTURA,Sem função
318961,Ativo,ASSISTENTE EM ADMINISTRACAO,Sem função
2786097,Aposentado,SECRETARIO EXECUTIVO,Sem função
1361147,Ativo,PROFESSOR DO MAGISTERIO SUPERIOR,Sem função
1361147,Ativo,Sem informaç,FG 000.1
233024,Pensionista,PROFESSOR DO MAGISTERIO SUPERIOR,Sem função
2925803,Ativo,PROFESSOR DO MAGISTERIO SUPERIOR,Sem função
1134095,Ativo,ASSISTENTE EM ADMINISTRACAO,Sem função
1134095,Ativo,Sem informaç,FG 000.3
1670829,Ativo,TECNICO EM RADIOLOGIA,Sem função
2868256,Ativo,ASSISTENTE EM ADMINISTRACAO,Sem função
2084214,Ativo,TECNICO EM AGROPECUARIA,Sem função
2084214,Ativo,Sem informaç,FG 000.2
2033,Ativo,TECNICO DE LABORATORIO AREA,Sem função
1265253,Aposentado,PROFESSOR DO MAGISTERIO SUPERIOR,Sem função
1980129,Ativo,ASSISTENTE EM ADMINISTRACAO,Sem função
1099832,Aposentado,TECNICO DE LABORATORIO AREA,Sem função
2303120,Aposentado,TECNICO EM RADIOLOGIA,Sem função
709814,Aposentado,ASSISTENTE EM ADMINISTRACAO,Sem função
724805,Aposentado,PROFESSOR DO MAGISTERIO SUPERIOR,Sem função
1417714,Ativo,ASSISTENTE EM ADMINISTRACAO,Sem função
1029791,Ativo,TECNICO DE LABORATORIO AREA,Sem função
19992,Ativo,ASSISTENTE EM ADMINISTRACAO,Sem função
19992,Ativo,Sem informaç,FG 000.3
1054467,Aposentado,PROFESSOR DO MAGISTERIO SUPERIOR,Sem função
2341981,Ativo,PROFESSOR DO MAGISTERIO SUPERIOR,Sem função
1343753,Ativo,PROFESSOR DO MAGISTERIO SUPERIOR,Sem função
364841,Ativo,PROFESSOR DO MAGISTERIO SUPERIOR,Sem função
3581864,Aposentado,PROFESSOR 3 GRAU,Sem função
3631129,Pensionista,ASSISTENTE EM ADMINISTRACAO,Sem função
1937428,Aposentado,PROFESSOR DO MAGISTERIO SUPERIOR,Sem função
3851971,Ativo,TECNICO EM CONTABILIDADE,Sem função
3160526,Pensionista,PROFESSOR DO MAGISTERIO SUPERIOR,Sem função
2080974,Ativo,PROFESSOR DO MAGISTERIO SUPERIOR,Sem função
321379,Ativo,TECNICO EM ASSUNTOS EDUCACIONAIS,Sem função
3293002,Ativo,PROFESSOR DO MAGISTERIO SUPERIOR,Sem função
1680009,Pensionista,RECEPCIONISTA,Sem função
337065,Ativo,PROFESSOR DO MAGISTERIO SUPERIOR,Sem função
337065,Ativo,Sem informaç,FG 000.1
60441,Ativo,ASSISTENTE EM ADMINISTRACAO,Sem função
1973416,Ativo,EDITOR DE IMAGENS,Sem função
1973416,Ativo,Sem informaç,FG 000.2
566805,Ativo,MEDICO RESIDENTE,Sem função
762626,Ativo,PROFESSOR MAGISTERIO SUPERIOR-SUBSTITUTO,Sem função
301807,Ativo,PROFESSOR DO MAGISTERIO SUPERIOR,Sem função
1268933,Ativo,PROFESSOR DO MAGISTERIO SUPERIOR,Sem função
2968257,Ativo,ASSISTENTE EM ADMINISTRACAO,Sem função
636349,Ativo,TECNICO EM ASSUNTOS EDUCACIONAIS,Sem função
3721675,Aposentado,PROFESSOR DO MAGISTERIO SUPERIOR,Sem função
1242263,Ativo,TECNICO DE LABORATORIO AREA,Sem função
2896065,Ativo,PROFESSOR DO MAGISTERIO SUPERIOR,Sem função
3863412,Ativo,TEC DE TECNOLOGIA DA INFORMACAO,Sem função
2278853,Ativo,PEDAGOGO-AREA,Sem função
1827419,Pensionista,BIBLIOTECARIO-DOCUMENTALISTA,Sem função
1478901,Ativo,PROFESSOR DO MAGISTERIO SUPERIOR,Sem função
1478901,Ativo,Sem informaç,FG 000.1
2994610,Pensionista,PROFESSOR DO MAGISTERIO SUPERIOR,Sem função
3863198,Ativo,ASSISTENTE EM ADMINISTRACAO,Sem função
183890,Ativo,PROFESSOR MAGISTERIO SUPERIOR-SUBSTITUTO,Sem função
1103944,Pensionista,MEDICO-AREA,Sem função
2728479,Aposentado,ASSISTENTE EM ADMINISTRACAO,Sem função
918933,Pensionista,PROFESSOR DO MAGISTERIO SUPERIOR,Sem função
918933,Pensionista,PROCURADOR FEDERAL,Sem função
2575359,Pensionista,PROFESSOR 3 GRAU,Sem função
3553415,Pensionista,PROFESSOR DO MAGISTERIO SUPERIOR,Sem função
1035417,Ativo,PROFESSOR DO MAGISTERIO SUPERIOR,Sem função
1939875,Aposentado,PROFESSOR DO MAGISTERIO SUPERIOR,Sem função
2190767,Ativo,ASSISTENTE EM ADMINISTRACAO,Sem função
2009824,Aposentado,PROFESSOR DO MAGISTERIO SUPERIOR,Sem função
1745662,Ativo,PROFESSOR DO MAGISTERIO SUPERIOR,Sem função
823842,Ativo,ENFERMEIRO-AREA,Sem função
362560,Ativo,AUXILIAR DE LABORATORIO,Sem função
2178897,Pensionista,RECEPCIONISTA,Sem função
406507,Ativo,TECNICO EM ENFERMAGEM,Sem função
1118097,Ativo,AUXILIAR DE ENFERMAGEM,Sem função
2523142,Ativo,AUXILIAR DE ENFERMAGEM,Sem função
797157,Pensionista,RECEPCIONISTA,Sem função
2487380,Aposentado,AUXILIAR DE ENFERMAGEM,Sem função
54414,Ativo,VIGILANTE,Sem função
3773973,Pensionista,ATENDENTE DE ENFERMAGEM,Sem função
360623,Ativo,AUXILIAR DE ENFERMAGEM,Sem função
3137077,Aposentado,VIGILANTE,Sem função
3375491,Aposentado,LINOTIPISTA,Sem função
8832,Ativo,ASSISTENTE EM ADMINISTRACAO,Sem função
1267049,Aposentado,PROFESSOR DO MAGISTERIO SUPERIOR,Sem função
51641,Ativo,AUXILIAR OPERACIONAL,Sem função
45408,Ativo,PROFESSOR DO MAGISTERIO SUPERIOR,Sem função
1565691,Aposentado,PROFESSOR DO MAGISTERIO SUPERIOR,Sem função
2694214,Ativo,PROFESSOR DO MAGISTERIO SUPERIOR,Sem função
3437565,Aposentado,PROFESSOR DO MAGISTERIO SUPERIOR,Sem função
3690430,Pensionista,AUX EM ADMINISTRACAO,Sem função
1655038,Aposentado,PROFESSOR DO MAGISTERIO SUPERIOR,Sem função
1294294,Aposentado,AUXILIAR DE ENFERMAGEM,Sem função
1909356,Pensionista,ENCADERNADOR,Sem função
155466,Pensionista,VIGILANTE,Sem função
3634835,Pensionista,ENGENHEIRO-AREA,Sem função
3634835,Pensionista,PROFESSOR 3 GRAU,Sem função
2598567,Pensionista,PROFESSOR DO MAGISTERIO SUPERIOR,Sem função
1338161,Ativo,PROFESSOR DO MAGISTERIO SUPERIOR,Sem função
2405252,Ativo,PROFESSOR DO MAGISTERIO SUPERIOR,Sem função
962372,Ativo,ADMINISTRADOR,Sem função
962372,Ativo,Sem informaç,GF 002.7
3264036,Ativo,PROFESSOR ENS BASICO TECN TECNOLOGICO,Sem função
2176923,Ativo,ASSISTENTE EM ADMINISTRACAO,Sem função
613345,Ativo,PROFESSOR DO MAGISTERIO SUPERIOR,Sem função
613345,Ativo,Sem informaç,CD 000.3
126883,Ativo,PSICOLOGO-AREA,Sem função
38546,Ativo,ASSISTENTE EM ADMINISTRACAO,Sem função
38546,Ativo,Sem informaç,CCX 011.0
1731346,Ativo,PROFESSOR DO MAGISTERIO SUPERIOR,Sem função
2195035,Ativo,PROFESSOR DO MAGISTERIO SUPERIOR,Sem função
3294874,Ativo,ASSISTENTE EM ADMINISTRACAO,Sem função
663787,Pensionista,ASSISTENTE DE LABORATORIO,Sem função
838728,Ativo,PROFESSOR DO MAGISTERIO SUPERIOR,Sem função
2233781,Ativo,PROFESSOR DO MAGISTERIO SUPERIOR,Sem função
1847984,Ativo,ASSISTENTE SOCIAL,Sem função
344215,Ativo,SECRETARIO EXECUTIVO,Sem função
3013633,Aposentado,PROFESSOR DO MAGISTERIO SUPERIOR,Sem função
3552487,Aposentado,PROFESSOR ENS BASICO TECN TECNOLOGICO,Sem função
3697636,Ativo,ARMAZENISTA,Sem função
3271603,Pensionista,RECEPCIONISTA,Sem função
1048349,Aposentado,TECNICO DE LABORATORIO AREA,Sem função
437005,Ativo,ASSISTENTE EM ADMINISTRACAO,Sem função
67574,Aposentado,JORNALISTA,Sem função
1069370,Ativo,TECNICO EM ASSUNTOS EDUCACIONAIS,Sem função
235063,Aposentado,VIGILANTE,Sem função
2117351,Aposentado,PROFESSOR DO MAGISTERIO SUPERIOR,Sem função
3438880,Aposentado,PROFESSOR DO MAGISTERIO SUPERIOR,Sem função
3151063,Ativo,CONTADOR,Sem função
914251,Aposentado,ENFERMEIRO-AREA,Sem função
3668920,Aposentado,AUXILIAR DE FARMACIA,Sem função
3192461,Aposentado,PROFESSOR DO MAGISTERIO SUPERIOR,Sem função
3192461,Aposentado,PROFESSOR DO MAGISTERIO SUPERIOR,Sem função
3192461,Pensionista,PROFESSOR DO MAGISTERIO SUPERIOR,Sem função
3192461,Pensionista,ENGENHEIRO-AREA,Sem função
789726,Pensionista,RECEPCIONISTA,Sem função
1649328,Ativo,ASSISTENTE EM ADMINISTRACAO,Sem função
2226989,Pensionista,JORNALISTA,Sem função
427515,Ativo,MEDICO-AREA,Sem função
642146,Ativo,PROFESSOR ENS BASICO TECN TECNOLOGICO,Sem função
1072134,Ativo,PROFESSOR DO MAGISTERIO SUPERIOR,Sem função
3567875,Pensionista,CONTINUO,Sem função
3686219,Ativo,PROFESSOR DO MAGISTERIO SUPERIOR,Sem função
2257530,Ativo,PROFESSOR DO MAGISTERIO SUPERIOR,Sem função
371654,Ativo,PROF ENS BAS TEC TECNOLOGICO-SUBSTITUTO,Sem função
2138194,Aposentado,TECNICO EM QUIMICA,Sem função
249171,Aposentado,ARMAZENISTA,Sem função
3069379,Ativo,TECNICO EM ENFERMAGEM,Sem função
967312,Aposentado,ADMINISTRADOR,Sem função
1312717,Aposentado,AUXILIAR DE ENFERMAGEM,Sem função
2946879,Ativo,PROFESSOR DO MAGISTERIO SUPERIOR,Sem função
2946879,Ativo,Sem informaç,CD 000.3
2368091,Ativo,TECNICO DE LABORATORIO AREA,Sem função
553836,Aposentado,AUXILIAR DE ENFERMAGEM,Sem função
1561210,Ativo,PROFESSOR DO MAGISTERIO SUPERIOR,Sem função
1846452,Aposentado,MEDICO-AREA,Sem função
55329,Ativo,MEDICO-AREA,Sem função
365900,Ativo,ASSISTENTE EM ADMINISTRACAO,Sem função
2229691,Ativo,NUTRICIONISTA-HABILITACAO,Sem função
366375,Ativo,PROFESSOR DO MAGISTERIO SUPERIOR,Sem função
366375,Ativo,MEDICO RESIDENTE,Sem função
3524169,Pensionista,PROFESSOR 3 GRAU,Sem função
372624,Ativo,ASSISTENTE EM ADMINISTRACAO,Sem função
372624,Ativo,Sem informaç,FG 000.1
2469095,Ativo,AUXILIAR DE NUTRICAO E DIETETICA,Sem função
2431129,Ativo,PROFESSOR DO MAGISTERIO SUPERIOR,Sem função
1857662,Aposentado,VIGILANTE,Sem função
253901,Ativo,BIBLIOTECARIO-DOCUMENTALISTA,Sem função
1177982,Ativo,PROFESSOR DO MAGISTERIO SUPERIOR,Sem função
1177982,Ativo,Sem informaç,GF 002.2
3737884,Ativo,ENFERMEIRO-AREA,Sem função
2048428,Ativo,PROFESSOR DO MAGISTERIO SUPERIOR,Sem função
1085048,Ativo,TECNICO DE LABORATORIO AREA,Sem função
1747366,Pensionista,PROFESSOR DO MAGISTERIO SUPERIOR,Sem função
529430,Ativo,MEDICO-AREA,Sem função
2121795,Ativo,PROFESSOR DO MAGISTERIO SUPERIOR,Sem função
3760435,Pensionista,PROFESSOR DO MAGISTERIO SUPERIOR,Sem função
90730,Ativo,PROFESSOR DO MAGISTERIO SUPERIOR,Sem função
1716095,Ativo,AUXILIAR DE ENFERMAGEM,Sem função
2061333,Ativo,ASSISTENTE EM ADMINISTRACAO,Sem função
2415507,Ativo,VESTIARISTA,Sem função
3549923,Ativo,PEDAGOGO-AREA,Sem função
846272,Aposentado,SECRETARIO EXECUTIVO,Sem função
3602739,Pensionista,PROFESSOR DO MAGISTERIO SUPERIOR,Sem função
3136871,Aposentado,PROFESSOR DO MAGISTERIO SUPERIOR,Sem função
1297501,Ativo,PROFESSOR DO MAGISTERIO SUPERIOR,Sem função
2930897,Ativo,ASSISTENTE EM ADMINISTRACAO,Sem função
2572045,Ativo,ANALISTA DE TEC DA INFORMACAO,Sem função
511328,Ativo,MEDICO VETERINARIO,Sem função
3663853,Ativo,NUTRICIONISTA-HABILITACAO,Sem função
2464700,Aposentado,TECNICO EM ASSUNTOS EDUCACIONAIS,Sem função
1912310,Ativo,PROFESSOR MAGISTERIO SUPERIOR-SUBSTITUTO,Sem função
1912310,Aposentado,PROFESSOR DO MAGISTERIO SUPERIOR,Sem função
2107845,Aposentado,ASSISTENTE EM ADMINISTRACAO,Sem função
2843047,Ativo,ASSISTENTE EM ADMINISTRACAO,Sem função
2889002,Ativo,ASSISTENTE EM ADMINISTRACAO,Sem função
475239,Ativo,PROFESSOR DO MAGISTERIO SUPERIOR,Sem função
1776747,Ativo,PROFESSOR DO MAGISTERIO SUPERIOR,Sem função
2863240,Ativo,AUXILIAR DE ENFERMAGEM,Sem função
2040546,Pensionista,TECNICO DE LABORATORIO AREA,Sem função
2921085,Ativo,TECNICO EM ENFERMAGEM,Sem função
1949951,Ativo,MEDICO-AREA,Sem função
319884,Ativo,TECNICO EM ENFERMAGEM,Sem função
521420,Ativo,ASSISTENTE EM ADMINISTRACAO,Sem função
2190076,Ativo,BIBLIOTECARIO-DOCUMENTALISTA,Sem função
2190076,Ativo,Sem informaç,FG 000.1
1318910,Aposentado,ASSISTENTE EM ADMINISTRACAO,Sem função
1754572,Pensionista,PORTEIRO,Sem função
811884,Pensionista,RECEPCIONISTA,Sem função
639279,Aposentado,ASSISTENTE EM ADMINISTRACAO,Sem função
1725591,Ativo,PROFESSOR DO MAGISTERIO SUPERIOR,Sem função
90272,Ativo,PROFESSOR DO MAGISTERIO SUPERIOR,Sem função
90272,Aposentado,MEDICO-AREA,Sem função
2146790,Aposentado,PROFESSOR DO MAGISTERIO SUPERIOR,Sem função
905531,Ativo,PROFESSOR DO MAGISTERIO SUPERIOR,Sem função
1984055,Aposentado,PROFESSOR DO MAGISTERIO SUPERIOR,Sem função
1984055,Aposentado,PROFESSOR DO MAGISTERIO SUPERIOR,Sem função
537813,Ativo,PROFESSOR DO MAGISTERIO SUPERIOR,Sem função
537813,Ativo,Sem informaç,FG 000.1
2930287,Ativo,PROFESSOR DO MAGISTERIO SUPERIOR,Sem função
2394336,Ativo,PROFESSOR DO MAGISTERIO SUPERIOR,Sem função
2711990,Pensionista,CONTINUO,Sem função
2852771,Ativo,ASSISTENTE EM ADMINISTRACAO,Sem função
3588502,Pensionista,PROFESSOR DO MAGISTERIO SUPERIOR,Sem função
146332,Aposentado,PROFESSOR DO MAGISTERIO SUPERIOR,Sem função
146332,Aposentado,PROFESSOR DO MAGISTERIO SUPERIOR,Sem função
3057839,Ativo,PROFESSOR DO MAGISTERIO SUPERIOR,Sem função
773534,Aposentado,PROFESSOR DO MAGISTERIO SUPERIOR,Sem função
819761,Aposentado,DESENHISTA DE ARTES GRAFICAS,Sem função
1968313,Aposentado,EDITOR DE IMAGENS,Sem função
1196181,Aposentado,PROFESSOR DO MAGISTERIO SUPERIOR,Sem função
96095,Ativo,PROFESSOR DO MAGISTERIO SUPERIOR,Sem função
613274,Ativo,ASSISTENTE EM ADMINISTRACAO,Sem função
613274,Ativo,Sem informaç,FG 000.1
1641805,Ativo,PROFESSOR DO MAGISTERIO SUPERIOR,Sem função
3713381,Pensionista,AUX EM ADMINISTRACAO,Sem função
3491203,Ativo,VIGILANTE,Sem função
940140,Pensionista,RECEPCIONISTA,Sem função
1143843,Ativo,PROFESSOR DO MAGISTERIO SUPERIOR,Sem função
1893168,Ativo,TECNOLOGO-FORMACAO,Sem função
1893168,Ativo,Sem informaç,FG 000.3
3557517,Pensionista,TECNICO EM CONTABILIDADE,Sem função
1688668,Aposentado,AUX EM ADMINISTRACAO,Sem função
1799081,Aposentado,COZINHEIRO,Sem função
2944071,Ativo,AUXILIAR DE ENFERMAGEM,Sem função
982946,Ativo,ASSISTENTE EM ADMINISTRACAO,Sem função
1485361,Ativo,PROFESSOR DO MAGISTERIO SUPERIOR,Sem função
1702588,Aposentado,ASSISTENTE EM ADMINISTRACAO,Sem função
1348316,Aposentado,PROFESSOR DO MAGISTERIO SUPERIOR,Sem função
320772,Ativo,PROFESSOR DO MAGISTERIO SUPERIOR,Sem função
356130,Aposentado,DIRETOR DE PROGRAMA,Sem função
393788,Ativo,PROFESSOR DO MAGISTERIO SUPERIOR,Sem função
1110385,Ativo,ASSISTENTE EM ADMINISTRACAO,Sem função
987839,Ativo,FARMACEUTICO-HABILITACAO,Sem função
503631,Aposentado,BIOMEDICO,Sem função
1563972,Ativo,PROFESSOR DO MAGISTERIO SUPERIOR,Sem função
2832448,Ativo,TECNICO EM REFRIGERACAO,Sem função
2214788,Ativo,ATENDENTE DE CONSULTORIO-AREA,Sem função
1317826,Ativo,PROFESSOR DO MAGISTERIO SUPERIOR,Sem função
1317826,Ativo,Sem informaç,FUC 000.1
2700477,Aposentado,PROFESSOR DO MAGISTERIO SUPERIOR,Sem função
96032,Ativo,PROFESSOR DO MAGISTERIO SUPERIOR,Sem função
1951147,Aposentado,PRODUTOR CULTURAL,Sem função
2120338,Aposentado,VIGILANTE,Sem função
1653657,Ativo,PROFESSOR DO MAGISTERIO SUPERIOR,Sem função
1632826,Aposentado,PROFESSOR DO MAGISTERIO SUPERIOR,Sem função
2957870,Pensionista,PROFESSOR DO MAGISTERIO SUPERIOR,Sem função
482052,Aposentado,PROFESSOR DO MAGISTERIO SUPERIOR,Sem função
482052,Aposentado,MEDICO-AREA,Sem função
482052,Pensionista,PROFESSOR DO MAGISTERIO SUPERIOR,Sem função
1797262,Ativo,TECNICO DESPORTIVO,Sem função
483053,Ativo,PROFESSOR DO MAGISTERIO SUPERIOR,Sem função
1508521,Aposentado,AUXILIAR DE ENFERMAGEM,Sem função
2304795,Pensionista,TEC EM ANATOMIA E NECROPSIA,Sem função
2475524,Pensionista,AUXILIAR DE ENFERMAGEM,Sem função
3584721,Pensionista,TECNICO DE LABORATORIO AREA,Sem função
1113214,Pensionista,PROFESSOR DO MAGISTERIO SUPERIOR,Sem função
1785892,Aposentado,AUXILIAR DE ENFERMAGEM,Sem função
32427,Ativo,PROFESSOR DO MAGISTERIO SUPERIOR,Sem função
32427,Aposentado,ENFERMEIRO-AREA,Sem função
2225722,Aposentado,PROFESSOR DO MAGISTERIO SUPERIOR,Sem função
3514445,Aposentado,SERVENTE DE LIMPEZA,Sem função
396979,Ativo,PROFESSOR DO MAGISTERIO SUPERIOR,Sem função
2953308,Ativo,PROFESSOR DO MAGISTERIO SUPERIOR,Sem função
2953308,Ativo,Sem informaç,FUC 000.1
3359022,Aposentado,TECNICO DE LABORATORIO AREA,Sem função
431723,Ativo,ADMINISTRADOR DE EDIFICIOS,Sem função
431723,Ativo,Sem informaç,FG 000.2
1317476,Ativo,ASSISTENTE EM ADMINISTRACAO,Sem função
3049129,Ativo,MEDICO-AREA,Sem função
926278,Aposentado,PROFESSOR DO MAGISTERIO SUPERIOR,Sem função
946546,Pensionista,PROFESSOR DO MAGISTERIO SUPERIOR,Sem função
2981487,Aposentado,AUXILIAR DE ENFERMAGEM,Sem função
885912,Pensionista,AUX EM ADMINISTRACAO,Sem função
2156109,Pensionista,VIGILANTE,Sem função
3599614,Pensionista,RECEPCIONISTA,Sem função
1710924,Ativo,AUXILIAR DE ENFERMAGEM,Sem função
2115288,Pensionista,ASSISTENTE EM ADMINISTRACAO,Sem função
2000446,Pensionista,AJUSTADOR MECANICO,Sem função
415881,Ativo,ENFERMEIRO-AREA,Sem função
3778188,Pensionista,PROFESSOR DO MAGISTERIO SUPERIOR,Sem função
2002757,Ativo,TECNICO EM AUDIOVISUAL,Sem função
3860167,Ativo,ASSISTENTE EM ADMINISTRACAO,Sem função
3218478,Ativo,ASSISTENTE EM ADMINISTRACAO,Sem função
2294705,Ativo,PROFESSOR DO MAGISTERIO SUPERIOR,Sem função
3205661,Ativo,AUXILIAR DE ENFERMAGEM,Sem função
842570,Aposentado,ASSISTENTE EM ADMINISTRACAO,Sem função
1303261,Aposentado,MEDICO-AREA,Sem função
2637725,Aposentado,ANALISTA DE TEC DA INFORMACAO,Sem função
3704476,Pensionista,PROFESSOR DO MAGISTERIO SUPERIOR,Sem função
1223486,Ativo,PROFESSOR DO MAGISTERIO SUPERIOR,Sem função
2189291,Aposentado,BIBLIOTECARIO-DOCUMENTALISTA,Sem função
3507930,Aposentado,ASSISTENTE EM ADMINISTRACAO,Sem função
916038,Ativo,ASSISTENTE EM ADMINISTRACAO,Sem função
3142004,Ativo,ASCENSORISTA,Sem função
339644,Aposentado,PROFESSOR DO MAGISTERIO SUPERIOR,Sem função
3463784,Aposentado,DESENHISTA DE ARTES GRAFICAS,Sem função
12530,Aposentado,PROFESSOR DO MAGISTERIO SUPERIOR,Sem função
214972,Aposentado,PROFESSOR DO MAGISTERIO SUPERIOR,Sem função
305333,Aposentado,PROFESSOR DO MAGISTERIO SUPERIOR,Sem função
443279,Aposentado,PROFESSOR DO MAGISTERIO SUPERIOR,Sem função
2602636,Aposentado,PROFESSOR DO MAGISTERIO SUPERIOR,Sem função
1275673,Aposentado,PROFESSOR DO MAGISTERIO SUPERIOR,Sem função
110124,Aposentado,PROFESSOR 3 GRAU,Sem função
1083447,Aposentado,PROFESSOR DO MAGISTERIO SUPERIOR,Sem função
2378272,Ativo,TECNICO DE LABORATORIO AREA,Sem função
1204667,Aposentado,PROFESSOR DO MAGISTERIO SUPERIOR,Sem função
1464035,Ativo,PROFESSOR DO MAGISTERIO SUPERIOR,Sem função
1464035,Ativo,Sem informaç,FG 000.1
3005666,Pensionista,PROFESSOR DO MAGISTERIO SUPERIOR,Sem função
3005666,Pensionista,PROFESSOR DO MAGISTERIO SUPERIOR,Sem função
238537,Aposentado,TECNICO EM ENFERMAGEM,Sem função
2933616,Ativo,AUXILIAR DE ENFERMAGEM,Sem função
3258141,Ativo,PROFESSOR DO MAGISTERIO SUPERIOR,Sem função
130872,Aposentado,TEC EM ELETROELETRONICA,Sem função
1385985,Ativo,TECNICO EM ASSUNTOS EDUCACIONAIS,Sem função
2693051,Aposentado,PROFESSOR DO MAGISTERIO SUPERIOR,Sem função
741102,Aposentado,MEDICO-AREA,Sem função
2050363,Aposentado,PROFESSOR DO MAGISTERIO SUPERIOR,Sem função
2452217,Aposentado,AUXILIAR DE SAUDE,Sem função
2216360,Aposentado,PROFESSOR DO MAGISTERIO SUPERIOR,Sem função
681089,Aposentado,BIBLIOTECARIO-DOCUMENTALISTA,Sem função
1424334,Aposentado,AUXILIAR DE NUTRICAO E DIETETICA,Sem função
1685580,Aposentado,AUXILIAR DE MECANICA,Sem função
1191867,Ativo,AUX EM ADMINISTRACAO,Sem função
236780,Aposentado,AUXILIAR OPERACIONAL,Sem função
2135988,Aposentado,AUXILIAR DE ENFERMAGEM,Sem função
2114074,Aposentado,AUXILIAR DE NUTRICAO E DIETETICA,Sem função
2037577,Aposentado,ASSISTENTE EM ADMINISTRACAO,Sem função
3304455,Pensionista,RECEPCIONISTA,Sem função
1074417,Aposentado,ASSISTENTE EM ADMINISTRACAO,Sem função
3577001,Pensionista,COZINHEIRO,Sem função
2775036,Pensionista,ASSISTENTE EM ADMINISTRACAO,Sem função
3672044,Pensionista,TEC EM REABILIT OU FISIOTERAPIA,Sem função
249250,Ativo,ENFERMEIRO-AREA,Sem função
1317237,Pensionista,AUX EM ADMINISTRACAO,Sem função
2975924,Ativo,PROFESSOR MAGISTERIO SUPERIOR-SUBSTITUTO,Sem função
2763005,Ativo,RECEPCIONISTA,Sem função
2763005,Ativo,Sem informaç,FG 000.3
1378982,Ativo,ASSISTENTE EM ADMINISTRACAO,Sem função
3470330,Aposentado,MEDICO-AREA,Sem função
3251328,Ativo,PROFESSOR DO MAGISTERIO SUPERIOR,Sem função
3251328,Ativo,Sem informaç,FUC 000.1
2326853,Ativo,PROFESSOR DO MAGISTERIO SUPERIOR,Sem função
966716,Ativo,AUXILIAR DE ENFERMAGEM,Sem função
1190723,Ativo,PROFESSOR DO MAGISTERIO SUPERIOR,Sem função
2861331,Ativo,ENFERMEIRO-AREA,Sem função
1654082,Ativo,AUX EM ADMINISTRACAO,Sem função
1513900,Ativo,AUXILIAR DE ENFERMAGEM,Sem função
1105573,Ativo,PROFESSOR DO MAGISTERIO SUPERIOR,Sem função
35024,Ativo,AUXILIAR DE ENFERMAGEM,Sem função
241707,Ativo,AUXILIAR DE ENFERMAGEM,Sem função
1305335,Ativo,ASSISTENTE EM ADMINISTRACAO,Sem função
3103954,Ativo,PROFESSOR DO MAGISTERIO SUPERIOR,Sem função
551686,Ativo,TECNICO EM ENFERMAGEM,Sem função
1216285,Ativo,ENFERMEIRO-AREA,Sem função
2302734,Ativo,TECNICO EM ENFERMAGEM,Sem função
3327924,Ativo,PROFESSOR DO MAGISTERIO SUPERIOR,Sem função
983604,Ativo,NUTRICIONISTA-HABILITACAO,Sem função
375160,Ativo,PROFESSOR DO MAGISTERIO SUPERIOR,Sem função
3724630,Ativo,TECNICO DE LABORATORIO AREA,Sem função
3265432,Ativo,PROFESSOR DO MAGISTERIO SUPERIOR,Sem função
3265432,Ativo,Sem informaç,FUC 000.1
2943793,Ativo,PROFESSOR DO MAGISTERIO SUPERIOR,Sem função
2562449,Ativo,ASSISTENTE SOCIAL,Sem função
1645193,Ativo,PROFESSOR DO MAGISTERIO SUPERIOR,Sem função
3153367,Ativo,PROFESSOR DO MAGISTERIO SUPERIOR,Sem função
3290884,Ativo,PROFESSOR DO MAGISTERIO SUPERIOR,Sem função
3759098,Ativo,BIBLIOTECARIO-DOCUMENTALISTA,Sem função
3759098,Ativo,Sem informaç,FG 000.1
88819,Ativo,PROFESSOR DO MAGISTERIO SUPERIOR,Sem função
1036750,Ativo,PROFESSOR MAGISTERIO SUPERIOR-SUBSTITUTO,Sem função
3147802,Ativo,TECNICO EM ASSUNTOS EDUCACIONAIS,Sem função
2473118,Ativo,PROFESSOR DO MAGISTERIO SUPERIOR,Sem função
445904,Ativo,ASSISTENTE EM ADMINISTRACAO,Sem função
2243933,Ativo,PROFESSOR DO MAGISTERIO SUPERIOR,Sem função
3159544,Ativo,TECNICO EM CONTABILIDADE,Sem função
3159544,Ativo,Sem informaç,FG 000.2
1069535,Ativo,PROFESSOR DO MAGISTERIO SUPERIOR,Sem função
1069535,Ativo,Sem informaç,CCX 011.7
1719402,Aposentado,PROFESSOR DO MAGISTERIO SUPERIOR,Sem função
3248816,Aposentado,PROFESSOR DO MAGISTERIO SUPERIOR,Sem função
3603063,Pensionista,PROFESSOR DO MAGISTERIO SUPERIOR,Sem função
1047436,Ativo,PROFESSOR DO MAGISTERIO SUPERIOR,Sem função
2865761,Ativo,PROFESSOR DO MAGISTERIO SUPERIOR,Sem função
1269831,Ativo,PROFESSOR ENS BASICO TECN TECNOLOGICO,Sem função
1536626,Aposentado,AUX EM ADMINISTRACAO,Sem função
1406901,Ativo,ASSISTENTE EM ADMINISTRACAO,Sem função
1675339,Pensionista,ELETRICISTA,Sem função
964413,Ativo,VIGILANTE,Sem função
560344,Aposentado,FISIOTERAPEUTA,Sem função
1484996,Aposentado,TECNICO EM CONTABILIDADE,Sem função
3224977,Ativo,PROFESSOR DO MAGISTERIO SUPERIOR,Sem função
532120,Aposentado,TECNICO EM ASSUNTOS EDUCACIONAIS,Sem função
2301495,Aposentado,VIGILANTE,Sem função
1866619,Pensionista,RECEPCIONISTA,Sem função
382039,Ativo,PROFESSOR DO MAGISTERIO SUPERIOR,Sem função
859571,Pensionista,COPEIRO,Sem função
1077932,Ativo,PROFESSOR DO MAGISTERIO SUPERIOR,Sem função
1110878,Ativo,TECNICO EM ENFERMAGEM,Sem função
1647233,Ativo,PROFESSOR DO MAGISTERIO SUPERIOR,Sem função
2883014,Ativo,AUXILIAR DE ENFERMAGEM,Sem função
3021301,Ativo,PROFESSOR DO MAGISTERIO SUPERIOR,Sem função
3021301,Ativo,Sem informaç,FUC 000.1
2183531,Pensionista,TEC EM ELETROELETRONICA,Sem função
1454855,Ativo,ASSISTENTE EM ADMINISTRACAO,Sem função
3137445,Ativo,PROFESSOR DO MAGISTERIO SUPERIOR,Sem função
3179554,Ativo,PROFESSOR DO MAGISTERIO SUPERIOR,Sem função
44941,Ativo,ASSISTENTE EM ADMINISTRACAO,Sem função
44941,Ativo,Sem informaç,FG 000.2
1796796,Ativo,PROFESSOR DO MAGISTERIO SUPERIOR,Sem função
2832371,Ativo,AUX EM ADMINISTRACAO,Sem função
2808857,Aposentado,ENFERMEIRO-AREA,Sem função
3856574,Ativo,ASSISTENTE EM ADMINISTRACAO,Sem função
2951422,Ativo,PROFESSOR DO MAGISTERIO SUPERIOR,Sem função
1840120,Aposentado,ASSISTENTE EM ADMINISTRACAO,Sem função
3508308,Ativo,ASSISTENTE EM ADMINISTRACAO,Sem função
2480640,Ativo,TECNICO EM ASSUNTOS EDUCACIONAIS,Sem função
3197290,Ativo,MEDICO-AREA,Sem função
3094096,Ativo,ASSISTENTE EM ADMINISTRACAO,Sem função
3117217,Ativo,PROFESSOR DO MAGISTERIO SUPERIOR,Sem função
757638,Aposentado,PROFESSOR DO MAGISTERIO SUPERIOR,Sem função
1781432,Aposentado,PROFESSOR DO MAGISTERIO SUPERIOR,Sem função
3584095,Pensionista,PROFESSOR DO MAGISTERIO SUPERIOR,Sem função
1213831,Ativo,PROFESSOR DO MAGISTERIO SUPERIOR,Sem função
1829511,Pensionista,CONTINUO,Sem função
3132662,Ativo,PROFESSOR DO MAGISTERIO SUPERIOR,Sem função
2052861,Ativo,ASSISTENTE EM ADMINISTRACAO,Sem função
3615463,Pensionista,VIGILANTE,Sem função
2761190,Aposentado,ASSISTENTE EM ADMINISTRACAO,Sem função
2108405,Ativo,PROFESSOR DO MAGISTERIO SUPERIOR,Sem função
3407076,Pensionista,AUXILIAR DE LABORATORIO,Sem função
303225,Ativo,PROFESSOR DO MAGISTERIO SUPERIOR,Sem função
303225,Ativo,Sem informaç,FUC 000.1
2600174,Pensionista,AUX EM ADMINISTRACAO,Sem função
853624,Aposentado,AUXILIAR DE ENFERMAGEM,Sem função
2434032,Pensionista,RECEPCIONISTA,Sem função
2224230,Aposentado,VIGILANTE,Sem função
2224230,Pensionista,AUXILIAR DE LABORATORIO,Sem função
2814608,Aposentado,AUX EM ADMINISTRACAO,Sem função
1480380,Aposentado,PROFESSOR DO MAGISTERIO SUPERIOR,Sem função
3717033,Ativo,ASSISTENTE EM ADMINISTRACAO,Sem função
949844,Pensionista,ASSISTENTE DE LABORATORIO,Sem função
22607,Ativo,PROFESSOR DO MAGISTERIO SUPERIOR,Sem função
3585536,Pensionista,AUXILIAR DE ENFERMAGEM,Sem função
2377170,Ativo,FISICO,Sem função
2329946,Ativo,ASSISTENTE EM ADMINISTRACAO,Sem função
2384614,Pensionista,TECNICO EM SECRETARIADO,Sem função
1220791,Ativo,ASSISTENTE EM ADMINISTRACAO,Sem função
1286080,Ativo,ASSISTENTE EM ADMINISTRACAO,Sem função
3611637,Pensionista,PROFESSOR DO MAGISTERIO SUPERIOR,Sem função
328057,Ativo,TECNICO DE LABORATORIO AREA,Sem função
1785482,Ativo,ASSISTENTE EM ADMINISTRACAO,Sem função
1599005,Aposentado,PROFESSOR DO MAGISTERIO SUPERIOR,Sem função
869752,Aposentado,ASSISTENTE EM ADMINISTRACAO,Sem função
2698661,Ativo,PROFESSOR DO MAGISTERIO SUPERIOR,Sem função
2502714,Ativo,ASSISTENTE EM ADMINISTRACAO,Sem função
1366646,Ativo,TEC DE TECNOLOGIA DA INFORMACAO,Sem função
1881762,Ativo,PROFESSOR DO MAGISTERIO SUPERIOR,Sem função
1881762,Ativo,Sem informaç,FUC 000.1
2376212,Ativo,TECNICO EM ELETRONICA,Sem função
2813522,Ativo,ANALISTA DE TEC DA INFORMACAO,Sem função
3071556,Ativo,PROFESSOR DO MAGISTERIO SUPERIOR,Sem função
327413,Ativo,ANALISTA DE TEC DA INFORMACAO,Sem função
327413,Ativo,Sem informaç,GF 002.7
2347068,Ativo,PROFESSOR DO MAGISTERIO SUPERIOR,Sem função
2901825,Ativo,PROFESSOR DO MAGISTERIO SUPERIOR,Sem função
3108322,Ativo,PROFESSOR DO MAGISTERIO SUPERIOR,Sem função
2847914,Ativo,AUX EM ADMINISTRACAO,Sem função
2847914,Ativo,Sem informaç,FG 000.1
2253445,Ativo,ASSISTENTE EM ADMINISTRACAO,Sem função
3245040,Ativo,PROFESSOR DO MAGISTERIO SUPERIOR,Sem função
3245040,Ativo,Sem informaç,FUC 000.1
3303901,Ativo,VIGILANTE,Sem função
2010039,Aposentado,PROFESSOR DO MAGISTERIO SUPERIOR,Sem função
145514,Aposentado,OPERADOR DE MAQ AGRICOLAS,Sem função
1203949,Ativo,AUX EM ADMINISTRACAO,Sem função
1203949,Ativo,Sem informaç,FG 000.3
1466162,Ativo,ASSISTENTE EM ADMINISTRACAO,Sem função
3506962,Ativo,TECNOLOGO-FORMACAO,Sem função
2302051,Ativo,PROFESSOR DO MAGISTERIO SUPERIOR,Sem função
2302051,Ativo,Sem informaç,FUC 000.1
1290748,Aposentado,PROFESSOR DO MAGISTERIO SUPERIOR,Sem função
1263330,Ativo,TECNICO DE LABORATORIO AREA,Sem função
291488,Ativo,PROFESSOR DO MAGISTERIO SUPERIOR,Sem função
291488,Ativo,Sem informaç,FG 000.1
340552,Ativo,AUX EM ADMINISTRACAO,Sem função
2371934,Ativo,PROFESSOR DO MAGISTERIO SUPERIOR,Sem função
2878795,Ativo,SECRETARIO EXECUTIVO,Sem função
2878795,Ativo,Sem informaç,FG 000.1
674415,Ativo,PROFESSOR DO MAGISTERIO SUPERIOR,Sem função
1307185,Ativo,TEC DE TECNOLOGIA DA INFORMACAO,Sem função
3018984,Ativo,TEC DE TECNOLOGIA DA INFORMACAO,Sem função
2520569,Ativo,TEC DE TECNOLOGIA DA INFORMACAO,Sem função
1663945,Ativo,MEDICO-AREA,Sem função
1083768,Ativo,PROFESSOR DO MAGISTERIO SUPERIOR,Sem função
1083768,Ativo,Sem informaç,FUC 000.1
2630438,Ativo,PROFESSOR DO MAGISTERIO SUPERIOR,Sem função
1676300,Ativo,PROFESSOR DO MAGISTERIO SUPERIOR,Sem função
1676300,Ativo,Sem informaç,CD 000.3
1017414,Ativo,FONOAUDIOLOGO,Sem função
2073869,Ativo,PROFESSOR MAGISTERIO SUPERIOR-SUBSTITUTO,Sem função
3744304,Ativo,PROFESSOR DO MAGISTERIO SUPERIOR,Sem função
3744304,Ativo,Sem informaç,FG 000.1
3135857,Ativo,AUXILIAR DE ENFERMAGEM,Sem função
1310843,Ativo,PROFESSOR DO MAGISTERIO SUPERIOR,Sem função
1372112,Ativo,PROFESSOR DO MAGISTERIO SUPERIOR,Sem função
324021,Ativo,PROFESSOR DO MAGISTERIO SUPERIOR,Sem função
1049360,Ativo,MEDICO-AREA,Sem função
1163617,Ativo,PROFESSOR DO MAGISTERIO SUPERIOR,Sem função
2258500,Ativo,PROFESSOR DO MAGISTERIO SUPERIOR,Sem função
555639,Ativo,PROFESSOR DO MAGISTERIO SUPERIOR,Sem função
555639,Ativo,Sem informaç,FG 000.1
1827290,Ativo,MEDICO RESIDENTE,Sem função
428271,Ativo,PROFESSOR DO MAGISTERIO SUPERIOR,Sem função
3133159,Ativo,TECNICO DE LABORATORIO AREA,Sem função
939659,Pensionista,ASSISTENTE EM ADMINISTRACAO,Sem função
957406,Ativo,TECNICO EM ENFERMAGEM,Sem função
1246729,Ativo,PROFESSOR DO MAGISTERIO SUPERIOR,Sem função
3167923,Ativo,PROFESSOR DO MAGISTERIO SUPERIOR,Sem função
973829,Ativo,TECNICO DE LABORATORIO AREA,Sem função
2339076,Ativo,TECNICO EM ASSUNTOS EDUCACIONAIS,Sem função
3280864,Ativo,PROFESSOR DO MAGISTERIO SUPERIOR,Sem função
988010,Ativo,PROFESSOR DO MAGISTERIO SUPERIOR,Sem função
1201955,Ativo,PROFESSOR DO MAGISTERIO SUPERIOR,Sem função
3057197,Ativo,PROFESSOR DO MAGISTERIO SUPERIOR,Sem função
474835,Ativo,ASSISTENTE EM ADMINISTRACAO,Sem função
1015396,Ativo,PROFESSOR DO MAGISTERIO SUPERIOR,Sem função
1015396,Ativo,Sem informaç,FUC 000.1
1425905,Ativo,TECNICO EM CONTABILIDADE,Sem função
2549896,Ativo,PROFESSOR MAGISTERIO SUPERIOR-SUBSTITUTO,Sem função
3273553,Ativo,PROFESSOR DO MAGISTERIO SUPERIOR,Sem função
3273553,Ativo,Sem informaç,FUC 000.1
2900044,Ativo,PROFESSOR DO MAGISTERIO SUPERIOR,Sem função
260419,Ativo,PROFESSOR DO MAGISTERIO SUPERIOR,Sem função
265919,Ativo,PROFESSOR DO MAGISTERIO SUPERIOR,Sem função
2914909,Ativo,PROFESSOR DO MAGISTERIO SUPERIOR,Sem função
1166294,Ativo,ASSISTENTE EM ADMINISTRACAO,Sem função
2157570,Ativo,PROFESSOR DO MAGISTERIO SUPERIOR,Sem função
3853990,Ativo,ASSISTENTE EM ADMINISTRACAO,Sem função
447998,Ativo,ENFERMEIRO-AREA,Sem função
1058772,Ativo,TECNICO DE LABORATORIO AREA,Sem função
3744090,Ativo,TECNICO EM ASSUNTOS EDUCACIONAIS,Sem função
3744090,Ativo,Sem informaç,CD 000.4
3488012,Ativo,PROFESSOR DO MAGISTERIO SUPERIOR,Sem função
1183872,Ativo,ASSISTENTE EM ADMINISTRACAO,Sem função
2667568,Ativo,PROFESSOR MAGISTERIO SUPERIOR -VISITANTE,Sem função
1815481,Ativo,ASSISTENTE EM ADMINISTRACAO,Sem função
395901,Ativo,AUX EM ADMINISTRACAO,Sem função
119525,Ativo,PROFESSOR DO MAGISTERIO SUPERIOR,Sem função
7675,Ativo,TECNICO EM ASSUNTOS EDUCACIONAIS,Sem função
2260187,Aposentado,PROFESSOR DO MAGISTERIO SUPERIOR,Sem função
2236637,Ativo,PROFESSOR DO MAGISTERIO SUPERIOR,Sem função
84328,Ativo,TECNICO EM CONTABILIDADE,Sem função
2789632,Ativo,ASSISTENTE EM ADMINISTRACAO,Sem função
2789632,Ativo,Inválido,Sem função
1124007,Ativo,PROFESSOR DO MAGISTERIO SUPERIOR,Sem função
373344,Ativo,PROFESSOR DO MAGISTERIO SUPERIOR,Sem função
597521,Ativo,NUTRICIONISTA-HABILITACAO,Sem função
826352,Ativo,AUX EM ADMINISTRACAO,Sem função
2941798,Ativo,TECNICO DE LABORATORIO AREA,Sem função
2020301,Ativo,AUX EM ADMINISTRACAO,Sem função
2323835,Ativo,TECNICO DE LABORATORIO AREA,Sem função
1212351,Ativo,ANALISTA DE TEC DA INFORMACAO,Sem função
1212351,Ativo,Sem informaç,GF 002.7
3112576,Ativo,PROFESSOR DO MAGISTERIO SUPERIOR,Sem função
548902,Ativo,PROFESSOR ENS BASICO TECN TECNOLOGICO,Sem função
2319184,Ativo,PROFESSOR DO MAGISTERIO SUPERIOR,Sem função
39899,Ativo,TEC DE TECNOLOGIA DA INFORMACAO,Sem função
1607469,Ativo,PROFESSOR DO MAGISTERIO SUPERIOR,Sem função
3330942,Ativo,AUXILIAR DE ENFERMAGEM,Sem função
2037284,Ativo,QUIMICO,Sem função
2933024,Ativo,MEDICO RESIDENTE,Sem função
1048313,Ativo,CONTADOR,Sem função
698336,Ativo,BIBLIOTECARIO-DOCUMENTALISTA,Sem função
2977193,Ativo,ASSISTENTE EM ADMINISTRACAO,Sem função
3853542,Ativo,MEDICO RESIDENTE,Sem função
494129,Ativo,TEC DE TECNOLOGIA DA INFORMACAO,Sem função
3539882,Pensionista,VIGILANTE,Sem função
1176438,Ativo,TECNICO DE LABORATORIO AREA,Sem função
3861288,Ativo,TECNICO EM CONTABILIDADE,Sem função
1169888,Ativo,PROFESSOR DO MAGISTERIO SUPERIOR,Sem função
3316471,Ativo,PROFESSOR DO MAGISTERIO SUPERIOR,Sem função
1272806,Ativo,TECNICO DE LABORATORIO AREA,Sem função
37362,Ativo,SECRETARIO EXECUTIVO,Sem função
37362,Ativo,Sem informaç,FG 000.3
805949,Aposentado,PROFESSOR DO MAGISTERIO SUPERIOR,Sem função
221612,Ativo,PROFESSOR DO MAGISTERIO SUPERIOR,Sem função
221612,Ativo,Sem informaç,FUC 000.1
1048692,Ativo,PROFESSOR DO MAGISTERIO SUPERIOR,Sem função
224931,Ativo,PROFESSOR DO MAGISTERIO SUPERIOR,Sem função
1937391,Ativo,PROFESSOR DO MAGISTERIO SUPERIOR,Sem função
1129163,Aposentado,PROFESSOR DO MAGISTERIO SUPERIOR,Sem função
1926318,Aposentado,ASSISTENTE EM ADMINISTRACAO,Sem função
3377124,Aposentado,RELACOES PUBLICAS,Sem função
1907076,Pensionista,RECEPCIONISTA,Sem função
2311538,Aposentado,ASSISTENTE EM ADMINISTRACAO,Sem função
931246,Aposentado,PROFESSOR DO MAGISTERIO SUPERIOR,Sem função
3081307,Aposentado,CONTADOR,Sem função
3525038,Pensionista,RECEPCIONISTA,Sem função
2691312,Ativo,PROFESSOR DO MAGISTERIO SUPERIOR,Sem função
2837545,Ativo,PROFESSOR DO MAGISTERIO SUPERIOR,Sem função
2361267,Ativo,TECNICO EM ENFERMAGEM,Sem função
1484147,Ativo,TECNICO DE LABORATORIO AREA,Sem função
1057342,Ativo,PROFESSOR DO MAGISTERIO SUPERIOR,Sem função
3471449,Ativo,PROFESSOR DO MAGISTERIO SUPERIOR,Sem função
2930271,Ativo,TECNICO EM CONTABILIDADE,Sem função
2930271,Ativo,Sem informaç,FG 000.1
50605,Ativo,ENGENHEIRO-AREA,Sem função
2949796,Ativo,TECNICO EM ASSUNTOS EDUCACIONAIS,Sem função
1342830,Pensionista,AUXILIAR DE ENFERMAGEM,Sem função
502461,Ativo,MEDICO RESIDENTE,Sem função
1109003,Ativo,AUX EM ADMINISTRACAO,Sem função
1809257,Ativo,VIGILANTE,Sem função
1161811,Ativo,PROFESSOR DO MAGISTERIO SUPERIOR,Sem função
2219430,Aposentado,PROFESSOR DO MAGISTERIO SUPERIOR,Sem função
3587493,Pensionista,ASCENSORISTA,Sem função
1775269,Ativo,TECNICO DE LABORATORIO AREA,Sem função
3237821,Ativo,TECNICO DE LABORATORIO AREA,Sem função
2363246,Ativo,AUX EM ADMINISTRACAO,Sem função
3067813,Ativo,ASSISTENTE EM ADMINISTRACAO,Sem função
3067813,Ativo,Sem informaç,GF 002.7
2919954,Ativo,AUXILIAR DE MECANICA,Sem função
3656958,Ativo,TECNICO EM CONTABILIDADE,Sem função
406905,Ativo,PROFESSOR DO MAGISTERIO SUPERIOR,Sem função
3100069,Ativo,PROFESSOR DO MAGISTERIO SUPERIOR,Sem função
71803,Ativo,PROFESSOR DO MAGISTERIO SUPERIOR,Sem função
580649,Ativo,VIGILANTE,Sem função
1541273,Ativo,PROFESSOR DO MAGISTERIO SUPERIOR,Sem função
2799257,Ativo,PROFESSOR DO MAGISTERIO SUPERIOR,Sem função
1549310,Ativo,SECRETARIO EXECUTIVO,Sem função
650245,Ativo,PROFESSOR MAGISTERIO SUPERIOR-SUBSTITUTO,Sem função
2316433,Ativo,RESIDENCIA MULTIPROF. SAUDE DA FAMILIA,Sem função
1881732,Ativo,PROFESSOR DO MAGISTERIO SUPERIOR,Sem função
2939870,Ativo,ASSISTENTE EM ADMINISTRACAO,Sem função
1874650,Ativo,PROFESSOR DO MAGISTERIO SUPERIOR,Sem função
2302424,Ativo,PROFESSOR DO MAGISTERIO SUPERIOR,Sem função
3856854,Ativo,PROFESSOR MAGISTERIO SUPERIOR-SUBSTITUTO,Sem função
2835628,Ativo,PROFESSOR DO MAGISTERIO SUPERIOR,Sem função
3305437,Ativo,PSICOLOGO-AREA,Sem função
1223754,Ativo,PROFESSOR DO MAGISTERIO SUPERIOR,Sem função
1787303,Aposentado,MEDICO-AREA,Sem função
2546342,Aposentado,MEDICO-AREA,Sem função
691625,Aposentado,PROFESSOR DO MAGISTERIO SUPERIOR,Sem função
2922740,Ativo,SECRETARIO EXECUTIVO,Sem função
1234941,Ativo,PROFESSOR DO MAGISTERIO SUPERIOR,Sem função
1234941,Ativo,Sem informaç,FUC 000.1
2800972,Aposentado,ENFERMEIRO-AREA,Sem função
2184513,Pensionista,RECEPCIONISTA,Sem função
3572942,Pensionista,ASSISTENTE EM ADMINISTRACAO,Sem função
572421,Aposentado,ASSISTENTE SOCIAL,Sem função
1127964,Ativo,TECNICO EM ASSUNTOS EDUCACIONAIS,Sem função
257955,Aposentado,ASSISTENTE EM ADMINISTRACAO,Sem função
1924296,Pensionista,RECEPCIONISTA,Sem função
212974,Ativo,ASSISTENTE EM ADMINISTRACAO,Sem função
1502625,Ativo,TECNICO DE LABORATORIO AREA,Sem função
1496157,Aposentado,AUXILIAR DE ENFERMAGEM,Sem função
2377804,Ativo,PROFESSOR DO MAGISTERIO SUPERIOR,Sem função
1561692,Ativo,PROFESSOR DO MAGISTERIO SUPERIOR,Sem função
1446194,Aposentado,NUTRICIONISTA-HABILITACAO,Sem função
1446194,Aposentado,PROFESSOR DO MAGISTERIO SUPERIOR,Sem função
2135242,Ativo,PROFESSOR DO MAGISTERIO SUPERIOR,Sem função
3271821,Ativo,PROFESSOR DO MAGISTERIO SUPERIOR,Sem função
1162697,Ativo,SECRETARIO EXECUTIVO,Sem função
1162697,Ativo,Inválido,Sem função
1130250,Ativo,SECRETARIO EXECUTIVO,Sem função
588800,Ativo,ASSISTENTE EM ADMINISTRACAO,Sem função
1306126,Ativo,TECNICO DE LABORATORIO AREA,Sem função
3630427,Pensionista,RECEPCIONISTA,Sem função
3264473,Ativo,PROFESSOR DO MAGISTERIO SUPERIOR,Sem função
425528,Ativo,SERVENTE DE LIMPEZA,Sem função
1905318,Ativo,AUX EM ADMINISTRACAO,Sem função
3147725,Ativo,ASSISTENTE EM ADMINISTRACAO,Sem função
2352070,Ativo,PROFESSOR MAGISTERIO SUPERIOR-SUBSTITUTO,Sem função
2574950,Aposentado,PROFESSOR DO MAGISTERIO SUPERIOR,Sem função
784671,Aposentado,PROFESSOR DO MAGISTERIO SUPERIOR,Sem função
1238670,Ativo,PROFESSOR MAGISTERIO SUPERIOR-SUBSTITUTO,Sem função
3854188,Ativo,ASSISTENTE EM ADMINISTRACAO,Sem função
764010,Ativo,PROFESSOR MAGISTERIO SUPERIOR-SUBSTITUTO,Sem função
1941603,Ativo,PROFESSOR DO MAGISTERIO SUPERIOR,Sem função
1211680,Ativo,TRADUTOR INTERPRETE DE LINGUAGEM SINAIS,Sem função
3118577,Ativo,ASSISTENTE EM ADMINISTRACAO,Sem função
2871359,Ativo,PROFESSOR DO MAGISTERIO SUPERIOR,Sem função
1286901,Ativo,ENFERMEIRO-AREA,Sem função
2365593,Ativo,PROFESSOR MAGISTERIO SUPERIOR-SUBSTITUTO,Sem função
2503707,Ativo,PROFESSOR DO MAGISTERIO SUPERIOR,Sem função
1204248,Ativo,TECNICO EM RADIOLOGIA,Sem função
859224,Aposentado,PROFESSOR DO MAGISTERIO SUPERIOR,Sem função
1698357,Aposentado,ASSISTENTE EM ADMINISTRACAO,Sem função
1298421,Ativo,PROFESSOR DO MAGISTERIO SUPERIOR,Sem função
2280807,Pensionista,SERVENTE DE LIMPEZA,Sem função
1773707,Pensionista,PROFESSOR DO MAGISTERIO SUPERIOR,Sem função
3704616,Ativo,PROFESSOR DO MAGISTERIO SUPERIOR,Sem função
1381234,Aposentado,PROFESSOR DO MAGISTERIO SUPERIOR,Sem função
1333048,Aposentado,PROFESSOR DO MAGISTERIO SUPERIOR,Sem função
244392,Ativo,CONTADOR,Sem função
244392,Ativo,Sem informaç,CD 000.4
1495671,Ativo,ASSISTENTE EM ADMINISTRACAO,Sem função
1622687,Ativo,TECNICO DE LABORATORIO AREA,Sem função
1652295,Ativo,PROFESSOR DO MAGISTERIO SUPERIOR,Sem função
281152,Aposentado,BIBLIOTECARIO-DOCUMENTALISTA,Sem função
809583,Aposentado,PROFESSOR DO MAGISTERIO SUPERIOR,Sem função
3337938,Ativo,PROFESSOR DO MAGISTERIO SUPERIOR,Sem função
3749655,Ativo,PROFESSOR DO MAGISTERIO SUPERIOR,Sem função
436190,Ativo,AUX EM ADMINISTRACAO,Sem função
1991187,Ativo,PROFESSOR MAGISTERIO SUPERIOR-SUBSTITUTO,Sem função
1825020,Ativo,TECNICO EM CONTABILIDADE,Sem função
2896649,Aposentado,VIGILANTE,Sem função
1878505,Ativo,FARMACEUTICO-HABILITACAO,Sem função
3665887,Aposentado,BIBLIOTECARIO-DOCUMENTALISTA,Sem função
3396379,Aposentado,PROFESSOR DO MAGISTERIO SUPERIOR,Sem função
2666026,Ativo,ASSISTENTE EM ADMINISTRACAO,Sem função
3145749,Ativo,ENFERMEIRO-AREA,Sem função
2457438,Ativo,PROFESSOR DO MAGISTERIO SUPERIOR,Sem função
1473063,Ativo,ASSISTENTE EM ADMINISTRACAO,Sem função
1411863,Ativo,ASSISTENTE EM ADMINISTRACAO,Sem função
1829635,Ativo,PROFESSOR MAGISTERIO SUPERIOR-SUBSTITUTO,Sem função
1173972,Ativo,VIGILANTE,Sem função
1084037,Ativo,PROFESSOR DO MAGISTERIO SUPERIOR,Sem função
2774921,Pensionista,PROFESSOR DO MAGISTERIO SUPERIOR,Sem função
2387209,Ativo,PROFESSOR DO MAGISTERIO SUPERIOR,Sem função
1155314,Ativo,PROFESSOR DO MAGISTERIO SUPERIOR,Sem função
87584,Ativo,PROFESSOR DO MAGISTERIO SUPERIOR,Sem função
2120217,Aposentado,DESENHISTA DE ARTES GRAFICAS,Sem função
1440069,Ativo,BIBLIOTECARIO-DOCUMENTALISTA,Sem função
2277998,Ativo,PSICOLOGO-AREA,Sem função
3792781,Ativo,PROFESSOR DO MAGISTERIO SUPERIOR,Sem função
3792781,Ativo,MEDICO-AREA,Sem função
1589459,Aposentado,FISIOTERAPEUTA,Sem função
1069972,Aposentado,AUXILIAR DE ENFERMAGEM,Sem função
3375234,Aposentado,ASSISTENTE SOCIAL,Sem função
460569,Aposentado,ASSISTENTE EM ADMINISTRACAO,Sem função
3788555,Pensionista,PROFESSOR ENS BASICO TECN TECNOLOGICO,Sem função
2361362,Ativo,NUTRICIONISTA-HABILITACAO,Sem função
2546751,Pensionista,TECNICO DE LABORATORIO AREA,Sem função
989821,Ativo,ASCENSORISTA,Sem função
2331248,Ativo,ASSISTENTE SOCIAL,Sem função
327348,Ativo,TECNICO DE LABORATORIO AREA,Sem função
300790,Pensionista,CONTINUO,Sem função
3294068,Ativo,ASSISTENTE EM ADMINISTRACAO,Sem função
1451817,Ativo,PROFESSOR DO MAGISTERIO SUPERIOR,Sem função
2313634,Pensionista,ASSISTENTE EM ADMINISTRACAO,Sem função
2707661,Ativo,MEDICO RESIDENTE,Sem função
1596491,Aposentado,PROFESSOR DO MAGISTERIO SUPERIOR,Sem função
1202188,Ativo,AUXILIAR DE ENFERMAGEM,Sem função
3279603,Ativo,VESTIARISTA,Sem função
2322241,Aposentado,PROFESSOR DO MAGISTERIO SUPERIOR,Sem função
2322241,Pensionista,PROFESSOR DO MAGISTERIO SUPERIOR,Sem função
3756674,Ativo,TECNICO DE LABORATORIO AREA,Sem função
1430976,Pensionista,RECEPCIONISTA,Sem função
3863515,Ativo,ASSISTENTE EM ADMINISTRACAO,Sem função
3858256,Ativo,MEDICO RESIDENTE,Sem função
2628841,Aposentado,ENFERMEIRO-AREA,Sem função
193704,Pensionista,PROFESSOR DO MAGISTERIO SUPERIOR,Sem função
2384171,Ativo,ASSISTENTE EM ADMINISTRACAO,Sem função
2384171,Ativo,Sem informaç,GF 002.7
2749614,Aposentado,PROFESSOR DO MAGISTERIO SUPERIOR,Sem função
2912735,Ativo,PROFESSOR DO MAGISTERIO SUPERIOR,Sem função
1385519,Ativo,TECNICO EM ASSUNTOS EDUCACIONAIS,Sem função
979811,Ativo,ENFERMEIRO-AREA,Sem função
462830,Ativo,ENFERMEIRO-AREA,Sem função
3682309,Ativo,ASSISTENTE EM ADMINISTRACAO,Sem função
3334919,Ativo,PROFESSOR DO MAGISTERIO SUPERIOR,Sem função
3334919,Ativo,Sem informaç,FG 000.1
842086,Ativo,PROFESSOR DO MAGISTERIO SUPERIOR,Sem função
1722800,Ativo,TEC DE TECNOLOGIA DA INFORMACAO,Sem função
1722800,Ativo,Sem informaç,FG 000.1
3744687,Ativo,PROFESSOR MAGISTERIO SUPERIOR-SUBSTITUTO,Sem função
3418232,Ativo,PROFESSOR MAGISTERIO SUPERIOR-SUBSTITUTO,Sem função
1008651,Ativo,PROFESSOR ENS BASICO TECN TECNOLOGICO,Sem função
1643344,Ativo,PROFESSOR DO MAGISTERIO SUPERIOR,Sem função
1643344,Ativo,Sem informaç,FG 000.1
85325,Ativo,ADMINISTRADOR DE EDIFICIOS,Sem função
85325,Ativo,Sem informaç,FG 000.2
2234952,Ativo,ASSISTENTE EM ADMINISTRACAO,Sem função
2508990,Ativo,CONTADOR,Sem função
3367140,Ativo,MEDICO RESIDENTE,Sem função
1599368,Ativo,ASSISTENTE EM ADMINISTRACAO,Sem função
1599368,Ativo,Sem informaç,FG 000.1
3091563,Ativo,PROFESSOR DO MAGISTERIO SUPERIOR,Sem função
1527704,Ativo,AUX EM ADMINISTRACAO,Sem função
1796898,Ativo,PROFESSOR MAGISTERIO SUPERIOR-SUBSTITUTO,Sem função
3056247,Ativo,PROFESSOR DO MAGISTERIO SUPERIOR,Sem função
1329729,Ativo,ASSISTENTE EM ADMINISTRACAO,Sem função
1329729,Ativo,Sem informaç,FG 000.1
3445533,Ativo,PROFESSOR MAGISTERIO SUPERIOR-SUBSTITUTO,Sem função
3090244,Ativo,ASSISTENTE EM ADMINISTRACAO,Sem função
723632,Aposentado,PROFESSOR DO MAGISTERIO SUPERIOR,Sem função
856105,Pensionista,PROFESSOR DO MAGISTERIO SUPERIOR,Sem função
856105,Pensionista,PROFESSOR DO MAGISTERIO SUPERIOR,Sem função
3166720,Pensionista,PROFESSOR DO MAGISTERIO SUPERIOR,Sem função
3166720,Pensionista,PROFESSOR DO MAGISTERIO SUPERIOR,Sem função
2796457,Ativo,VIGILANTE,Sem função
2274781,Ativo,PROFESSOR DO MAGISTERIO SUPERIOR,Sem função
316394,Pensionista,PROFESSOR DO MAGISTERIO SUPERIOR,Sem função
2719449,Pensionista,RECEPCIONISTA,Sem função
3581718,Aposentado,COZINHEIRO,Sem função
11950,Aposentado,AUXILIAR DE ENFERMAGEM,Sem função
1904933,Ativo,PROFESSOR DO MAGISTERIO SUPERIOR,Sem função
3005839,Aposentado,PROFESSOR DO MAGISTERIO SUPERIOR,Sem função
1497345,Pensionista,VIGILANTE,Sem função
2294768,Aposentado,AUXILIAR DE ENFERMAGEM,Sem função
1875568,Pensionista,PROFESSOR DO MAGISTERIO SUPERIOR,Sem função
1940433,Aposentado,AUXILIAR DE ENFERMAGEM,Sem função
3359210,Ativo,ASSISTENTE EM ADMINISTRACAO,Sem função
3359210,Ativo,Sem informaç,FG 000.2
924088,Pensionista,PROFESSOR DO MAGISTERIO SUPERIOR,Sem função
2564618,Pensionista,RECEPCIONISTA,Sem função
2835415,Ativo,PROFESSOR DO MAGISTERIO SUPERIOR,Sem função
3234270,Aposentado,PROFESSOR DO MAGISTERIO SUPERIOR,Sem função
1423107,Ativo,VIGILANTE,Sem função
2588783,Pensionista,PROFESSOR DO MAGISTERIO SUPERIOR,Sem função
2224216,Pensionista,PROFESSOR DO MAGISTERIO SUPERIOR,Sem função
1342035,Ativo,TECNICO DE LABORATORIO AREA,Sem função
863964,Aposentado,ASSISTENTE EM ADMINISTRACAO,Sem função
2043040,Aposentado,PROFESSOR DO MAGISTERIO SUPERIOR,Sem função
3600388,Pensionista,PROFESSOR DO MAGISTERIO SUPERIOR,Sem função
2030060,Ativo,PROFESSOR DO MAGISTERIO SUPERIOR,Sem função
2803992,Aposentado,PROFESSOR DO MAGISTERIO SUPERIOR,Sem função
3735226,Ativo,PROFESSOR DO MAGISTERIO SUPERIOR,Sem função
2619996,Aposentado,COPEIRO,Sem função
3278175,Aposentado,PROFESSOR DO MAGISTERIO SUPERIOR,Sem função
1622042,Aposentado,PROFESSOR DO MAGISTERIO SUPERIOR,Sem função
357615,Aposentado,AUXILIAR DE ENFERMAGEM,Sem função
2417118,Aposentado,TERAPEUTA OCUPACIONAL,Sem função
2123143,Pensionista,PROFESSOR 3 GRAU,Sem função
2143401,Aposentado,TECNICO DESPORTIVO,Sem função
2945100,Ativo,ASSISTENTE EM ADMINISTRACAO,Sem função
756737,Aposentado,PROFESSOR DO MAGISTERIO SUPERIOR,Sem função
490838,Ativo,PROFESSOR ENS BASICO TECN TECNOLOGICO,Sem função
2381846,Ativo,PROFESSOR DO MAGISTERIO SUPERIOR,Sem função
925863,Ativo,PROFESSOR DO MAGISTERIO SUPERIOR,Sem função
2413782,Ativo,PROFESSOR DO MAGISTERIO SUPERIOR,Sem função
2231063,Ativo,DESENHISTA DE ARTES GRAFICAS,Sem função
2231063,Ativo,Sem informaç,FG 000.1
1231251,Ativo,PROFESSOR DO MAGISTERIO SUPERIOR,Sem função
1291596,Ativo,ASSISTENTE EM ADMINISTRACAO,Sem função
365358,Ativo,ASSISTENTE EM ADMINISTRACAO,Sem função
1205832,Ativo,ASSISTENTE EM ADMINISTRACAO,Sem função
2935977,Ativo,TECNICO DE LABORATORIO AREA,Sem função
1124955,Ativo,TECNICO DE LABORATORIO AREA,Sem função
864224,Pensionista,PROFESSOR DO MAGISTERIO SUPERIOR,Sem função
570902,Aposentado,SERVENTE DE LIMPEZA,Sem função
2961030,Pensionista,RECEPCIONISTA,Sem função
880603,Pensionista,RECEPCIONISTA,Sem função
1693516,Pensionista,VIGILANTE,Sem função
1211678,Aposentado,AUX EM ADMINISTRACAO,Sem função
1667150,Aposentado,ASSISTENTE EM ADMINISTRACAO,Sem função
1774529,Aposentado,PROFESSOR DO MAGISTERIO SUPERIOR,Sem função
239607,Ativo,TECNICO DE LABORATORIO AREA,Sem função
449088,Ativo,PROFESSOR MAGISTERIO SUPERIOR-SUBSTITUTO,Sem função
2813740,Ativo,MEDICO-AREA,Sem função
189556,Ativo,PROFESSOR MAGISTERIO SUPERIOR-SUBSTITUTO,Sem função
1679722,Ativo,PROFESSOR DO MAGISTERIO SUPERIOR,Sem função
1385547,Aposentado,ASSISTENTE EM ADMINISTRACAO,Sem função
1070703,Pensionista,TECNICO DE LABORATORIO AREA,Sem função
806322,Aposentado,MEDICO-AREA,Sem função
647042,Aposentado,FARMACEUTICO-HABILITACAO,Sem função
1137127,Ativo,SECRETARIO EXECUTIVO,Sem função
2796355,Ativo,PROFESSOR DO MAGISTERIO SUPERIOR,Sem função
1713439,Pensionista,RECEPCIONISTA,Sem função
72911,Aposentado,BIBLIOTECARIO-DOCUMENTALISTA,Sem função
1025733,Ativo,TEC EM ELETROELETRONICA,Sem função
339299,Aposentado,PROFESSOR DO MAGISTERIO SUPERIOR,Sem função
3460144,Aposentado,PROFESSOR DO MAGISTERIO SUPERIOR,Sem função
1479282,Ativo,MEDICO-AREA,Sem função
52297,Ativo,PROFESSOR DO MAGISTERIO SUPERIOR,Sem função
555757,Aposentado,ASSISTENTE EM ADMINISTRACAO,Sem função
3151122,Aposentado,ODONTOLOGO - 30 HORAS - DL 1445-76,Sem função
8841,Ativo,ARMAZENISTA,Sem função
3624394,Aposentado,PROFESSOR DO MAGISTERIO SUPERIOR,Sem função
2396936,Ativo,PROFESSOR DO MAGISTERIO SUPERIOR,Sem função
2388828,Ativo,TECNICO EM ENFERMAGEM,Sem função
1795873,Pensionista,PROFESSOR 3 GRAU,Sem função
977384,Ativo,ASSISTENTE EM ADMINISTRACAO,Sem função
2326950,Aposentado,AUX EM ADMINISTRACAO,Sem função
2326950,Pensionista,TECNICO DE LABORATORIO AREA,Sem função
2209438,Ativo,MEDICO-AREA,Sem função
355584,Pensionista,MOTORISTA,Sem função
1320744,Aposentado,SERVENTE DE LIMPEZA,Sem função
259798,Ativo,ENFERMEIRO-AREA,Sem função
435638,Aposentado,ASSISTENTE SOCIAL,Sem função
1422944,Aposentado,PROFESSOR DO MAGISTERIO SUPERIOR,Sem função
3294396,Aposentado,PROFESSOR DO MAGISTERIO SUPERIOR,Sem função
13208,Aposentado,ASSISTENTE EM ADMINISTRACAO,Sem função
3069360,Ativo,TECNICO EM RADIOLOGIA,Sem função
2819692,Ativo,PROFESSOR DO MAGISTERIO SUPERIOR,Sem função
2873298,Ativo,ANALISTA DE TEC DA INFORMACAO,Sem função
110008,Ativo,PROFESSOR MAGISTERIO SUPERIOR-SUBSTITUTO,Sem função
428813,Ativo,PROFESSOR MAGISTERIO SUPERIOR-SUBSTITUTO,Sem função
1853350,Pensionista,RECEPCIONISTA,Sem função
2081408,Aposentado,TEC EM TELECOMUNICACAO,Sem função
868216,Aposentado,ASSISTENTE EM ADMINISTRACAO,Sem função
3696206,Aposentado,CONTINUO,Sem função
331967,Aposentado,AUX EM ADMINISTRACAO,Sem função
330394,Aposentado,PROFESSOR DO MAGISTERIO SUPERIOR,Sem função
746414,Pensionista,PROFESSOR DO MAGISTERIO SUPERIOR,Sem função
3469352,Aposentado,ASSISTENTE EM ADMINISTRACAO,Sem função
3469352,Pensionista,PROFESSOR DO MAGISTERIO SUPERIOR,Sem função
898353,Aposentado,ASSISTENTE EM ADMINISTRACAO,Sem função
1039633,Ativo,PROFESSOR DO MAGISTERIO SUPERIOR,Sem função
1651168,Aposentado,PROFESSOR DO MAGISTERIO SUPERIOR,Sem função
1428156,Aposentado,ASSISTENTE EM ADMINISTRACAO,Sem função
3388196,Pensionista,RECEPCIONISTA,Sem função
2512455,Ativo,PROFESSOR DO MAGISTERIO SUPERIOR,Sem função
3863552,Ativo,MEDICO RESIDENTE,Sem função
2807858,Ativo,ASSISTENTE EM ADMINISTRACAO,Sem função
2807858,Ativo,Sem informaç,FG 000.3
267504,Ativo,PROFESSOR DO MAGISTERIO SUPERIOR,Sem função
2337060,Aposentado,CONTADOR,Sem função
960267,Aposentado,PROFESSOR DO MAGISTERIO SUPERIOR,Sem função
2003305,Aposentado,PROFESSOR DO MAGISTERIO SUPERIOR,Sem função
2003305,Aposentado,PROFESSOR DO MAGISTERIO SUPERIOR,Sem função
337184,Aposentado,AUXILIAR DE ENFERMAGEM,Sem função
3487453,Aposentado,PROFESSOR DO MAGISTERIO SUPERIOR,Sem função
1692088,Aposentado,AUX EM ADMINISTRACAO,Sem função
2665299,Pensionista,TEC EM REABILIT OU FISIOTERAPIA,Sem função
2256711,Ativo,PROFESSOR MAGISTERIO SUPERIOR-SUBSTITUTO,Sem função
2256711,Ativo,PROFESSOR DO MAGISTERIO SUPERIOR,Sem função
3070361,Ativo,CONTADOR,Sem função
1207900,Ativo,FARMACEUTICO-HABILITACAO,Sem função
2186541,Aposentado,ASSISTENTE EM ADMINISTRACAO,Sem função
1388039,Ativo,MEDICO RESIDENTE,Sem função
376723,Ativo,TEC DE TECNOLOGIA DA INFORMACAO,Sem função
972031,Ativo,PROFESSOR DO MAGISTERIO SUPERIOR,Sem função
2804056,Aposentado,PROFESSOR DO MAGISTERIO SUPERIOR,Sem função
2804056,Aposentado,PROFESSOR DO MAGISTERIO SUPERIOR,Sem função
2682219,Aposentado,PROFESSOR DO MAGISTERIO SUPERIOR,Sem função
608693,Ativo,AUX EM ADMINISTRACAO,Sem função
3444743,Ativo,SECRETARIO EXECUTIVO,Sem função
1384922,Ativo,PROFESSOR DO MAGISTERIO SUPERIOR,Sem função
2966307,Ativo,ENFERMEIRO-AREA,Sem função
980999,Ativo,SERVENTE DE LIMPEZA,Sem função
3614770,Aposentado,ASSISTENTE EM ADMINISTRACAO,Sem função
2696253,Aposentado,TECNICO EM CONTABILIDADE,Sem função
1856916,Ativo,PSICOLOGO-AREA,Sem função
2733943,Pensionista,VIGILANTE,Sem função
1890797,Ativo,PROFESSOR DO MAGISTERIO SUPERIOR,Sem função
1890797,Ativo,Sem informaç,FG 000.1
853748,Aposentado,PROFESSOR DO MAGISTERIO SUPERIOR,Sem função
144073,Aposentado,AUX EM ADMINISTRACAO,Sem função
1338616,Aposentado,AUXILIAR DE LABORATORIO,Sem função
996427,Aposentado,MEDICO VETERINARIO,Sem função
1133561,Ativo,TECNICO EM ENFERMAGEM,Sem função
908727,Ativo,PROFESSOR DO MAGISTERIO SUPERIOR,Sem função
3716418,Ativo,PROFESSOR DO MAGISTERIO SUPERIOR,Sem função
2350509,Ativo,TECNICO EM ENFERMAGEM,Sem função
1783307,Ativo,ATENDENTE DE ENFERMAGEM,Sem função
2015066,Aposentado,PROFESSOR DO MAGISTERIO SUPERIOR,Sem função
409041,Aposentado,PROFESSOR DO MAGISTERIO SUPERIOR,Sem função
2852420,Ativo,MEDICO-AREA,Sem função
2898579,Ativo,AUX EM ADMINISTRACAO,Sem função
948021,Pensionista,PROFESSOR DO MAGISTERIO SUPERIOR,Sem função
3403734,Aposentado,PROFESSOR DO MAGISTERIO SUPERIOR,Sem função
2399149,Aposentado,TECNICO EM ASSUNTOS EDUCACIONAIS,Sem função
1909092,Aposentado,ASSISTENTE EM ADMINISTRACAO,Sem função
333322,Ativo,PROFESSOR DO MAGISTERIO SUPERIOR,Sem função
1236625,Ativo,PROFESSOR DO MAGISTERIO SUPERIOR,Sem função
1734048,Pensionista,PROFESSOR 3 GRAU,Sem função
3245051,Ativo,PROFESSOR DO MAGISTERIO SUPERIOR,Sem função
1167823,Ativo,PROFESSOR DO MAGISTERIO SUPERIOR,Sem função
3613544,Pensionista,MEDICO-AREA,Sem função
534365,Ativo,SERVENTE DE LIMPEZA,Sem função
450899,Aposentado,AUXILIAR DE ENFERMAGEM,Sem função
1669324,Ativo,AUXILIAR DE ENFERMAGEM,Sem função
2694153,Ativo,AUXILIAR DE ENFERMAGEM,Sem função
1471635,Pensionista,TECNICO EM ELETROTECNICA,Sem função
2161879,Pensionista,PROFESSOR DO MAGISTERIO SUPERIOR,Sem função
1456366,Ativo,AUXILIAR DE ENFERMAGEM,Sem função
1633260,Ativo,PROFESSOR DO MAGISTERIO SUPERIOR,Sem função
927969,Aposentado,AUXILIAR DE ENFERMAGEM,Sem função
3809429,Pensionista,CONTINUO,Sem função
736564,Aposentado,ASSISTENTE EM ADMINISTRACAO,Sem função
2783082,Ativo,AUXILIAR DE SAUDE,Sem função
3671457,Pensionista,VIGILANTE,Sem função
900313,Pensionista,TECNICO DE LABORATORIO AREA,Sem função
2425022,Aposentado,AUXILIAR DE LABORATORIO,Sem função
266137,Ativo,SERVENTE DE LIMPEZA,Sem função
200606,Pensionista,ASSISTENTE DE ALUNO,Sem função
769307,Aposentado,AUX EM ADMINISTRACAO,Sem função
2167102,Pensionista,RECEPCIONISTA,Sem função
940780,Pensionista,MEDICO VETERINARIO,Sem função
369200,Aposentado,ELETRICISTA,Sem função
2156182,Ativo,ASSISTENTE EM ADMINISTRACAO,Sem função
810721,Aposentado,VIGILANTE,Sem função
105359,Ativo,PROFESSOR DO MAGISTERIO SUPERIOR,Sem função
2348241,Aposentado,MOTORISTA,Sem função
463541,Ativo,ENGENHEIRO-AREA,Sem função
1048882,Ativo,PROFESSOR MAGISTERIO SUPERIOR-SUBSTITUTO,Sem função
2799667,Ativo,PROFESSOR DO MAGISTERIO SUPERIOR,Sem função
2799667,Ativo,Sem informaç,FG 000.1
583769,Ativo,PROFESSOR DO MAGISTERIO SUPERIOR,Sem função
2216147,Ativo,TECNICO DE LABORATORIO AREA,Sem função
2917852,Ativo,ASSISTENTE EM ADMINISTRACAO,Sem função
1172085,Ativo,AUXILIAR DE ENFERMAGEM,Sem função
811147,Pensionista,RECEPCIONISTA,Sem função
2577941,Pensionista,ASSISTENTE EM ADMINISTRACAO,Sem função
3357372,Aposentado,ASSISTENTE DE LABORATORIO,Sem função
949943,Pensionista,MOTORISTA,Sem função
2975725,Aposentado,AUXILIAR DE ENFERMAGEM,Sem função
2473620,Ativo,ENFERMEIRO-AREA,Sem função
2473620,Ativo,Sem informaç,GF 002.6
473221,Ativo,VIGILANTE,Sem função
473221,Ativo,Sem informaç,CD 000.4
353145,Aposentado,TECNICO DE LABORATORIO AREA,Sem função
3770688,Aposentado,AUX EM ADMINISTRACAO,Sem função
1721306,Aposentado,PROFESSOR DO MAGISTERIO SUPERIOR,Sem função
3166490,Ativo,ASSISTENTE EM ADMINISTRACAO,Sem função
535343,Aposentado,AUX EM ADMINISTRACAO,Sem função
1853645,Aposentado,ASSISTENTE EM ADMINISTRACAO,Sem função
1220530,Aposentado,FARMACEUTICO-HABILITACAO,Sem função
2688105,Aposentado,ASSISTENTE EM ADMINISTRACAO,Sem função
622020,Pensionista,PROFESSOR DO MAGISTERIO SUPERIOR,Sem função
2631644,Pensionista,RECEPCIONISTA,Sem função
920649,Aposentado,PROFESSOR DO MAGISTERIO SUPERIOR,Sem função
2377831,Ativo,ASSISTENTE EM ADMINISTRACAO,Sem função
1663430,Aposentado,PROFESSOR DO MAGISTERIO SUPERIOR,Sem função
3184438,Ativo,VIGILANTE,Sem função
2317248,Pensionista,PROFESSOR DO MAGISTERIO SUPERIOR,Sem função
83606,Ativo,PROFESSOR DO MAGISTERIO SUPERIOR,Sem função
1761375,Aposentado,PROFESSOR DO MAGISTERIO SUPERIOR,Sem função
1718367,Aposentado,TECNICO EM ASSUNTOS EDUCACIONAIS,Sem função
1848996,Aposentado,PROFESSOR DO MAGISTERIO SUPERIOR,Sem função
350415,Pensionista,PROFESSOR DO MAGISTERIO SUPERIOR,Sem função
351896,Pensionista,PROFESSOR DO MAGISTERIO SUPERIOR,Sem função
669474,Aposentado,ASCENSORISTA,Sem função
3589415,Pensionista,MOTORISTA,Sem função
2625804,Pensionista,MOTORISTA,Sem função
939367,Pensionista,RECEPCIONISTA,Sem função
2552770,Pensionista,PROFESSOR DO MAGISTERIO SUPERIOR,Sem função
945265,Pensionista,FOTOGRAFO,Sem função
745692,Pensionista,RECEPCIONISTA,Sem função
766093,Aposentado,ASSISTENTE DE ALUNO,Sem função
3087745,Aposentado,AUX EM ADMINISTRACAO,Sem função
3341190,Aposentado,VIGILANTE,Sem função
432638,Ativo,MOTORISTA,Sem função
582866,Aposentado,AUX EM ADMINISTRACAO,Sem função
1082846,Aposentado,ODONTOLOGO - 40 HORAS,Sem função
3230724,Ativo,TECNICO EM ENFERMAGEM,Sem função
685165,Aposentado,TECNICO EM ARQUIVO,Sem função
94229,Aposentado,TECNICO EM CONTABILIDADE,Sem função
2708207,Ativo,PROFESSOR DO MAGISTERIO SUPERIOR,Sem função
1159839,Ativo,AUXILIAR DE ENFERMAGEM,Sem função
56381,Ativo,AUX EM ADMINISTRACAO,Sem função
1044693,Aposentado,TEC DE TECNOLOGIA DA INFORMACAO,Sem função
3594968,Aposentado,PROFESSOR DO MAGISTERIO SUPERIOR,Sem função
981055,Aposentado,TECNICO EM CONTABILIDADE,Sem função
2822131,Aposentado,PROFESSOR DO MAGISTERIO SUPERIOR,Sem função
3503746,Ativo,PROFESSOR DO MAGISTERIO SUPERIOR,Sem função
830999,Pensionista,PROFESSOR 3 GRAU,Sem função
1370760,Pensionista,RECEPCIONISTA,Sem função
3237842,Pensionista,RECEPCIONISTA,Sem função
3640276,Pensionista,PROFESSOR 3 GRAU,Sem função
3514970,Pensionista,RECEPCIONISTA,Sem função
1127104,Ativo,IMPRESSOR,Sem função
2790622,Ativo,EDITOR DE IMAGENS,Sem função
3728977,Ativo,MEDICO-AREA,Sem função
1535896,Ativo,TECNICO DE LABORATORIO AREA,Sem função
638449,Ativo,PROFESSOR ENS BASICO TECN TECNOLOGICO,Sem função
563258,Ativo,VIGILANTE,Sem função
2468195,Ativo,MEDICO-AREA,Sem função
1695002,Aposentado,MEDICO-AREA,Sem função
3586615,Pensionista,RECEPCIONISTA,Sem função
3351445,Aposentado,AUX EM ADMINISTRACAO,Sem função
2827054,Ativo,VIGILANTE,Sem função
3147352,Ativo,SERVENTE DE LIMPEZA,Sem função
3147352,Pensionista,TECNICO EM ENFERMAGEM,Sem função
1075598,Aposentado,PROFESSOR DO MAGISTERIO SUPERIOR,Sem função
1737709,Aposentado,TECNICO DE LABORATORIO AREA,Sem função
1152050,Aposentado,PROFESSOR DO MAGISTERIO SUPERIOR,Sem função
2383433,Ativo,PROFESSOR DO MAGISTERIO SUPERIOR,Sem função
3597226,Pensionista,RECEPCIONISTA,Sem função
2475972,Pensionista,TIPOGRAFO,Sem função
674707,Pensionista,RECEPCIONISTA,Sem função
560272,Ativo,ASSISTENTE SOCIAL,Sem função
156209,Pensionista,RECEPCIONISTA,Sem função
905493,Aposentado,PROFESSOR DO MAGISTERIO SUPERIOR,Sem função
905493,Aposentado,MEDICO-AREA,Sem função
2908590,Aposentado,ASCENSORISTA,Sem função
2044589,Aposentado,ENFERMEIRO-AREA,Sem função
1800777,Aposentado,AUXILIAR DE FARMACIA,Sem função
3146029,Pensionista,MESTRE DE EDIF E INFRAESTRUTURA,Sem função
3649101,Pensionista,MOTORISTA,Sem função
149357,Aposentado,ASSISTENTE EM ADMINISTRACAO,Sem função
502412,Aposentado,ASSISTENTE EM ADMINISTRACAO,Sem função
2345319,Aposentado,FISIOTERAPEUTA,Sem função
2123960,Aposentado,ENGENHEIRO-AREA,Sem função
3761784,Pensionista,ASSISTENTE EM ADMINISTRACAO,Sem função
868579,Pensionista,SERVENTE DE LIMPEZA,Sem função
2714869,Pensionista,PINTOR-AREA,Sem função
3570482,Pensionista,PORTEIRO,Sem função
1778789,Aposentado,PROFESSOR ENS BASICO TECN TECNOLOGICO,Sem função
2335067,Pensionista,RECEPCIONISTA,Sem função
1620303,Aposentado,AUXILIAR DE ENFERMAGEM,Sem função
308741,Ativo,PROFESSOR DO MAGISTERIO SUPERIOR,Sem função
1331886,Aposentado,PROFESSOR DO MAGISTERIO SUPERIOR,Sem função
1981771,Pensionista,ASSISTENTE EM ADMINISTRACAO,Sem função
3588013,Pensionista,TECNICO EM ENFERMAGEM,Sem função
828430,Aposentado,SECRETARIO EXECUTIVO,Sem função
1336348,Ativo,PROFESSOR DO MAGISTERIO SUPERIOR,Sem função
966124,Ativo,ASSISTENTE EM ADMINISTRACAO,Sem função
2591398,Aposentado,ASSISTENTE EM ADMINISTRACAO,Sem função
1803760,Ativo,ASSISTENTE EM ADMINISTRACAO,Sem função
2667348,Aposentado,PROFESSOR DO MAGISTERIO SUPERIOR,Sem função
2985689,Pensionista,PROFESSOR DO MAGISTERIO SUPERIOR,Sem função
2640876,Aposentado,ASSISTENTE EM ADMINISTRACAO,Sem função
308738,Pensionista,PORTEIRO,Sem função
1702977,Pensionista,ASSISTENTE EM ADMINISTRACAO,Sem função
945964,Aposentado,TECNICO EM ELETROTECNICA,Sem função
2260692,Ativo,ASSISTENTE EM ADMINISTRACAO,Sem função
1146225,Ativo,MOTORISTA,Sem função
898156,Aposentado,AUX EM ADMINISTRACAO,Sem função
3850797,Ativo,PROFESSOR MAGISTERIO SUPERIOR-SUBSTITUTO,Sem função
2396056,Ativo,ASSISTENTE EM ADMINISTRACAO,Sem função
1781472,Aposentado,PROFESSOR DO MAGISTERIO SUPERIOR,Sem função
3233222,Ativo,ASSISTENTE EM ADMINISTRACAO,Sem função
578627,Pensionista,PROFESSOR DO MAGISTERIO SUPERIOR,Sem função
3205177,Ativo,TECNICO DE LABORATORIO AREA,Sem função
2725980,Ativo,PROFESSOR DO MAGISTERIO SUPERIOR,Sem função
2725980,Ativo,Sem informaç,FG 000.1
993665,Ativo,PROFESSOR ENS BASICO TECN TECNOLOGICO,Sem função
3304008,Aposentado,PROFESSOR DO MAGISTERIO SUPERIOR,Sem função
863386,Aposentado,ASSISTENTE EM ADMINISTRACAO,Sem função
1479689,Ativo,ENFERMEIRO-AREA,Sem função
372391,Ativo,TECNICO EM CONTABILIDADE,Sem função
372391,Ativo,Sem informaç,FG 000.1
3590136,Aposentado,SERVENTE DE LIMPEZA,Sem função
323031,Aposentado,ARMAZENISTA,Sem função
147012,Aposentado,TECNICO EM ENFERMAGEM,Sem função
205325,Aposentado,PROFESSOR DO MAGISTERIO SUPERIOR,Sem função
145701,Aposentado,MESTRE DE EDIF E INFRAESTRUTURA,Sem função
1054373,Ativo,PROFESSOR ENS BASICO TECN TECNOLOGICO,Sem função
2703074,Ativo,DESENHISTA-PROJETISTA,Sem função
2439652,Ativo,PROFESSOR DO MAGISTERIO SUPERIOR,Sem função
3786113,Ativo,MEDICO RESIDENTE,Sem função
2620995,Pensionista,AUXILIAR DE SAUDE,Sem função
20961,Ativo,MEDICO-AREA,Sem função
20961,Ativo,MEDICO-AREA,Sem função
2390757,Ativo,ASSISTENTE EM ADMINISTRACAO,Sem função
2679390,Ativo,PROFESSOR DO MAGISTERIO SUPERIOR,Sem função
253416,Ativo,ENGENHEIRO-AREA,Sem função
253416,Ativo,Sem informaç,FG 000.1
2211763,Ativo,ECONOMISTA,Sem função
1414743,Ativo,PROFESSOR DO MAGISTERIO SUPERIOR,Sem função
1399502,Ativo,PROFESSOR DO MAGISTERIO SUPERIOR,Sem função
422078,Ativo,PROFESSOR DO MAGISTERIO SUPERIOR,Sem função
3354261,Aposentado,OPERADOR DE MAQ DE LAVANDERIA,Sem função
64955,Ativo,PROFESSOR DO MAGISTERIO SUPERIOR,Sem função
1022907,Ativo,PROFESSOR DO MAGISTERIO SUPERIOR,Sem função
1419136,Ativo,PROFESSOR DO MAGISTERIO SUPERIOR,Sem função
2513206,Ativo,PROFESSOR DO MAGISTERIO SUPERIOR,Sem função
2760363,Ativo,MEDICO RESIDENTE,Sem função
1088359,Ativo,TEC DE TECNOLOGIA DA INFORMACAO,Sem função
1088359,Ativo,Sem informaç,FG 000.2
2201737,Ativo,TECNICO EM RADIOLOGIA,Sem função
450277,Ativo,ADMINISTRADOR,Sem função
1133418,Ativo,PROFESSOR DO MAGISTERIO SUPERIOR,Sem função
139508,Aposentado,PROFESSOR DO MAGISTERIO SUPERIOR,Sem função
1230187,Ativo,PROFESSOR DO MAGISTERIO SUPERIOR,Sem função
2360996,Ativo,CONTADOR,Sem função
2360996,Ativo,Sem informaç,CD 000.4
759922,Aposentado,PROFESSOR DO MAGISTERIO SUPERIOR,Sem função
759922,Pensionista,PROFESSOR DO MAGISTERIO SUPERIOR,Sem função
3096432,Ativo,PROFESSOR DO MAGISTERIO SUPERIOR,Sem função
1549812,Aposentado,VIGILANTE,Sem função
2367906,Ativo,MEDICO-AREA,Sem função
1975475,Ativo,ANALISTA DE TEC DA INFORMACAO,Sem função
1975475,Ativo,Sem informaç,FG 000.1
2944865,Ativo,AUX EM ADMINISTRACAO,Sem função
2190617,Ativo,PROFESSOR DO MAGISTERIO SUPERIOR,Sem função
1140446,Ativo,PROFESSOR DO MAGISTERIO SUPERIOR,Sem função
170554,Aposentado,TECNICO EM ASSUNTOS EDUCACIONAIS,Sem função
3315975,Pensionista,VIGILANTE,Sem função
1050931,Ativo,PROFESSOR DO MAGISTERIO SUPERIOR,Sem função
1050931,Ativo,Sem informaç,FUC 000.1
89370,Ativo,PROFESSOR MAGISTERIO SUPERIOR-SUBSTITUTO,Sem função
383253,Ativo,ANALISTA DE TEC DA INFORMACAO,Sem função
383253,Ativo,Sem informaç,FG 000.1
412641,Ativo,MEDICO-AREA,Sem função
3620722,Pensionista,MECANICO,Sem função
3384054,Ativo,ECONOMISTA,Sem função
246038,Aposentado,PROFESSOR DO MAGISTERIO SUPERIOR,Sem função
1678520,Ativo,PROFESSOR DO MAGISTERIO SUPERIOR,Sem função
2452670,Ativo,PROFESSOR DO MAGISTERIO SUPERIOR,Sem função
3230305,Ativo,ASSISTENTE EM ADMINISTRACAO,Sem função
3230305,Ativo,Sem informaç,FG 000.1
1297014,Ativo,PROFESSOR DO MAGISTERIO SUPERIOR,Sem função
1297014,Ativo,Sem informaç,FUC 000.1
2311365,Ativo,PROFESSOR DO MAGISTERIO SUPERIOR,Sem função
1661580,Ativo,PROFESSOR DO MAGISTERIO SUPERIOR,Sem função
1661580,Ativo,Sem informaç,FUC 000.1
1325636,Ativo,PROFESSOR DO MAGISTERIO SUPERIOR,Sem função
1325636,Ativo,Sem informaç,FUC 000.1
321738,Ativo,TECNICO EM ENFERMAGEM,Sem função
1493748,Aposentado,PROFESSOR DO MAGISTERIO SUPERIOR,Sem função
2870142,Ativo,PROFESSOR DO MAGISTERIO SUPERIOR,Sem função
316300,Ativo,MEDICO-AREA,Sem função
2626351,Ativo,PROFESSOR DO MAGISTERIO SUPERIOR,Sem função
591242,Ativo,PORTEIRO,Sem função
256413,Ativo,PROFESSOR DO MAGISTERIO SUPERIOR,Sem função
2902041,Ativo,PROFESSOR DO MAGISTERIO SUPERIOR,Sem função
67841,Ativo,PROFESSOR DO MAGISTERIO SUPERIOR,Sem função
123857,Ativo,PROFESSOR DO MAGISTERIO SUPERIOR,Sem função
1844726,Ativo,PROFESSOR DO MAGISTERIO SUPERIOR,Sem função
1402292,Ativo,ASSISTENTE EM ADMINISTRACAO,Sem função
2503275,Ativo,VIGILANTE,Sem função
2277376,Ativo,PROFESSOR ENS BASICO TECN TECNOLOGICO,Sem função
891513,Aposentado,VIGILANTE,Sem função
455076,Ativo,AUX EM ADMINISTRACAO,Sem função
1668846,Ativo,VIGILANTE,Sem função
1016410,Aposentado,ENGENHEIRO DE SEG DO TRABALHO,Sem função
2436164,Ativo,MEDICO RESIDENTE,Sem função
2355563,Aposentado,VIGILANTE,Sem função
1069512,Aposentado,ASSISTENTE EM ADMINISTRACAO,Sem função
2494493,Ativo,SERVENTE DE LIMPEZA,Sem função
931985,Pensionista,ASSISTENTE EM ADMINISTRACAO,Sem função
418122,Ativo,MOTORISTA,Sem função
418122,Ativo,Sem informaç,FG 000.1
815810,Aposentado,PROFESSOR DO MAGISTERIO SUPERIOR,Sem função
929447,Aposentado,BIOMEDICO,Sem função
62214,Ativo,PROFESSOR MAGISTERIO SUPERIOR-SUBSTITUTO,Sem função
2351428,Ativo,AUXILIAR DE ENFERMAGEM,Sem função
3699444,Ativo,TEC EM ANATOMIA E NECROPSIA,Sem função
1075944,Ativo,PROFESSOR DO MAGISTERIO SUPERIOR,Sem função
3300936,Ativo,BIBLIOTECARIO-DOCUMENTALISTA,Sem função
3300936,Ativo,Sem informaç,FG 000.3
271134,Ativo,TECNICO EM ENFERMAGEM,Sem função
7642,Ativo,ASSISTENTE EM ADMINISTRACAO,Sem função
688129,Ativo,PROFESSOR DO MAGISTERIO SUPERIOR,Sem função
688129,Aposentado,PROFESSOR DO MAGISTERIO SUPERIOR,Sem função
296076,Aposentado,PROFESSOR DO MAGISTERIO SUPERIOR,Sem função
1836419,Aposentado,RECEPCIONISTA,Sem função
2904618,Ativo,PROFESSOR DO MAGISTERIO SUPERIOR,Sem função
2968237,Ativo,PROFESSOR DO MAGISTERIO SUPERIOR,Sem função
1358156,Ativo,TECNICO EM CONTABILIDADE,Sem função
3093982,Aposentado,PROFESSOR DO MAGISTERIO SUPERIOR,Sem função
2627275,Aposentado,MEDICO-AREA,Sem função
903918,Aposentado,AUX EM ADMINISTRACAO,Sem função
1131610,Ativo,AUXILIAR DE ENFERMAGEM,Sem função
908083,Aposentado,ASSISTENTE EM ADMINISTRACAO,Sem função
407929,Ativo,BIBLIOTECARIO-DOCUMENTALISTA,Sem função
3102267,Ativo,AUX EM ADMINISTRACAO,Sem função
2229900,Ativo,BIBLIOTECARIO-DOCUMENTALISTA,Sem função
996461,Ativo,PROFESSOR DO MAGISTERIO SUPERIOR,Sem função
332376,Ativo,ASSISTENTE EM ADMINISTRACAO,Sem função
268089,Ativo,TECNICO EM ENFERMAGEM,Sem função
1653887,Ativo,TECNICO DE LABORATORIO AREA,Sem função
85996,Ativo,PROFESSOR DO MAGISTERIO SUPERIOR,Sem função
85996,Ativo,Sem informaç,FG 000.1
914250,Aposentado,PROFESSOR DO MAGISTERIO SUPERIOR,Sem função
1813808,Ativo,PROFESSOR DO MAGISTERIO SUPERIOR,Sem função
1813808,Ativo,Sem informaç,FG 000.1
1229275,Ativo,ADMINISTRADOR,Sem função
2894773,Ativo,PROFESSOR DO MAGISTERIO SUPERIOR,Sem função
3730285,Ativo,TECNICO DE LABORATORIO AREA,Sem função
3857466,Ativo,TECNICO EM CONTABILIDADE,Sem função
1905824,Ativo,ASSISTENTE EM ADMINISTRACAO,Sem função
3788825,Pensionista,PROFESSOR DO MAGISTERIO SUPERIOR,Sem função
1803386,Pensionista,MOTORISTA,Sem função
3782712,Ativo,PROFESSOR MAGISTERIO SUPERIOR-SUBSTITUTO,Sem função
2954173,Ativo,TECNICO EM ASSUNTOS EDUCACIONAIS,Sem função
2444184,Ativo,PROFESSOR MAGISTERIO SUPERIOR-SUBSTITUTO,Sem função
3175470,Pensionista,PROFESSOR DO MAGISTERIO SUPERIOR,Sem função
467448,Aposentado,ASSISTENTE EM ADMINISTRACAO,Sem função
1045568,Aposentado,ASSISTENTE EM ADMINISTRACAO,Sem função
2691858,Ativo,PROFESSOR DO MAGISTERIO SUPERIOR,Sem função
2691858,Ativo,Sem informaç,FG 000.1
3463627,Ativo,PROFESSOR DO MAGISTERIO SUPERIOR,Sem função
3654611,Pensionista,TECNICO DE LABORATORIO AREA,Sem função
3770880,Aposentado,PROFESSOR DO MAGISTERIO SUPERIOR,Sem função
1795417,Ativo,PROFESSOR TITULAR-LIVRE MAG SUPERIOR,Sem função
729350,Aposentado,PROFESSOR DO MAGISTERIO SUPERIOR,Sem função
3416059,Ativo,MEDICO-AREA,Sem função
3737168,Aposentado,PROFESSOR DO MAGISTERIO SUPERIOR,Sem função
1154884,Aposentado,ASSISTENTE EM ADMINISTRACAO,Sem função
2350023,Ativo,PROFESSOR MAGISTERIO SUPERIOR-SUBSTITUTO,Sem função
242655,Ativo,ENFERMEIRO-AREA,Sem função
2587808,Aposentado,PROFESSOR DO MAGISTERIO SUPERIOR,Sem função
2636087,Aposentado,PROFESSOR DO MAGISTERIO SUPERIOR,Sem função
2636087,Pensionista,PROFESSOR DO MAGISTERIO SUPERIOR,Sem função
2636087,Pensionista,REVISOR DE TEXTOS,Sem função
1280522,Ativo,PROFESSOR DO MAGISTERIO SUPERIOR,Sem função
3483029,Ativo,PROFESSOR DO MAGISTERIO SUPERIOR,Sem função
3720097,Ativo,AUX EM ADMINISTRACAO,Sem função
3610760,Aposentado,PROFESSOR DO MAGISTERIO SUPERIOR,Sem função
3218753,Ativo,PROFESSOR MAGISTERIO SUPERIOR-SUBSTITUTO,Sem função
539474,Aposentado,PROFESSOR DO MAGISTERIO SUPERIOR,Sem função
539474,Aposentado,NUTRICIONISTA-HABILITACAO,Sem função
146771,Aposentado,MEDICO-AREA,Sem função
2496146,Aposentado,ASSISTENTE EM ADMINISTRACAO,Sem função
1694042,Ativo,PROFESSOR DO MAGISTERIO SUPERIOR,Sem função
873858,Aposentado,MEDICO-AREA,Sem função
2126071,Pensionista,PROFESSOR DO MAGISTERIO SUPERIOR,Sem função
2356548,Ativo,PROFESSOR DO MAGISTERIO SUPERIOR,Sem função
1016915,Ativo,PROFESSOR DO MAGISTERIO SUPERIOR,Sem função
2742543,Aposentado,PROFESSOR DO MAGISTERIO SUPERIOR,Sem função
2742543,Pensionista,PROFESSOR DO MAGISTERIO SUPERIOR,Sem função
3253368,Pensionista,MOTORISTA,Sem função
2636836,Pensionista,DESENHISTA DE ARTES GRAFICAS,Sem função
2535990,Pensionista,ASSISTENTE EM ADMINISTRACAO,Sem função
994446,Aposentado,PROFESSOR DO MAGISTERIO SUPERIOR,Sem função
463552,Ativo,TECNICO DE LABORATORIO AREA,Sem função
427474,Ativo,AUXILIAR DE ENFERMAGEM,Sem função
3647710,Aposentado,VIGILANTE,Sem função
3026789,Ativo,ASSISTENTE EM ADMINISTRACAO,Sem função
2336261,Ativo,PROFESSOR DO MAGISTERIO SUPERIOR,Sem função
1809009,Ativo,PROFESSOR DO MAGISTERIO SUPERIOR,Sem função
1354368,Ativo,QUIMICO,Sem função
2249076,Aposentado,PROFESSOR DO MAGISTERIO SUPERIOR,Sem função
389064,Aposentado,ARQUITETO E URBANISTA,Sem função
1064494,Ativo,PROFESSOR DO MAGISTERIO SUPERIOR,Sem função
2161026,Pensionista,PROFESSOR DO MAGISTERIO SUPERIOR,Sem função
2161026,Pensionista,PROFESSOR DO MAGISTERIO SUPERIOR,Sem função
2516466,Ativo,AUX EM ADMINISTRACAO,Sem função
2909838,Ativo,TECNICO DE LABORATORIO AREA,Sem função
3596245,Aposentado,TECNICO EM ASSUNTOS EDUCACIONAIS,Sem função
1485853,Ativo,VESTIARISTA,Sem função
508522,Aposentado,TECNICO DE LABORATORIO AREA,Sem função
2103887,Ativo,AUXILIAR DE ENFERMAGEM,Sem função
936678,Aposentado,AUX EM ADMINISTRACAO,Sem função
927831,Pensionista,ASSISTENTE EM ADMINISTRACAO,Sem função
290644,Ativo,PROFESSOR DO MAGISTERIO SUPERIOR,Sem função
2909392,Ativo,ASSISTENTE EM ADMINISTRACAO,Sem função
979507,Aposentado,AUXILIAR DE ENFERMAGEM,Sem função
1287776,Aposentado,TECNICO EM RADIOLOGIA,Sem função
607909,Aposentado,AUXILIAR DE SAUDE,Sem função
125680,Ativo,COPEIRO,Sem função
2790448,Aposentado,BIBLIOTECARIO-DOCUMENTALISTA,Sem função
1089623,Pensionista,TEC EM ELETROELETRONICA,Sem função
149939,Aposentado,PSICOLOGO-AREA,Sem função
1445172,Aposentado,ASSISTENTE EM ADMINISTRACAO,Sem função
1074967,Aposentado,COZINHEIRO,Sem função
3526694,Ativo,FARMACEUTICO-HABILITACAO,Sem função
1771223,Aposentado,PROFESSOR DO MAGISTERIO SUPERIOR,Sem função
606683,Ativo,VIGILANTE,Sem função
3238190,Aposentado,AUXILIAR DE ENFERMAGEM,Sem função
1825703,Pensionista,PROFESSOR 3 GRAU,Sem função
1794049,Pensionista,AUXILIAR DE ENFERMAGEM,Sem função
2737270,Pensionista,VIGILANTE,Sem função
3644816,Pensionista,VIGILANTE,Sem função
405261,Aposentado,ASSISTENTE EM ADMINISTRACAO,Sem função
1300319,Ativo,PROFESSOR DO MAGISTERIO SUPERIOR,Sem função
2963312,Pensionista,PROFESSOR DO MAGISTERIO SUPERIOR,Sem função
1920842,Pensionista,PROFESSOR 3 GRAU,Sem função
1321629,Ativo,PROFESSOR DO MAGISTERIO SUPERIOR,Sem função
2004418,Pensionista,ASSISTENTE EM ADMINISTRACAO,Sem função
717491,Aposentado,PROFESSOR DO MAGISTERIO SUPERIOR,Sem função
2283445,Ativo,ENFERMEIRO-AREA,Sem função
1458593,Pensionista,PROFESSOR DO MAGISTERIO SUPERIOR,Sem função
976653,Pensionista,PROFESSOR DO MAGISTERIO SUPERIOR,Sem função
2038258,Aposentado,PROFESSOR DO MAGISTERIO SUPERIOR,Sem função
1014303,Pensionista,PROFESSOR DO MAGISTERIO SUPERIOR,Sem função
2059771,Pensionista,ASCENSORISTA,Sem função
2543093,Pensionista,ASSISTENTE EM ADMINISTRACAO,Sem função
261506,Aposentado,COZINHEIRO,Sem função
733550,Pensionista,PROFESSOR DO MAGISTERIO SUPERIOR,Sem função
3617729,Pensionista,SERVENTE DE LIMPEZA,Sem função
1062287,Aposentado,TECNICO EM ASSUNTOS EDUCACIONAIS,Sem função
3264034,Aposentado,PROFESSOR DO MAGISTERIO SUPERIOR,Sem função
2128097,Pensionista,ASSISTENTE EM ADMINISTRACAO,Sem função
245856,Aposentado,ASSISTENTE EM ADMINISTRACAO,Sem função
1381938,Aposentado,ASSISTENTE EM ADMINISTRACAO,Sem função
3479773,Ativo,ANALISTA DE TEC DA INFORMACAO,Sem função
250628,Ativo,MEDICO-AREA,Sem função
250628,Ativo,PROFESSOR DO MAGISTERIO SUPERIOR,Sem função
737136,Aposentado,OPERADOR DE CAMERA DE CINEMA E TV,Sem função
1472070,Aposentado,CONTRAMESTRE-OFICIO,Sem função
1873616,Ativo,VIGILANTE,Sem função
65294,Ativo,TECNICO DE LABORATORIO AREA,Sem função
3348116,Ativo,TECNICO DE LABORATORIO AREA,Sem função
2276521,Aposentado,SERVENTE DE LIMPEZA,Sem função
2513020,Aposentado,PROFESSOR DO MAGISTERIO SUPERIOR,Sem função
2100968,Aposentado,ASSISTENTE EM ADMINISTRACAO,Sem função
2100968,Pensionista,ASSISTENTE EM ADMINISTRACAO,Sem função
922086,Aposentado,PROFESSOR DO MAGISTERIO SUPERIOR,Sem função
834924,Aposentado,ENGENHEIRO-AREA,Sem função
1119473,Ativo,ASSISTENTE EM ADMINISTRACAO,Sem função
2411947,Pensionista,TECNICO DE LABORATORIO AREA,Sem função
2029888,Ativo,ASSISTENTE EM ADMINISTRACAO,Sem função
1777068,Ativo,PROFESSOR DO MAGISTERIO SUPERIOR,Sem função
1777068,Ativo,Sem informaç,FG 000.1
1689492,Pensionista,PROFESSOR 3 GRAU,Sem função
398596,Ativo,SERVENTE DE LIMPEZA,Sem função
1728226,Aposentado,VIGILANTE,Sem função
1639070,Ativo,PROFESSOR DO MAGISTERIO SUPERIOR,Sem função
2848979,Ativo,TECNICO DE LABORATORIO AREA,Sem função
3402732,Aposentado,PROFESSOR DO MAGISTERIO SUPERIOR,Sem função
2303828,Ativo,PROFESSOR DO MAGISTERIO SUPERIOR,Sem função
1642878,Aposentado,BIBLIOTECARIO-DOCUMENTALISTA,Sem função
3313970,Pensionista,RECEPCIONISTA,Sem função
145890,Aposentado,PROFESSOR DO MAGISTERIO SUPERIOR,Sem função
3240604,Ativo,TECNICO DE LABORATORIO AREA,Sem função
931898,Pensionista,RECEPCIONISTA,Sem função
2760540,Pensionista,DIRETOR DE IMAGEM,Sem função
972254,Pensionista,AUX EM ADMINISTRACAO,Sem função
1100434,Pensionista,ASSISTENTE EM ADMINISTRACAO,Sem função
2217031,Ativo,PROFESSOR DO MAGISTERIO SUPERIOR,Sem função
1311103,Ativo,AUXILIAR DE ENFERMAGEM,Sem função
148680,Aposentado,VIGILANTE,Sem função
2101919,Ativo,PROFESSOR MAGISTERIO SUPERIOR-SUBSTITUTO,Sem função
2101919,Ativo,TECNICO DE LABORATORIO AREA,Sem função
1103004,Ativo,BIBLIOTECARIO-DOCUMENTALISTA,Sem função
2988,Ativo,AUXILIAR DE ENFERMAGEM,Sem função
564381,Ativo,PROFESSOR DO MAGISTERIO SUPERIOR,Sem função
2071118,Ativo,ASSISTENTE EM ADMINISTRACAO,Sem função
2740573,Pensionista,PROFESSOR DO MAGISTERIO SUPERIOR,Sem função
2740573,Pensionista,PROFESSOR DO MAGISTERIO SUPERIOR,Sem função
2412737,Ativo,AUXILIAR DE ENFERMAGEM,Sem função
3187360,Ativo,ASSISTENTE EM ADMINISTRACAO,Sem função
2656926,Pensionista,RECEPCIONISTA,Sem função
989317,Ativo,PROFESSOR MAGISTERIO SUPERIOR-SUBSTITUTO,Sem função
1720547,Aposentado,ENFERMEIRO-AREA,Sem função
3293318,Pensionista,PROFESSOR DO MAGISTERIO SUPERIOR,Sem função
1829407,Aposentado,ASSISTENTE EM ADMINISTRACAO,Sem função
1733864,Ativo,PROFESSOR DO MAGISTERIO SUPERIOR,Sem função
2509226,Aposentado,PROFESSOR DO MAGISTERIO SUPERIOR,Sem função
1973637,Aposentado,PROFESSOR DO MAGISTERIO SUPERIOR,Sem função
1068135,Aposentado,ASSISTENTE EM ADMINISTRACAO,Sem função
1261469,Ativo,PROFESSOR DO MAGISTERIO SUPERIOR,Sem função
818675,Aposentado,ASSISTENTE EM ADMINISTRACAO,Sem função
29280,Ativo,PROFESSOR DO MAGISTERIO SUPERIOR,Sem função
1342359,Aposentado,ASSISTENTE EM ADMINISTRACAO,Sem função
2412482,Ativo,PROFESSOR MAGISTERIO SUPERIOR-SUBSTITUTO,Sem função
2645548,Pensionista,RECEPCIONISTA,Sem função
2387488,Ativo,AUXILIAR DE ENFERMAGEM,Sem função
2245225,Ativo,AUXILIAR DE ENFERMAGEM,Sem função
1458218,Ativo,ASSISTENTE EM ADMINISTRACAO,Sem função
1891270,Ativo,MEDICO RESIDENTE,Sem função
242737,Ativo,AUXILIAR DE ENFERMAGEM,Sem função
1787484,Pensionista,RECEPCIONISTA,Sem função
351507,Pensionista,RECEPCIONISTA,Sem função
954484,Aposentado,PROFESSOR DO MAGISTERIO SUPERIOR,Sem função
2401316,Aposentado,VIGILANTE,Sem função
1150433,Ativo,TECNICO EM ARQUIVO,Sem função
2663908,Ativo,ASSISTENTE EM ADMINISTRACAO,Sem função
2920243,Ativo,JORNALISTA,Sem função
246234,Aposentado,TECNICO EM CONTABILIDADE,Sem função
1418421,Aposentado,BIOMEDICO,Sem função
276367,Aposentado,TECNICO EM CONTABILIDADE,Sem função
3602003,Pensionista,AUX EM ADMINISTRACAO,Sem função
3653548,Pensionista,RECEPCIONISTA,Sem função
3303237,Ativo,TRADUTOR INTERPRETE DE LINGUAGEM SINAIS,Sem função
359768,Aposentado,FARMACEUTICO-HABILITACAO,Sem função
2179872,Pensionista,RECEPCIONISTA,Sem função
2405036,Pensionista,IMPRESSOR,Sem função
2664978,Aposentado,ASSISTENTE EM ADMINISTRACAO,Sem função
734525,Ativo,MESTRE DE EDIF E INFRAESTRUTURA,Sem função
734525,Ativo,Sem informaç,FG 000.3
941747,Aposentado,PROFESSOR DO MAGISTERIO SUPERIOR,Sem função
1350580,Ativo,TECNICO EM ENFERMAGEM,Sem função
1492127,Ativo,PROFESSOR DO MAGISTERIO SUPERIOR,Sem função
1492127,Ativo,Sem informaç,FUC 000.1
341468,Aposentado,PROFESSOR DO MAGISTERIO SUPERIOR,Sem função
892789,Pensionista,PROFESSOR DO MAGISTERIO SUPERIOR,Sem função
1525805,Ativo,PROFESSOR DO MAGISTERIO SUPERIOR,Sem função
1410273,Ativo,ODONTOLOGO - 30 HORAS - DL 1445-76,Sem função
185871,Aposentado,PROFESSOR DO MAGISTERIO SUPERIOR,Sem função
2286931,Aposentado,PROFESSOR DO MAGISTERIO SUPERIOR,Sem função
2575931,Pensionista,PROFESSOR DO MAGISTERIO SUPERIOR,Sem função
44534,Ativo,ENFERMEIRO-AREA,Sem função
2305719,Ativo,PROFESSOR DO MAGISTERIO SUPERIOR,Sem função
253130,Ativo,SERVENTE DE LIMPEZA,Sem função
695004,Aposentado,ENFERMEIRO-AREA,Sem função
330078,Aposentado,TECNICO EM ASSUNTOS EDUCACIONAIS,Sem função
1328165,Ativo,PROFESSOR DO MAGISTERIO SUPERIOR,Sem função
1416947,Aposentado,PROFESSOR DO MAGISTERIO SUPERIOR,Sem função
400954,Aposentado,PROFESSOR DO MAGISTERIO SUPERIOR,Sem função
400954,Pensionista,PROFESSOR DO MAGISTERIO SUPERIOR,Sem função
852182,Pensionista,RECEPCIONISTA,Sem função
3556429,Pensionista,TECNICO DE LABORATORIO AREA,Sem função
3777189,Ativo,ENFERMEIRO-AREA,Sem função
3359595,Ativo,PROFESSOR DO MAGISTERIO SUPERIOR,Sem função
2459980,Ativo,AUXILIAR DE ENFERMAGEM,Sem função
1256867,Ativo,AUXILIAR DE SAUDE,Sem função
1113024,Ativo,AUXILIAR DE ENFERMAGEM,Sem função
1740449,Pensionista,RECEPCIONISTA,Sem função
2589768,Pensionista,VIGILANTE,Sem função
1206281,Ativo,MEDICO-AREA,Sem função
940199,Pensionista,JORNALISTA,Sem função
668200,Aposentado,ASSISTENTE EM ADMINISTRACAO,Sem função
428593,Ativo,VIGILANTE,Sem função
2644831,Ativo,ADMINISTRADOR,Sem função
2885139,Ativo,PROFESSOR DO MAGISTERIO SUPERIOR,Sem função
587305,Ativo,FARMACEUTICO-HABILITACAO,Sem função
3859747,Ativo,RESIDENCIA MULTIPROFISSIONAL,Sem função
1769081,Ativo,ENFERMEIRO-AREA,Sem função
1473176,Ativo,ASSISTENTE EM ADMINISTRACAO,Sem função
1473176,Ativo,Sem informaç,CD 000.4
1097558,Ativo,PROFESSOR DO MAGISTERIO SUPERIOR,Sem função
1420386,Ativo,PROFESSOR MAGISTERIO SUPERIOR-SUBSTITUTO,Sem função
91718,Aposentado,ASSISTENTE EM ADMINISTRACAO,Sem função
2315772,Aposentado,ASSISTENTE EM ADMINISTRACAO,Sem função
865758,Aposentado,PROFESSOR DO MAGISTERIO SUPERIOR,Sem função
2407921,Ativo,EDITOR DE IMAGENS,Sem função
1106719,Ativo,PROFESSOR DO MAGISTERIO SUPERIOR,Sem função
1106719,Ativo,Sem informaç,FUC 000.1
2438799,Ativo,PROFESSOR MAGISTERIO SUPERIOR-SUBSTITUTO,Sem função
2604811,Ativo,PROFESSOR DO MAGISTERIO SUPERIOR,Sem função
2604811,Ativo,Sem informaç,FG 000.1
1360352,Aposentado,ASSISTENTE EM ADMINISTRACAO,Sem função
3319649,Ativo,TECNICO DE LABORATORIO AREA,Sem função
1258767,Ativo,PROFESSOR DO MAGISTERIO SUPERIOR,Sem função
1728266,Pensionista,PROFESSOR DO MAGISTERIO SUPERIOR,Sem função
334595,Aposentado,PROGRAMADOR VISUAL,Sem função
1578317,Pensionista,PROFESSOR DO MAGISTERIO SUPERIOR,Sem função
1657342,Aposentado,PROFESSOR DO MAGISTERIO SUPERIOR,Sem função
506123,Ativo,ASSISTENTE EM ADMINISTRACAO,Sem função
665926,Ativo,VIGILANTE,Sem função
866872,Aposentado,PROFESSOR DO MAGISTERIO SUPERIOR,Sem função
866872,Pensionista,PROFESSOR 3 GRAU,Sem função
3022440,Aposentado,REVISOR DE TEXTOS,Sem função
139858,Aposentado,MEDICO-AREA,Sem função
2449765,Aposentado,PROFESSOR DO MAGISTERIO SUPERIOR,Sem função
2650751,Pensionista,PROFESSOR DO MAGISTERIO SUPERIOR,Sem função
2634951,Aposentado,AUX EM ADMINISTRACAO,Sem função
155076,Pensionista,PROFESSOR DO MAGISTERIO SUPERIOR,Sem função
35744,Aposentado,ASSISTENTE EM ADMINISTRACAO,Sem função
3618806,Pensionista,RECEPCIONISTA,Sem função
3226588,Aposentado,BIBLIOTECARIO-DOCUMENTALISTA,Sem função
3541976,Pensionista,ASSISTENTE EM ADMINISTRACAO,Sem função
2105318,Pensionista,PROFESSOR DO MAGISTERIO SUPERIOR,Sem função
2928967,Aposentado,ASSISTENTE EM ADMINISTRACAO,Sem função
1624678,Aposentado,PROCURADOR FEDERAL,Sem função
2243979,Ativo,PROFESSOR DO MAGISTERIO SUPERIOR,Sem função
2840490,Ativo,AUX EM ADMINISTRACAO,Sem função
1589123,Ativo,ECONOMISTA,Sem função
1589123,Ativo,Sem informaç,FG 000.2
325594,Ativo,ASSISTENTE EM ADMINISTRACAO,Sem função
325594,Ativo,Sem informaç,FG 000.1
2547600,Aposentado,ASSISTENTE EM ADMINISTRACAO,Sem função
2545478,Ativo,TEC DE TECNOLOGIA DA INFORMACAO,Sem função
2792170,Ativo,PROFESSOR DO MAGISTERIO SUPERIOR,Sem função
2666413,Ativo,MEDICO RESIDENTE,Sem função
3487376,Ativo,ASSISTENTE DE ALUNO,Sem função
2055906,Ativo,ASSISTENTE EM ADMINISTRACAO,Sem função
2055906,Ativo,Sem informaç,CD 000.4
1795488,Ativo,PROFESSOR DO MAGISTERIO SUPERIOR,Sem função
402055,Ativo,PROFESSOR DO MAGISTERIO SUPERIOR,Sem função
1927475,Ativo,ODONTOLOGO - 30 HORAS - DL 1445-76,Sem função
2871588,Ativo,PROFESSOR MAGISTERIO SUPERIOR-SUBSTITUTO,Sem função
3247579,Ativo,PROFESSOR DO MAGISTERIO SUPERIOR,Sem função
2804319,Ativo,ENFERMEIRO-AREA,Sem função
1206329,Ativo,TECNICO EM ASSUNTOS EDUCACIONAIS,Sem função
1206329,Ativo,Sem informaç,FG 000.3
11427,Ativo,TECNICO DE LABORATORIO AREA,Sem função
2890276,Ativo,AUX EM ADMINISTRACAO,Sem função
291438,Aposentado,PROFESSOR DO MAGISTERIO SUPERIOR,Sem função
505911,Ativo,ASSISTENTE EM ADMINISTRACAO,Sem função
2116656,Ativo,PROFESSOR DO MAGISTERIO SUPERIOR,Sem função
1429607,Ativo,CONTADOR,Sem função
1429607,Ativo,Sem informaç,FG 000.1
393825,Aposentado,TECNICO EM CONTABILIDADE,Sem função
2879659,Ativo,ELETRICISTA,Sem função
2358251,Ativo,PROFESSOR DO MAGISTERIO SUPERIOR,Sem função
3862266,Ativo,ASSISTENTE EM ADMINISTRACAO,Sem função
1976145,Ativo,PROFESSOR DO MAGISTERIO SUPERIOR,Sem função
1976145,Ativo,Sem informaç,FUC 000.1
1109753,Ativo,PROFESSOR DO MAGISTERIO SUPERIOR,Sem função
2261465,Ativo,ASSISTENTE EM ADMINISTRACAO,Sem função
2432543,Ativo,PROFESSOR DO MAGISTERIO SUPERIOR,Sem função
2915078,Ativo,PROFESSOR DO MAGISTERIO SUPERIOR,Sem função
92059,Ativo,TECNICO EM CONTABILIDADE,Sem função
92059,Ativo,Sem informaç,FG 000.2
3267866,Ativo,PROFESSOR DO MAGISTERIO SUPERIOR,Sem função
264395,Aposentado,AUXILIAR DE ENFERMAGEM,Sem função
2573441,Aposentado,PROFESSOR DO MAGISTERIO SUPERIOR,Sem função
2677992,Pensionista,PROFESSOR DO MAGISTERIO SUPERIOR,Sem função
2677992,Pensionista,FARMACEUTICO-HABILITACAO,Sem função
1373128,Ativo,ENFERMEIRO-AREA,Sem função
2774266,Aposentado,AUXILIAR DE ENFERMAGEM,Sem função
1181528,Ativo,PROFESSOR DO MAGISTERIO SUPERIOR,Sem função
1181528,Ativo,Sem informaç,FUC 000.1
1068881,Aposentado,ARQUIVISTA,Sem função
1803013,Ativo,ASSISTENTE EM ADMINISTRACAO,Sem função
1507971,Ativo,ENGENHEIRO-AREA,Sem função
2525974,Ativo,PROFESSOR DO MAGISTERIO SUPERIOR,Sem função
2525974,Ativo,Sem informaç,FUC 000.1
3086960,Ativo,PROFESSOR MAGISTERIO SUPERIOR-SUBSTITUTO,Sem função
3074168,Ativo,PROFESSOR DO MAGISTERIO SUPERIOR,Sem função
396248,Ativo,TECNICO DE LABORATORIO AREA,Sem função
776666,Aposentado,AUXILIAR DE ENFERMAGEM,Sem função
3207574,Aposentado,PROFESSOR DO MAGISTERIO SUPERIOR,Sem função
3719741,Ativo,ASSISTENTE EM ADMINISTRACAO,Sem função
2040994,Pensionista,VIGILANTE,Sem função
2284982,Pensionista,PROFESSOR DO MAGISTERIO SUPERIOR,Sem função
833750,Aposentado,PROFESSOR DO MAGISTERIO SUPERIOR,Sem função
704357,Aposentado,ASSISTENTE EM ADMINISTRACAO,Sem função
3518812,Ativo,PROFESSOR DO MAGISTERIO SUPERIOR,Sem função
2252215,Aposentado,SERVENTE DE LIMPEZA,Sem função
3304302,Ativo,ASSISTENTE SOCIAL,Sem função
2582421,Aposentado,PROFESSOR DO MAGISTERIO SUPERIOR,Sem função
2007349,Aposentado,PROFESSOR DO MAGISTERIO SUPERIOR,Sem função
2943145,Ativo,PEDAGOGO-AREA,Sem função
731970,Aposentado,PROFESSOR DO MAGISTERIO SUPERIOR,Sem função
3115732,Ativo,AUX EM ADMINISTRACAO,Sem função
3732985,Aposentado,PROFESSOR DO MAGISTERIO SUPERIOR,Sem função
2281345,Aposentado,ASSISTENTE EM ADMINISTRACAO,Sem função
1079690,Ativo,AUX EM ADMINISTRACAO,Sem função
484674,Aposentado,PROFESSOR DO MAGISTERIO SUPERIOR,Sem função
1140706,Ativo,PROFESSOR DO MAGISTERIO SUPERIOR,Sem função
2260672,Aposentado,PROFESSOR DO MAGISTERIO SUPERIOR,Sem função
2815760,Ativo,ASSISTENTE EM ADMINISTRACAO,Sem função
288416,Aposentado,VIGILANTE,Sem função
2132220,Ativo,TECNICO EM CONTABILIDADE,Sem função
2132220,Ativo,Sem informaç,FG 000.1
2671272,Aposentado,PROFESSOR DO MAGISTERIO SUPERIOR,Sem função
1973403,Ativo,PROFESSOR DO MAGISTERIO SUPERIOR,Sem função
1906499,Pensionista,PROFESSOR DO MAGISTERIO SUPERIOR,Sem função
2127511,Pensionista,PROFESSOR DO MAGISTERIO SUPERIOR,Sem função
569039,Ativo,ASSISTENTE EM ADMINISTRACAO,Sem função
3090130,Aposentado,MEDICO-AREA,Sem função
386483,Aposentado,FARMACEUTICO-HABILITACAO,Sem função
2923615,Ativo,PROFESSOR DO MAGISTERIO SUPERIOR,Sem função
3270500,Ativo,ASSISTENTE EM ADMINISTRACAO,Sem função
3270500,Ativo,Sem informaç,FG 000.1
749225,Aposentado,ASSISTENTE EM ADMINISTRACAO,Sem função
2293027,Ativo,PROFESSOR DO MAGISTERIO SUPERIOR,Sem função
2287860,Ativo,VIGILANTE,Sem função
2265589,Pensionista,ASSISTENTE EM ADMINISTRACAO,Sem função
878207,Aposentado,TECNICO DE LABORATORIO AREA,Sem função
878207,Pensionista,COSTUREIRO,Sem função
1997188,Aposentado,PROFESSOR DO MAGISTERIO SUPERIOR,Sem função
487946,Ativo,ASSISTENTE EM ADMINISTRACAO,Sem função
1050461,Ativo,VIGILANTE,Sem função
911740,Ativo,PROFESSOR DO MAGISTERIO SUPERIOR,Sem função
1376271,Ativo,TECNICO EM ASSUNTOS EDUCACIONAIS,Sem função
1157647,Ativo,AUXILIAR DE ENFERMAGEM,Sem função
933749,Aposentado,PROFESSOR DO MAGISTERIO SUPERIOR,Sem função
933749,Pensionista,PROFESSOR DO MAGISTERIO SUPERIOR,Sem função
653156,Ativo,PROFESSOR DO MAGISTERIO SUPERIOR,Sem função
132339,Ativo,PROFESSOR MAGISTERIO SUPERIOR-SUBSTITUTO,Sem função
2919184,Ativo,PROFESSOR ENS BASICO TECN TECNOLOGICO,Sem função
3855830,Ativo,ASSISTENTE EM ADMINISTRACAO,Sem função
344142,Ativo,PROFESSOR DO MAGISTERIO SUPERIOR,Sem função
3656837,Pensionista,CARPINTEIRO,Sem função
407210,Ativo,ENFERMEIRO-AREA,Sem função
2258311,Ativo,AUXILIAR DE ENFERMAGEM,Sem função
1009443,Ativo,MEDICO-AREA,Sem função
373743,Ativo,PROFESSOR DO MAGISTERIO SUPERIOR,Sem função
3325578,Ativo,ASSISTENTE EM ADMINISTRACAO,Sem função
270024,Ativo,PROFESSOR DO MAGISTERIO SUPERIOR,Sem função
143361,Aposentado,SERVENTE DE LIMPEZA,Sem função
646116,Ativo,RESIDENCIA MULTIPROFISSIONAL,Sem função
2410683,Ativo,SECRETARIO EXECUTIVO,Sem função
316336,Ativo,ASSISTENTE SOCIAL,Sem função
1648157,Ativo,FONOAUDIOLOGO,Sem função
415335,Ativo,ASSISTENTE EM ADMINISTRACAO,Sem função
415335,Ativo,Sem informaç,FG 000.3
2338202,Ativo,AUXILIAR DE ENFERMAGEM,Sem função
2401131,Ativo,PROFESSOR DO MAGISTERIO SUPERIOR,Sem função
1551287,Ativo,PROFESSOR DO MAGISTERIO SUPERIOR,Sem função
572957,Ativo,PROFESSOR DO MAGISTERIO SUPERIOR,Sem função
3056460,Ativo,PROGRAMADOR VISUAL,Sem função
1222984,Ativo,PROFESSOR DO MAGISTERIO SUPERIOR,Sem função
2990857,Ativo,MEDICO RESIDENTE,Sem função
1733269,Aposentado,DESENHISTA DE ARTES GRAFICAS,Sem função
1619,Ativo,PROFESSOR DO MAGISTERIO SUPERIOR,Sem função
3171970,Ativo,ADMINISTRADOR DE EDIFICIOS,Sem função
3171970,Ativo,Sem informaç,FG 000.2
3217285,Ativo,PROFESSOR ENS BASICO TECN TECNOLOGICO,Sem função
3217285,Ativo,Sem informaç,CD 000.4
2834669,Ativo,ASSISTENTE EM ADMINISTRACAO,Sem função
2899355,Ativo,AUXILIAR DE ENFERMAGEM,Sem função
2894227,Ativo,PROFESSOR DO MAGISTERIO SUPERIOR,Sem função
3852711,Ativo,PROFESSOR MAGISTERIO SUPERIOR-SUBSTITUTO,Sem função
512797,Aposentado,ALMOXARIFE,Sem função
525120,Aposentado,PROFESSOR DO MAGISTERIO SUPERIOR,Sem função
1210796,Ativo,SECRETARIO EXECUTIVO,Sem função
1210796,Ativo,Inválido,Sem função
1522702,Ativo,ASSISTENTE EM ADMINISTRACAO,Sem função
1593992,Ativo,PROFESSOR DO MAGISTERIO SUPERIOR,Sem função
599475,Ativo,ENFERMEIRO-AREA,Sem função
384410,Aposentado,PROFESSOR DO MAGISTERIO SUPERIOR,Sem função
2561686,Pensionista,ENFERMEIRO-AREA,Sem função
3258792,Ativo,TECNICO EM CONTABILIDADE,Sem função
3258792,Ativo,Sem informaç,FG 000.3
1742236,Aposentado,MEDICO-AREA,Sem função
2400022,Ativo,PROFESSOR DO MAGISTERIO SUPERIOR,Sem função
3153828,Ativo,AUX EM ADMINISTRACAO,Sem função
3073455,Ativo,PROFESSOR DO MAGISTERIO SUPERIOR,Sem função
325255,Ativo,VIGILANTE,Sem função
133017,Ativo,PROFESSOR DO MAGISTERIO SUPERIOR,Sem função
1232879,Ativo,PROFESSOR DO MAGISTERIO SUPERIOR,Sem função
488235,Ativo,PROFESSOR DO MAGISTERIO SUPERIOR,Sem função
1581114,Ativo,PROFESSOR DO MAGISTERIO SUPERIOR,Sem função
3651579,Pensionista,VIGILANTE,Sem função
3069277,Ativo,TECNICO EM ASSUNTOS EDUCACIONAIS,Sem função
3430899,Ativo,TECNICO DE LABORATORIO AREA,Sem função
3155647,Ativo,PROFESSOR MAGISTERIO SUPERIOR -VISITANTE,Sem função
3856352,Ativo,ASSISTENTE EM ADMINISTRACAO,Sem função
1286816,Ativo,PROFESSOR DO MAGISTERIO SUPERIOR,Sem função
1286816,Ativo,Sem informaç,FUC 000.1
47325,Aposentado,ASSISTENTE EM ADMINISTRACAO,Sem função
2165571,Pensionista,RECEPCIONISTA,Sem função
1370993,Ativo,PROFESSOR DO MAGISTERIO SUPERIOR,Sem função
1370993,Ativo,Sem informaç,FUC 000.1
671234,Aposentado,DIRETOR DE PRODUCAO,Sem função
671234,Pensionista,PROFESSOR DO MAGISTERIO SUPERIOR,Sem função
671234,Pensionista,PROFESSOR DO MAGISTERIO SUPERIOR,Sem função
1918735,Aposentado,AUXILIAR DE ENFERMAGEM,Sem função
1680131,Pensionista,VIGILANTE,Sem função
2564667,Aposentado,PROFESSOR DO MAGISTERIO SUPERIOR,Sem função
517354,Aposentado,PROFESSOR DO MAGISTERIO SUPERIOR,Sem função
55939,Ativo,TECNICO EM ENFERMAGEM,Sem função
869049,Aposentado,AUXILIAR DE ENFERMAGEM,Sem função
765249,Pensionista,ELETRICISTA,Sem função
1487490,Pensionista,CONTINUO,Sem função
1529028,Aposentado,AUX EM ADMINISTRACAO,Sem função
582482,Aposentado,PROFESSOR DO MAGISTERIO SUPERIOR,Sem função
1579233,Aposentado,SECRETARIO EXECUTIVO,Sem função
3705591,Ativo,PROFESSOR DO MAGISTERIO SUPERIOR,Sem função
828158,Aposentado,EDITOR DE IMAGENS,Sem função
2966907,Pensionista,PROFESSOR DO MAGISTERIO SUPERIOR,Sem função
387134,Ativo,PROFESSOR DO MAGISTERIO SUPERIOR,Sem função
2631538,Pensionista,PROFESSOR DO MAGISTERIO SUPERIOR,Sem função
1632722,Ativo,PROFESSOR DO MAGISTERIO SUPERIOR,Sem função
1632722,Ativo,Sem informaç,FG 000.1
954735,Aposentado,BIBLIOTECARIO-DOCUMENTALISTA,Sem função
1935414,Ativo,CONTINUO,Sem função
3746738,Ativo,AUX EM ADMINISTRACAO,Sem função
3636739,Pensionista,PROFESSOR DO MAGISTERIO SUPERIOR,Sem função
3856144,Ativo,ASSISTENTE EM ADMINISTRACAO,Sem função
2180141,Aposentado,PROFESSOR DO MAGISTERIO SUPERIOR,Sem função
3068496,Ativo,PROFESSOR DO MAGISTERIO SUPERIOR,Sem função
2003923,Aposentado,RECEPCIONISTA,Sem função
3711798,Ativo,PROFESSOR DO MAGISTERIO SUPERIOR,Sem função
877118,Pensionista,ASSISTENTE EM ADMINISTRACAO,Sem função
1821186,Ativo,CONFECCIONADOR DE INST MUSICAIS,Sem função
967359,Pensionista,PROFESSOR DO MAGISTERIO SUPERIOR,Sem função
32530,Ativo,CONTINUO,Sem função
1075074,Ativo,VIGILANTE,Sem função
3177445,Ativo,PROFESSOR DO MAGISTERIO SUPERIOR,Sem função
2225912,Ativo,TECNICO EM ASSUNTOS EDUCACIONAIS,Sem função
530075,Aposentado,PROFESSOR DO MAGISTERIO SUPERIOR,Sem função
1215969,Ativo,PROFESSOR DO MAGISTERIO SUPERIOR,Sem função
2427468,Aposentado,AUXILIAR DE ENFERMAGEM,Sem função
1642432,Ativo,PROFESSOR MAGISTERIO SUPERIOR-SUBSTITUTO,Sem função
826557,Aposentado,VIGILANTE,Sem função
2763589,Aposentado,PROFESSOR DO MAGISTERIO SUPERIOR,Sem função
868988,Pensionista,PROFESSOR DO MAGISTERIO SUPERIOR,Sem função
1054802,Ativo,ASSISTENTE EM ADMINISTRACAO,Sem função
15957,Aposentado,ASSISTENTE EM ADMINISTRACAO,Sem função
475823,Ativo,PROFESSOR DO MAGISTERIO SUPERIOR,Sem função
2693198,Aposentado,MEDICO-AREA,Sem função
724982,Aposentado,PROFESSOR ENS BASICO TECN TECNOLOGICO,Sem função
3336895,Pensionista,ASSISTENTE EM ADMINISTRACAO,Sem função
1731210,Aposentado,ASSISTENTE EM ADMINISTRACAO,Sem função
2581828,Aposentado,TECNICO DE LABORATORIO AREA,Sem função
1028825,Ativo,SECRETARIO EXECUTIVO,Sem função
1028825,Ativo,Sem informaç,FG 000.1
388461,Ativo,PROFESSOR MAGISTERIO SUPERIOR-SUBSTITUTO,Sem função
957443,Aposentado,BIOMEDICO,Sem função
2415740,Pensionista,AUXILIAR DE ENFERMAGEM,Sem função
1038510,Aposentado,AUXILIAR DE ENFERMAGEM,Sem função
1187787,Aposentado,COPEIRO,Sem função
1770227,Pensionista,SERVENTE DE LIMPEZA,Sem função
737072,Aposentado,BIBLIOTECARIO-DOCUMENTALISTA,Sem função
2579500,Pensionista,PROFESSOR ENS BASICO TECN TECNOLOGICO,Sem função
2492092,Pensionista,PROFESSOR DO MAGISTERIO SUPERIOR,Sem função
1453233,Ativo,AUXILIAR DE ENFERMAGEM,Sem função
3436927,Aposentado,AUXILIAR DE ENFERMAGEM,Sem função
2936083,Ativo,SERVENTE DE LIMPEZA,Sem função
490193,Ativo,VIGILANTE,Sem função
2612428,Pensionista,AUXILIAR DE ENFERMAGEM,Sem função
910542,Aposentado,TECNICO EM ENFERMAGEM,Sem função
910542,Pensionista,TECNICO EM ENFERMAGEM,Sem função
1036994,Aposentado,MEDICO-AREA,Sem função
2718219,Aposentado,AUX EM ADMINISTRACAO,Sem função
584683,Aposentado,ASSISTENTE EM ADMINISTRACAO,Sem função
1560523,Ativo,ASSISTENTE EM ADMINISTRACAO,Sem função
1399639,Aposentado,AUXILIAR DE ENFERMAGEM,Sem função
764759,Ativo,ASSISTENTE EM ADMINISTRACAO,Sem função
466981,Ativo,PROFESSOR DO MAGISTERIO SUPERIOR,Sem função
466981,Ativo,Sem informaç,FUC 000.1
1744793,Ativo,AUXILIAR DE ENFERMAGEM,Sem função
2971498,Ativo,AUX EM ADMINISTRACAO,Sem função
1347482,Aposentado,TECNICO EM ASSUNTOS EDUCACIONAIS,Sem função
2135372,Pensionista,ASSISTENTE EM ADMINISTRACAO,Sem função
3227300,Aposentado,ASSISTENTE EM ADMINISTRACAO,Sem função
3323096,Ativo,AUX EM ADMINISTRACAO,Sem função
2318943,Aposentado,PROFESSOR DO MAGISTERIO SUPERIOR,Sem função
3775053,Aposentado,ENFERMEIRO-AREA,Sem função
1347142,Ativo,PROFESSOR DO MAGISTERIO SUPERIOR,Sem função
1347142,Ativo,Sem informaç,FUC 000.1
3169020,Pensionista,VIGILANTE,Sem função
2381769,Ativo,AUX EM ADMINISTRACAO,Sem função
2381769,Ativo,Sem informaç,FG 000.1
2270097,Ativo,ARQUITETO E URBANISTA,Sem função
2512200,Ativo,AUXILIAR DE ENFERMAGEM,Sem função
670443,Aposentado,BIBLIOTECARIO-DOCUMENTALISTA,Sem função
3615457,Aposentado,PROFESSOR DO MAGISTERIO SUPERIOR,Sem função
3615457,Aposentado,RELACOES PUBLICAS,Sem função
2194864,Aposentado,TECNICO EM ENFERMAGEM,Sem função
3200921,Pensionista,RECEPCIONISTA,Sem função
1683849,Pensionista,SERVENTE DE LIMPEZA,Sem função
1059667,Aposentado,BIBLIOTECARIO-DOCUMENTALISTA,Sem função
1258394,Aposentado,ENFERMEIRO-AREA,Sem função
2861827,Ativo,MEDICO-AREA,Sem função
3344266,Pensionista,MOTORISTA,Sem função
3227504,Ativo,FISIOTERAPEUTA,Sem função
1225790,Ativo,ASSISTENTE EM ADMINISTRACAO,Sem função
87672,Ativo,MEDICO RESIDENTE,Sem função
69213,Ativo,AUX EM ADMINISTRACAO,Sem função
2857775,Ativo,PROFESSOR DO MAGISTERIO SUPERIOR,Sem função
357632,Ativo,PROFESSOR ENS BASICO TECN TECNOLOGICO,Sem função
357632,Ativo,Inválido,Sem função
242877,Aposentado,PROFESSOR DO MAGISTERIO SUPERIOR,Sem função
1422387,Aposentado,PROFESSOR DO MAGISTERIO SUPERIOR,Sem função
3371182,Pensionista,PROFESSOR ENS BASICO TECN TECNOLOGICO,Sem função
3350042,Pensionista,TECNICO EM ENFERMAGEM,Sem função
1296886,Ativo,VIGILANTE,Sem função
83398,Ativo,PROFESSOR DO MAGISTERIO SUPERIOR,Sem função
921801,Aposentado,PROFESSOR DO MAGISTERIO SUPERIOR,Sem função
952148,Aposentado,DESENHISTA DE ARTES GRAFICAS,Sem função
3757652,Aposentado,TECNICO EM ASSUNTOS EDUCACIONAIS,Sem função
2218561,Ativo,VIGILANTE,Sem função
25846,Aposentado,PROFESSOR DO MAGISTERIO SUPERIOR,Sem função
2511768,Ativo,TEC EM ANATOMIA E NECROPSIA,Sem função
2710065,Ativo,TECNICO DE LABORATORIO AREA,Sem função
1872040,Ativo,PROFESSOR DO MAGISTERIO SUPERIOR,Sem função
1899853,Aposentado,PROFESSOR DO MAGISTERIO SUPERIOR,Sem função
3755786,Ativo,ASSISTENTE EM ADMINISTRACAO,Sem função
3755786,Ativo,Inválido,Sem função
1965702,Ativo,PROFESSOR MAGISTERIO SUPERIOR-SUBSTITUTO,Sem função
3125344,Ativo,RESIDENCIA MULTIPROFISSIONAL,Sem função
3517917,Ativo,ASSISTENTE EM ADMINISTRACAO,Sem função
3162506,Ativo,TECNICO DE LABORATORIO AREA,Sem função
3106103,Ativo,TECNOLOGO-FORMACAO,Sem função
2694028,Ativo,PROFESSOR DO MAGISTERIO SUPERIOR,Sem função
3068776,Ativo,PROFESSOR DO MAGISTERIO SUPERIOR,Sem função
908912,Aposentado,PROFESSOR DO MAGISTERIO SUPERIOR,Sem função
175980,Ativo,PROFESSOR DO MAGISTERIO SUPERIOR,Sem função
1845077,Ativo,TECNICO DE LABORATORIO AREA,Sem função
854536,Ativo,TEC EM ANATOMIA E NECROPSIA,Sem função
2490025,Ativo,ASSISTENTE EM ADMINISTRACAO,Sem função
1276275,Ativo,TECNICO EM ASSUNTOS EDUCACIONAIS,Sem função
1315164,Ativo,TECNICO DE LABORATORIO AREA,Sem função
3662405,Ativo,TECNICO DE LABORATORIO AREA,Sem função
3706064,Ativo,SERVENTE DE LIMPEZA,Sem função
1367733,Ativo,ASSISTENTE EM ADMINISTRACAO,Sem função
1039128,Ativo,PROFESSOR DO MAGISTERIO SUPERIOR,Sem função
582870,Ativo,PROFESSOR DO MAGISTERIO SUPERIOR,Sem função
582870,Ativo,Sem informaç,FG 000.1
2797757,Ativo,ENFERMEIRO-AREA,Sem função
193102,Aposentado,ASSISTENTE EM ADMINISTRACAO,Sem função
3569790,Ativo,ASSISTENTE EM ADMINISTRACAO,Sem função
28659,Ativo,ASSISTENTE EM ADMINISTRACAO,Sem função
324460,Ativo,ASSISTENTE EM ADMINISTRACAO,Sem função
1644156,Pensionista,AUXILIAR DE ENFERMAGEM,Sem função
990721,Ativo,SECRETARIO EXECUTIVO,Sem função
990721,Ativo,Sem informaç,FG 000.1
2553626,Aposentado,ASSISTENTE EM ADMINISTRACAO,Sem função
513728,Ativo,ADMINISTRADOR,Sem função
3264994,Ativo,PROFESSOR DO MAGISTERIO SUPERIOR,Sem função
2330918,Pensionista,ASSISTENTE EM ADMINISTRACAO,Sem função
2146587,Ativo,AUXILIAR DE ENFERMAGEM,Sem função
2947435,Ativo,PROFESSOR DO MAGISTERIO SUPERIOR,Sem função
108547,Ativo,PROFESSOR MAGISTERIO SUPERIOR-SUBSTITUTO,Sem função
1982487,Ativo,AUXILIAR DE ENFERMAGEM,Sem função
3762759,Ativo,AUXILIAR DE NUTRICAO E DIETETICA,Sem função
3309638,Ativo,TECNICO EM ENFERMAGEM,Sem função
3191155,Ativo,ASSISTENTE EM ADMINISTRACAO,Sem função
2320138,Ativo,PROFESSOR DO MAGISTERIO SUPERIOR,Sem função
2937922,Ativo,PROFESSOR DO MAGISTERIO SUPERIOR,Sem função
3772849,Ativo,ASSISTENTE EM ADMINISTRACAO,Sem função
1022167,Ativo,PROFESSOR DO MAGISTERIO SUPERIOR,Sem função
238021,Ativo,ASSISTENTE EM ADMINISTRACAO,Sem função
238021,Ativo,Inválido,Sem função
1135806,Ativo,PROFESSOR DO MAGISTERIO SUPERIOR,Sem função
2686469,Ativo,ANALISTA DE TEC DA INFORMACAO,Sem função
389535,Ativo,PROFESSOR ENS BASICO TECN TECNOLOGICO,Sem função
389535,Ativo,Sem informaç,CD 000.4
2256588,Ativo,RESIDENCIA MULTIPROFISSIONAL,Sem função
3856762,Ativo,RESIDENCIA MULTIPROFISSIONAL,Sem função
326782,Ativo,ENFERMEIRO-AREA,Sem função
3684032,Ativo,PROFESSOR DO MAGISTERIO SUPERIOR,Sem função
47545,Ativo,PROFESSOR DO MAGISTERIO SUPERIOR,Sem função
2885620,Ativo,TECNICO DE LABORATORIO AREA,Sem função
2885620,Ativo,Sem informaç,FG 000.2
2694317,Ativo,PROFESSOR DO MAGISTERIO SUPERIOR,Sem função
2850228,Ativo,PROFESSOR DO MAGISTERIO SUPERIOR,Sem função
2850228,Ativo,Sem informaç,FUC 000.1
1140659,Ativo,TECNICO EM ASSUNTOS EDUCACIONAIS,Sem função
1140659,Ativo,Sem informaç,FG 000.1
108741,Ativo,PROFESSOR MAGISTERIO SUPERIOR-SUBSTITUTO,Sem função
370495,Ativo,MEDICO-AREA,Sem função
1105370,Ativo,PROFESSOR DO MAGISTERIO SUPERIOR,Sem função
70677,Ativo,PROFESSOR DO MAGISTERIO SUPERIOR,Sem função
3718929,Ativo,PROFESSOR DO MAGISTERIO SUPERIOR,Sem função
1208734,Aposentado,DIRETOR DE IMAGEM,Sem função
1005682,Ativo,PROFESSOR DO MAGISTERIO SUPERIOR,Sem função
1294682,Ativo,ANALISTA DE TEC DA INFORMACAO,Sem função
1905911,Ativo,MEDICO-AREA,Sem função
2960692,Ativo,ASSISTENTE EM ADMINISTRACAO,Sem função
62589,Ativo,PROFESSOR DO MAGISTERIO SUPERIOR,Sem função
62589,Ativo,Sem informaç,FEX 011.3
294936,Aposentado,CONTINUO,Sem função
1240428,Ativo,PROFESSOR DO MAGISTERIO SUPERIOR,Sem função
1240428,Ativo,Sem informaç,GF 002.7
2480048,Ativo,TECNICO DE LABORATORIO AREA,Sem função
2769622,Pensionista,BIBLIOTECARIO-DOCUMENTALISTA,Sem função
2123371,Ativo,TEC EM SEGURANCA DO TRABALHO,Sem função
1172072,Ativo,PROFESSOR DO MAGISTERIO SUPERIOR,Sem função
275921,Ativo,PROFESSOR DO MAGISTERIO SUPERIOR,Sem função
992882,Ativo,FARMACEUTICO-HABILITACAO,Sem função
3543511,Ativo,PROFESSOR DO MAGISTERIO SUPERIOR,Sem função
417714,Ativo,TECNICO EM ENFERMAGEM,Sem função
3083109,Ativo,PROFESSOR DO MAGISTERIO SUPERIOR,Sem função
3267295,Ativo,ASSISTENTE EM ADMINISTRACAO,Sem função
2239722,Ativo,PROFESSOR DO MAGISTERIO SUPERIOR,Sem função
2159598,Ativo,PROFESSOR MAGISTERIO SUPERIOR-SUBSTITUTO,Sem função
1759390,Ativo,TEC DE TECNOLOGIA DA INFORMACAO,Sem função
1759390,Ativo,Sem informaç,FG 000.1
2430809,Ativo,PROFESSOR DO MAGISTERIO SUPERIOR,Sem função
3250650,Ativo,ASSISTENTE EM ADMINISTRACAO,Sem função
917806,Ativo,TECNICO DE LABORATORIO AREA,Sem função
3157995,Ativo,PROFESSOR DO MAGISTERIO SUPERIOR,Sem função
3595,Ativo,PROFESSOR DO MAGISTERIO SUPERIOR,Sem função
3238048,Ativo,PROFESSOR DO MAGISTERIO SUPERIOR,Sem função
2514168,Ativo,PROFESSOR DO MAGISTERIO SUPERIOR,Sem função
1412724,Ativo,AUXILIAR DE ENFERMAGEM,Sem função
1404492,Ativo,TECNICO DE LABORATORIO AREA,Sem função
12219,Ativo,TECNICO DE LABORATORIO AREA,Sem função
2814158,Ativo,AUXILIAR DE ENFERMAGEM,Sem função
129745,Ativo,PROFESSOR DO MAGISTERIO SUPERIOR,Sem função
129745,Ativo,Sem informaç,FUC 000.1
2990365,Ativo,MEDICO RESIDENTE,Sem função
2433359,Ativo,PROFESSOR DO MAGISTERIO SUPERIOR,Sem função
2525370,Ativo,PROFESSOR DO MAGISTERIO SUPERIOR,Sem função
2525370,Ativo,Sem informaç,FUC 000.1
2244020,Ativo,PROFESSOR DO MAGISTERIO SUPERIOR,Sem função
2834062,Ativo,ASSISTENTE DE LABORATORIO,Sem função
1916446,Ativo,AUXILIAR DE ENFERMAGEM,Sem função
2228855,Ativo,PROFESSOR DO MAGISTERIO SUPERIOR,Sem função
1689381,Ativo,ADMINISTRADOR,Sem função
2931091,Ativo,PROFESSOR DO MAGISTERIO SUPERIOR,Sem função
541587,Aposentado,ENFERMEIRO-AREA,Sem função
89898,Aposentado,SANITARISTA,Sem função
89898,Pensionista,PROFESSOR DO MAGISTERIO SUPERIOR,Sem função
2627534,Ativo,PROFESSOR MAGISTERIO SUPERIOR-SUBSTITUTO,Sem função
2806547,Aposentado,PROFESSOR DO MAGISTERIO SUPERIOR,Sem função
2584331,Pensionista,PROFESSOR DO MAGISTERIO SUPERIOR,Sem função
2584331,Pensionista,PROFESSOR DO MAGISTERIO SUPERIOR,Sem função
1950652,Aposentado,TEC DE TECNOLOGIA DA INFORMACAO,Sem função
2025427,Aposentado,CONTADOR,Sem função
901800,Ativo,PROFESSOR DO MAGISTERIO SUPERIOR,Sem função
1887906,Ativo,PROFESSOR DO MAGISTERIO SUPERIOR,Sem função
2366456,Ativo,TECNICO DE LABORATORIO AREA,Sem função
3636533,Pensionista,PROFESSOR DO MAGISTERIO SUPERIOR,Sem função
1464457,Ativo,PROFESSOR DO MAGISTERIO SUPERIOR,Sem função
840433,Aposentado,PROFESSOR DO MAGISTERIO SUPERIOR,Sem função
1337186,Ativo,PROFESSOR DO MAGISTERIO SUPERIOR,Sem função
1337186,Ativo,Sem informaç,FUC 000.1
2910733,Ativo,ADMINISTRADOR DE EDIFICIOS,Sem função
2910733,Ativo,Sem informaç,FG 000.2
2962850,Ativo,TEC DE TECNOLOGIA DA INFORMACAO,Sem função
3276407,Ativo,AUX EM ADMINISTRACAO,Sem função
1199614,Ativo,TEC DE TECNOLOGIA DA INFORMACAO,Sem função
1530975,Ativo,EDITOR DE IMAGENS,Sem função
686724,Ativo,TRADUTOR INTERPRETE DE LINGUAGEM SINAIS,Sem função
1267970,Ativo,QUIMICO,Sem função
495923,Ativo,ASSISTENTE EM ADMINISTRACAO,Sem função
3855560,Ativo,RESIDENCIA MULTIPROFISSIONAL,Sem função
257023,Ativo,ASSISTENTE EM ADMINISTRACAO,Sem função
3854611,Ativo,ASSISTENTE EM ADMINISTRACAO,Sem função
3684322,Ativo,ASSISTENTE EM ADMINISTRACAO,Sem função
2322416,Ativo,ADMINISTRADOR,Sem função
3046335,Ativo,PROFESSOR DO MAGISTERIO SUPERIOR,Sem função
1633992,Ativo,ADMINISTRADOR,Sem função
2850841,Ativo,PROFESSOR DO MAGISTERIO SUPERIOR,Sem função
1866552,Ativo,MEDICO RESIDENTE,Sem função
1090956,Pensionista,ASSISTENTE EM ADMINISTRACAO,Sem função
1001284,Ativo,TECNICO DE LABORATORIO AREA,Sem função
839200,Ativo,ASSISTENTE EM ADMINISTRACAO,Sem função
839200,Ativo,Sem informaç,FG 000.2
3672246,Ativo,PROFESSOR DO MAGISTERIO SUPERIOR,Sem função
2088819,Ativo,AUX EM ADMINISTRACAO,Sem função
2088819,Ativo,Sem informaç,FG 000.1
3316738,Ativo,ASSISTENTE EM ADMINISTRACAO,Sem função
37896,Ativo,PROFESSOR DO MAGISTERIO SUPERIOR,Sem função
2375879,Ativo,ASSISTENTE EM ADMINISTRACAO,Sem função
2375879,Ativo,Sem informaç,FG 000.1
690305,Aposentado,PROFESSOR DO MAGISTERIO SUPERIOR,Sem função
1029,Ativo,PROFESSOR DO MAGISTERIO SUPERIOR,Sem função
2341985,Ativo,AUX EM ADMINISTRACAO,Sem função
2243069,Ativo,TECNICO DE LABORATORIO AREA,Sem função
263451,Aposentado,PROFESSOR DO MAGISTERIO SUPERIOR,Sem função
138069,Aposentado,NUTRICIONISTA-HABILITACAO,Sem função
258584,Ativo,PROFESSOR DO MAGISTERIO SUPERIOR,Sem função
240088,Ativo,PROFESSOR DO MAGISTERIO SUPERIOR,Sem função
1010665,Ativo,PROFESSOR DO MAGISTERIO SUPERIOR,Sem função
2655556,Aposentado,PROFESSOR DO MAGISTERIO SUPERIOR,Sem função
3193099,Ativo,PROFESSOR DO MAGISTERIO SUPERIOR,Sem função
1939195,Ativo,MEDICO RESIDENTE,Sem função
3392624,Ativo,PROFESSOR DO MAGISTERIO SUPERIOR,Sem função
3165995,Ativo,PROFESSOR DO MAGISTERIO SUPERIOR,Sem função
2813184,Ativo,PROFESSOR ENS BASICO TECN TECNOLOGICO,Sem função
2813184,Ativo,Sem informaç,FG 000.1
403019,Ativo,FISIOTERAPEUTA,Sem função
140190,Ativo,PROFESSOR DO MAGISTERIO SUPERIOR,Sem função
1030033,Ativo,PROFESSOR ENS BASICO TECN TECNOLOGICO,Sem função
1030033,Ativo,Sem informaç,FUC 000.1
2829541,Ativo,PROFESSOR DO MAGISTERIO SUPERIOR,Sem função
2829541,Ativo,Sem informaç,FUC 000.1
2965731,Ativo,PROFESSOR DO MAGISTERIO SUPERIOR,Sem função
1064701,Ativo,ASSISTENTE EM ADMINISTRACAO,Sem função
1289578,Ativo,ASSISTENTE EM ADMINISTRACAO,Sem função
1500967,Aposentado,BIBLIOTECARIO-DOCUMENTALISTA,Sem função
1500967,Aposentado,PROFESSOR DO MAGISTERIO SUPERIOR,Sem função
1500967,Pensionista,PROFESSOR DO MAGISTERIO SUPERIOR,Sem função
1500967,Pensionista,PROFESSOR DO MAGISTERIO SUPERIOR,Sem função
3198958,Ativo,PROFESSOR DO MAGISTERIO SUPERIOR,Sem função
3091893,Ativo,ASSISTENTE EM ADMINISTRACAO,Sem função
261829,Ativo,ASSISTENTE EM ADMINISTRACAO,Sem função
2895861,Ativo,ASSISTENTE EM ADMINISTRACAO,Sem função
2393458,Ativo,PROFESSOR DO MAGISTERIO SUPERIOR,Sem função
2617401,Ativo,PROFESSOR MAGISTERIO SUPERIOR-SUBSTITUTO,Sem função
1929501,Aposentado,ASSISTENTE SOCIAL,Sem função
2944522,Ativo,PEDAGOGO-AREA,Sem função
722384,Aposentado,ASSISTENTE EM ADMINISTRACAO,Sem função
2385453,Ativo,PROFESSOR DO MAGISTERIO SUPERIOR,Sem função
1772132,Ativo,PROFESSOR DO MAGISTERIO SUPERIOR,Sem função
1772132,Ativo,Sem informaç,CD 000.4
2646970,Ativo,TECNICO EM ASSUNTOS EDUCACIONAIS,Sem função
711729,Ativo,MEDICO RESIDENTE,Sem função
234873,Ativo,TECNICO EM CONTABILIDADE,Sem função
2875960,Ativo,AUXILIAR DE ENFERMAGEM,Sem função
890721,Ativo,ASSISTENTE EM ADMINISTRACAO,Sem função
583536,Ativo,PROFESSOR MAGISTERIO SUPERIOR-SUBSTITUTO,Sem função
988958,Pensionista,ANALISTA DE TEC DA INFORMACAO,Sem função
491627,Ativo,PROFESSOR DO MAGISTERIO SUPERIOR,Sem função
543215,Aposentado,AUXILIAR DE ENFERMAGEM,Sem função
2568531,Ativo,ANALISTA DE TEC DA INFORMACAO,Sem função
1742687,Ativo,PROFESSOR DO MAGISTERIO SUPERIOR,Sem função
1689734,Pensionista,PROFESSOR DO MAGISTERIO SUPERIOR,Sem função
861753,Ativo,ASSISTENTE EM ADMINISTRACAO,Sem função
2505743,Ativo,ASSISTENTE DE LABORATORIO,Sem função
2267226,Ativo,TECNICO EM CONTABILIDADE,Sem função
2267226,Ativo,Sem informaç,FG 000.2
1505015,Aposentado,PROFESSOR DO MAGISTERIO SUPERIOR,Sem função
3237256,Ativo,ASSISTENTE EM ADMINISTRACAO,Sem função
2351610,Ativo,ASSISTENTE EM ADMINISTRACAO,Sem função
382979,Ativo,PROFESSOR DO MAGISTERIO SUPERIOR,Sem função
2777941,Aposentado,PROFESSOR DO MAGISTERIO SUPERIOR,Sem função
2777941,Aposentado,PROFESSOR 3 GRAU,Sem função
1033770,Ativo,PROFESSOR DO MAGISTERIO SUPERIOR,Sem função
919534,Ativo,PROFESSOR DO MAGISTERIO SUPERIOR,Sem função
919534,Ativo,Sem informaç,FG 000.1
3225254,Aposentado,ASSISTENTE EM ADMINISTRACAO,Sem função
2567753,Aposentado,PROFESSOR DO MAGISTERIO SUPERIOR,Sem função
3387020,Ativo,PROFESSOR DO MAGISTERIO SUPERIOR,Sem função
3387020,Ativo,Sem informaç,FG 000.1
1832241,Ativo,ASSISTENTE EM ADMINISTRACAO,Sem função
1759419,Aposentado,MEDICO-AREA,Sem função
2184294,Aposentado,VIGILANTE,Sem função
2317372,Ativo,AUX EM ADMINISTRACAO,Sem função
1138239,Ativo,ASSISTENTE EM ADMINISTRACAO,Sem função
2050915,Ativo,AUXILIAR DE SAUDE,Sem função
1487041,Aposentado,ASSISTENTE EM ADMINISTRACAO,Sem função
2308273,Ativo,PROFESSOR DO MAGISTERIO SUPERIOR,Sem função
2879256,Ativo,ASSISTENTE EM ADMINISTRACAO,Sem função
3119090,Ativo,TECNICO EM ASSUNTOS EDUCACIONAIS,Sem função
284354,Aposentado,PROFESSOR DO MAGISTERIO SUPERIOR,Sem função
2513373,Ativo,PROFESSOR DO MAGISTERIO SUPERIOR,Sem função
17817,Aposentado,PROFESSOR DO MAGISTERIO SUPERIOR,Sem função
961667,Pensionista,COZINHEIRO,Sem função
2458885,Ativo,ASSISTENTE EM ADMINISTRACAO,Sem função
1262688,Ativo,PROFESSOR DO MAGISTERIO SUPERIOR,Sem função
2614156,Pensionista,TECNICO EM ASSUNTOS EDUCACIONAIS,Sem função
1543417,Ativo,SERVENTE DE LIMPEZA,Sem função
3159302,Ativo,PROFESSOR DO MAGISTERIO SUPERIOR,Sem função
550746,Ativo,PROFESSOR DO MAGISTERIO SUPERIOR,Sem função
1212954,Ativo,PROFESSOR DO MAGISTERIO SUPERIOR,Sem função
1866553,Ativo,ASSISTENTE EM ADMINISTRACAO,Sem função
2519688,Ativo,ASSISTENTE EM ADMINISTRACAO,Sem função
2295981,Aposentado,PROFESSOR DO MAGISTERIO SUPERIOR,Sem função
508283,Aposentado,PROFESSOR DO MAGISTERIO SUPERIOR,Sem função
2824791,Ativo,PROFESSOR DO MAGISTERIO SUPERIOR,Sem função
1776637,Aposentado,PROFESSOR DO MAGISTERIO SUPERIOR,Sem função
1776637,Aposentado,PROFESSOR DO MAGISTERIO SUPERIOR,Sem função
3761808,Ativo,PROFESSOR DO MAGISTERIO SUPERIOR,Sem função
3761808,Ativo,Sem informaç,CD 000.3
2524013,Ativo,PROFESSOR DO MAGISTERIO SUPERIOR,Sem função
2509405,Ativo,PROFESSOR DO MAGISTERIO SUPERIOR,Sem função
1159,Ativo,AUX EM ADMINISTRACAO,Sem função
2531746,Aposentado,BIOLOGO,Sem função
1182158,Ativo,PROFESSOR DO MAGISTERIO SUPERIOR,Sem função
69958,Aposentado,PROFESSOR DO MAGISTERIO SUPERIOR,Sem função
3726406,Ativo,PROFESSOR DO MAGISTERIO SUPERIOR,Sem função
2940244,Aposentado,PROFESSOR DO MAGISTERIO SUPERIOR,Sem função
1084949,Aposentado,PROFESSOR DO MAGISTERIO SUPERIOR,Sem função
1045558,Aposentado,PROFESSOR DO MAGISTERIO SUPERIOR,Sem função
1339898,Ativo,PROFESSOR DO MAGISTERIO SUPERIOR,Sem função
3216912,Ativo,PROFESSOR DO MAGISTERIO SUPERIOR,Sem função
1167111,Ativo,ASSISTENTE EM ADMINISTRACAO,Sem função
3593776,Aposentado,TECNICO EM ENFERMAGEM,Sem função
2277532,Ativo,SERVENTE DE LIMPEZA,Sem função
1887648,Aposentado,PROFESSOR DO MAGISTERIO SUPERIOR,Sem função
1887648,Aposentado,PROFESSOR DO MAGISTERIO SUPERIOR,Sem função
581288,Ativo,MUSICO,Sem função
3216371,Aposentado,ASSISTENTE EM ADMINISTRACAO,Sem função
2635330,Aposentado,EDITOR DE IMAGENS,Sem função
220766,Aposentado,ECONOMISTA,Sem função
370652,Aposentado,PROFESSOR DO MAGISTERIO SUPERIOR,Sem função
715465,Aposentado,PROFESSOR DO MAGISTERIO SUPERIOR,Sem função
3093942,Ativo,PROFESSOR DO MAGISTERIO SUPERIOR,Sem função
3302427,Ativo,PROFESSOR DO MAGISTERIO SUPERIOR,Sem função
2280290,Aposentado,PROFESSOR DO MAGISTERIO SUPERIOR,Sem função
2495295,Ativo,PROFESSOR DO MAGISTERIO SUPERIOR,Sem função
2208243,Ativo,MECANICO,Sem função
1382699,Ativo,PROFESSOR DO MAGISTERIO SUPERIOR,Sem função
1382699,Ativo,Sem informaç,FG 000.1
409625,Ativo,QUIMICO,Sem função
2830490,Ativo,PROFESSOR MAGISTERIO SUPERIOR-SUBSTITUTO,Sem função
50011,Ativo,ANALISTA DE TEC DA INFORMACAO,Sem função
3117669,Ativo,PROFESSOR MAGISTERIO SUPERIOR-SUBSTITUTO,Sem função
2992060,Ativo,PROFESSOR DO MAGISTERIO SUPERIOR,Sem função
3322682,Ativo,PROFESSOR DO MAGISTERIO SUPERIOR,Sem função
1437475,Ativo,PROFESSOR MAGISTERIO SUPERIOR-SUBSTITUTO,Sem função
1199643,Ativo,PROFESSOR DO MAGISTERIO SUPERIOR,Sem função
2898988,Ativo,MEDICO-AREA,Sem função
2898988,Ativo,Sem informaç,GF 002.1
114719,Ativo,PROFESSOR DO MAGISTERIO SUPERIOR,Sem função
1794717,Ativo,PROFESSOR DO MAGISTERIO SUPERIOR,Sem função
1794717,Ativo,Sem informaç,FUC 000.1
990269,Ativo,TECNICO DE LABORATORIO AREA,Sem função
2973797,Ativo,TECNICO EM CONTABILIDADE,Sem função
2973797,Ativo,Sem informaç,FG 000.2
2109394,Ativo,MEDICO RESIDENTE,Sem função
920116,Ativo,ASSISTENTE EM ADMINISTRACAO,Sem função
1148866,Ativo,TECNICO EM SOM,Sem função
2106088,Ativo,TECNICO DE LABORATORIO AREA,Sem função
489610,Ativo,PROFESSOR DO MAGISTERIO SUPERIOR,Sem função
489610,Ativo,Sem informaç,FG 000.1
2691215,Ativo,PROFESSOR DO MAGISTERIO SUPERIOR,Sem função
1227599,Ativo,ASSISTENTE EM ADMINISTRACAO,Sem função
1931895,Aposentado,ENFERMEIRO-AREA,Sem função
3145822,Ativo,PROFESSOR DO MAGISTERIO SUPERIOR,Sem função
995378,Aposentado,AUXILIAR DE ENFERMAGEM,Sem função
2663730,Ativo,ASSISTENTE EM ADMINISTRACAO,Sem função
1845202,Ativo,ENGENHEIRO DE SEG DO TRABALHO,Sem função
2385153,Aposentado,NUTRICIONISTA-HABILITACAO,Sem função
1954261,Aposentado,AUXILIAR DE ENFERMAGEM,Sem função
447633,Ativo,PROFESSOR DO MAGISTERIO SUPERIOR,Sem função
2802310,Ativo,PROFESSOR DO MAGISTERIO SUPERIOR,Sem função
1924861,Ativo,ASSISTENTE EM ADMINISTRACAO,Sem função
1865181,Aposentado,PROFESSOR DO MAGISTERIO SUPERIOR,Sem função
1388971,Ativo,TECNICO EM ASSUNTOS EDUCACIONAIS,Sem função
156457,Pensionista,PROFESSOR DO MAGISTERIO SUPERIOR,Sem função
1144714,Ativo,PROFESSOR DO MAGISTERIO SUPERIOR,Sem função
2225980,Ativo,ENFERMEIRO-AREA,Sem função
594025,Ativo,MEDICO RESIDENTE,Sem função
2392282,Ativo,AUX EM ADMINISTRACAO,Sem função
1198153,Ativo,PROFESSOR DO MAGISTERIO SUPERIOR,Sem função
1659242,Ativo,ASSISTENTE EM ADMINISTRACAO,Sem função
2939509,Ativo,ENFERMEIRO-AREA,Sem função
2968120,Ativo,PROFESSOR DO MAGISTERIO SUPERIOR,Sem função
2037239,Ativo,ASSISTENTE EM ADMINISTRACAO,Sem função
375022,Aposentado,ASSISTENTE EM ADMINISTRACAO,Sem função
830385,Ativo,ASSISTENTE EM ADMINISTRACAO,Sem função
1905410,Ativo,PROFESSOR DO MAGISTERIO SUPERIOR,Sem função
2433215,Ativo,ENFERMEIRO-AREA,Sem função
3387751,Ativo,PROFESSOR DO MAGISTERIO SUPERIOR,Sem função
2057897,Ativo,PROFESSOR MAGISTERIO SUPERIOR-SUBSTITUTO,Sem função
2895095,Ativo,PROFESSOR DO MAGISTERIO SUPERIOR,Sem função
205683,Ativo,PROFESSOR DO MAGISTERIO SUPERIOR,Sem função
205683,Ativo,Sem informaç,FUC 000.1
3068333,Ativo,PROFESSOR DO MAGISTERIO SUPERIOR,Sem função
3549185,Aposentado,PROFESSOR DO MAGISTERIO SUPERIOR,Sem função
1791087,Ativo,PROFESSOR DO MAGISTERIO SUPERIOR,Sem função
3360637,Ativo,PROFESSOR DO MAGISTERIO SUPERIOR,Sem função
2125889,Ativo,PROFESSOR DO MAGISTERIO SUPERIOR,Sem função
3232847,Ativo,TECNICO EM CONTABILIDADE,Sem função
1293152,Ativo,ASSISTENTE EM ADMINISTRACAO,Sem função
3008693,Ativo,PROFESSOR DO MAGISTERIO SUPERIOR,Sem função
1035265,Ativo,PROFESSOR DO MAGISTERIO SUPERIOR,Sem função
913978,Ativo,REVISOR DE TEXTOS,Sem função
902070,Aposentado,PROFESSOR DO MAGISTERIO SUPERIOR,Sem função
1299884,Ativo,PROFESSOR DO MAGISTERIO SUPERIOR,Sem função
2709900,Aposentado,PROFESSOR DO MAGISTERIO SUPERIOR,Sem função
1537601,Ativo,PROFESSOR DO MAGISTERIO SUPERIOR,Sem função
1537601,Ativo,Sem informaç,CD 000.4
2794005,Ativo,AUX EM ADMINISTRACAO,Sem função
3268266,Ativo,ALMOXARIFE,Sem função
537011,Ativo,MEDICO-AREA,Sem função
537011,Ativo,PROFESSOR DO MAGISTERIO SUPERIOR,Sem função
2762429,Ativo,PROFESSOR DO MAGISTERIO SUPERIOR,Sem função
2356655,Ativo,PROFESSOR DO MAGISTERIO SUPERIOR,Sem função
644281,Pensionista,TEC DE TECNOLOGIA DA INFORMACAO,Sem função
3185112,Ativo,PROFESSOR DO MAGISTERIO SUPERIOR,Sem função
1774490,Ativo,PROFESSOR DO MAGISTERIO SUPERIOR,Sem função
3581601,Pensionista,PROFESSOR 3 GRAU,Sem função
1354958,Ativo,ANALISTA DE TEC DA INFORMACAO,Sem função
3056750,Ativo,PROFESSOR MAGISTERIO SUPERIOR-SUBSTITUTO,Sem função
955991,Ativo,PSICOLOGO-AREA,Sem função
1390413,Ativo,ASSISTENTE EM ADMINISTRACAO,Sem função
1788507,Ativo,PROFESSOR DO MAGISTERIO SUPERIOR,Sem função
1788507,Aposentado,PROFESSOR DO MAGISTERIO SUPERIOR,Sem função
1788507,Ativo,Sem informaç,FUC 000.1
410360,Ativo,PROFESSOR DO MAGISTERIO SUPERIOR,Sem função
909005,Pensionista,MOTORISTA,Sem função
456903,Aposentado,VIGILANTE,Sem função
426920,Ativo,PROFESSOR DO MAGISTERIO SUPERIOR,Sem função
2113101,Ativo,AUXILIAR DE ENFERMAGEM,Sem função
70836,Aposentado,PROFESSOR DO MAGISTERIO SUPERIOR,Sem função
2380427,Aposentado,AUXILIAR DE ENFERMAGEM,Sem função
928325,Aposentado,ASSISTENTE EM ADMINISTRACAO,Sem função
1260642,Ativo,PROFESSOR DO MAGISTERIO SUPERIOR,Sem função
1322893,Pensionista,CONTADOR,Sem função
2253125,Ativo,TECNICO EM RADIOLOGIA,Sem função
1821667,Pensionista,MOTORISTA,Sem função
2727276,Aposentado,AUXILIAR DE ENFERMAGEM,Sem função
3308045,Ativo,VIGILANTE,Sem função
178430,Pensionista,JORNALISTA,Sem função
3257527,Ativo,PROFESSOR DO MAGISTERIO SUPERIOR,Sem função
2305320,Ativo,PROFESSOR DO MAGISTERIO SUPERIOR,Sem função
2305320,Ativo,Sem informaç,FUC 000.1
3801503,Pensionista,VIGILANTE,Sem função
2185843,Pensionista,PROFESSOR DO MAGISTERIO SUPERIOR,Sem função
2164572,Aposentado,PROFESSOR DO MAGISTERIO SUPERIOR,Sem função
2164572,Aposentado,PROFESSOR 3 GRAU,Sem função
1879047,Aposentado,AUXILIAR DE ENFERMAGEM,Sem função
1398612,Aposentado,PROFESSOR DO MAGISTERIO SUPERIOR,Sem função
1723695,Aposentado,TECNICO DE LABORATORIO AREA,Sem função
2700076,Ativo,ASSISTENTE SOCIAL,Sem função
2904059,Aposentado,FISICO,Sem função
90776,Ativo,ENFERMEIRO-AREA,Sem função
90776,Ativo,Sem informaç,GF 002.5
969284,Ativo,PROFESSOR DO MAGISTERIO SUPERIOR,Sem função
2244696,Ativo,PROFESSOR DO MAGISTERIO SUPERIOR,Sem função
1686108,Aposentado,PROFESSOR DO MAGISTERIO SUPERIOR,Sem função
1686108,Aposentado,PROFESSOR DO MAGISTERIO SUPERIOR,Sem função
1307462,Ativo,TECNICO DE LABORATORIO AREA,Sem função
420899,Ativo,PROFESSOR DO MAGISTERIO SUPERIOR,Sem função
2178319,Ativo,PROFESSOR DO MAGISTERIO SUPERIOR,Sem função
2094684,Aposentado,TECNICO EM ASSUNTOS EDUCACIONAIS,Sem função
1229476,Ativo,TECNICO EM SOM,Sem função
306226,Aposentado,VIGILANTE,Sem função
3753449,Ativo,PROFESSOR DO MAGISTERIO SUPERIOR,Sem função
2626635,Aposentado,PROFESSOR DO MAGISTERIO SUPERIOR,Sem função
465707,Ativo,AUXILIAR DE ENFERMAGEM,Sem função
3482394,Ativo,PROFESSOR DO MAGISTERIO SUPERIOR,Sem função
1450668,Ativo,PROFESSOR DO MAGISTERIO SUPERIOR,Sem função
357135,Aposentado,SERVENTE DE LIMPEZA,Sem função
43293,Ativo,PROFESSOR DO MAGISTERIO SUPERIOR,Sem função
1430135,Aposentado,PROFESSOR DO MAGISTERIO SUPERIOR,Sem função
2444419,Aposentado,PROFESSOR DO MAGISTERIO SUPERIOR,Sem função
1489042,Ativo,ASSISTENTE EM ADMINISTRACAO,Sem função
2115313,Aposentado,ANALISTA DE TEC DA INFORMACAO,Sem função
19564,Ativo,PROFESSOR DO MAGISTERIO SUPERIOR,Sem função
2033491,Ativo,VIGILANTE,Sem função
1358502,Ativo,PROFESSOR DO MAGISTERIO SUPERIOR,Sem função
1983916,Aposentado,PROFESSOR DO MAGISTERIO SUPERIOR,Sem função
1983916,Pensionista,PROFESSOR DO MAGISTERIO SUPERIOR,Sem função
1571624,Ativo,PROFESSOR DO MAGISTERIO SUPERIOR,Sem função
1097128,Ativo,PROFESSOR DO MAGISTERIO SUPERIOR,Sem função
2901970,Ativo,PROFESSOR DO MAGISTERIO SUPERIOR,Sem função
2358628,Ativo,PROFESSOR DO MAGISTERIO SUPERIOR,Sem função
253553,Aposentado,AUX EM ADMINISTRACAO,Sem função
2575079,Aposentado,PROFESSOR DO MAGISTERIO SUPERIOR,Sem função
2016155,Ativo,PROFESSOR DO MAGISTERIO SUPERIOR,Sem função
270197,Aposentado,PROFESSOR DO MAGISTERIO SUPERIOR,Sem função
1756316,Aposentado,AUXILIAR DE LABORATORIO,Sem função
2884427,Aposentado,PEDREIRO,Sem função
2132724,Aposentado,PROFESSOR DO MAGISTERIO SUPERIOR,Sem função
355628,Ativo,PROFESSOR DO MAGISTERIO SUPERIOR,Sem função
1170357,Ativo,PROFESSOR DO MAGISTERIO SUPERIOR,Sem função
2253192,Ativo,VIGILANTE,Sem função
1426689,Ativo,VIGILANTE,Sem função
1588612,Ativo,PROFESSOR DO MAGISTERIO SUPERIOR,Sem função
2630234,Ativo,PROFESSOR DO MAGISTERIO SUPERIOR,Sem função
2221298,Ativo,AUX EM ADMINISTRACAO,Sem função
2816736,Ativo,ANALISTA DE TEC DA INFORMACAO,Sem função
2816736,Ativo,Sem informaç,FG 000.1
506891,Ativo,PROFESSOR DO MAGISTERIO SUPERIOR,Sem função
506891,Ativo,Sem informaç,FUC 000.1
925084,Aposentado,PROFESSOR DO MAGISTERIO SUPERIOR,Sem função
3697798,Ativo,TECNICO DE LABORATORIO AREA,Sem função
3593021,Aposentado,MEDICO-AREA,Sem função
3593021,Pensionista,AUXILIAR DE ENFERMAGEM,Sem função
1311399,Ativo,ASSISTENTE EM ADMINISTRACAO,Sem função
1685589,Ativo,PROFESSOR MAGISTERIO SUPERIOR-SUBSTITUTO,Sem função
3785650,Pensionista,ASSISTENTE EM ADMINISTRACAO,Sem função
3785650,Pensionista,ASSISTENTE EM ADMINISTRACAO,Sem função
2073874,Ativo,CONTINUO,Sem função
2043864,Aposentado,PROFESSOR DO MAGISTERIO SUPERIOR,Sem função
1050234,Ativo,PROFESSOR DO MAGISTERIO SUPERIOR,Sem função
1423590,Pensionista,ASSISTENTE EM ADMINISTRACAO,Sem função
919072,Ativo,ASSISTENTE EM ADMINISTRACAO,Sem função
919072,Ativo,Inválido,Sem função
2338899,Ativo,PROFESSOR DO MAGISTERIO SUPERIOR,Sem função
2338899,Ativo,Sem informaç,FG 000.1
2666534,Ativo,MEDICO RESIDENTE,Sem função
198170,Pensionista,PROFESSOR DO MAGISTERIO SUPERIOR,Sem função
1304899,Ativo,PROFESSOR DO MAGISTERIO SUPERIOR,Sem função
1458375,Ativo,PROFESSOR DO MAGISTERIO SUPERIOR,Sem função
1779332,Ativo,ARQUIVISTA,Sem função
1779332,Ativo,Sem informaç,FG 000.1
263539,Ativo,PROFESSOR DO MAGISTERIO SUPERIOR,Sem função
2167897,Ativo,TECNOLOGO-FORMACAO,Sem função
1644732,Pensionista,MEDICO-AREA,Sem função
3664386,Aposentado,PROFESSOR DO MAGISTERIO SUPERIOR,Sem função
1374993,Ativo,BIOLOGO,Sem função
3860367,Ativo,PROFESSOR MAGISTERIO SUPERIOR-SUBSTITUTO,Sem função
463278,Aposentado,MEDICO-AREA,Sem função
447801,Ativo,MEDICO-AREA,Sem função
3549715,Ativo,PROFESSOR DO MAGISTERIO SUPERIOR,Sem função
1534913,Ativo,ASSISTENTE EM ADMINISTRACAO,Sem função
1259206,Ativo,ASSISTENTE EM ADMINISTRACAO,Sem função
1303362,Ativo,PROFESSOR DO MAGISTERIO SUPERIOR,Sem função
1947691,Aposentado,PROFESSOR DO MAGISTERIO SUPERIOR,Sem função
2748500,Pensionista,ARQUEOLOGO,Sem função
2024966,Aposentado,PROFESSOR DO MAGISTERIO SUPERIOR,Sem função
1234042,Aposentado,PROFESSOR DO MAGISTERIO SUPERIOR,Sem função
2019846,Aposentado,PROFESSOR DO MAGISTERIO SUPERIOR,Sem função
3641445,Aposentado,PROFESSOR DO MAGISTERIO SUPERIOR,Sem função
2446312,Aposentado,ASSISTENTE EM ADMINISTRACAO,Sem função
1042574,Ativo,MEDICO-AREA,Sem função
888993,Ativo,CONTINUO,Sem função
1829358,Ativo,PROFESSOR DO MAGISTERIO SUPERIOR,Sem função
3562324,Aposentado,PROFESSOR DO MAGISTERIO SUPERIOR,Sem função
2029809,Aposentado,PROFESSOR DO MAGISTERIO SUPERIOR,Sem função
3899931,Ativo,PROFESSOR DO MAGISTERIO SUPERIOR,Sem função
95044,Ativo,ADMINISTRADOR DE EDIFICIOS,Sem função
2539719,Ativo,PROFESSOR DO MAGISTERIO SUPERIOR,Sem função
1553191,Ativo,ASSISTENTE EM ADMINISTRACAO,Sem função
1553191,Ativo,Sem informaç,FG 000.1
3873765,Ativo,MEDICO RESIDENTE,Sem função
332706,Ativo,BIBLIOTECARIO-DOCUMENTALISTA,Sem função
382656,Ativo,ANALISTA DE TEC DA INFORMACAO,Sem função
2976841,Pensionista,VIGILANTE,Sem função
3494715,Ativo,TECNICO DE LABORATORIO AREA,Sem função
2237529,Ativo,PROFESSOR DO MAGISTERIO SUPERIOR,Sem função
3851989,Ativo,MEDICO RESIDENTE,Sem função
473794,Ativo,TECNICO DE LABORATORIO AREA,Sem função
293248,Pensionista,VESTIARISTA,Sem função
2488745,Ativo,ENGENHEIRO DE SEG DO TRABALHO,Sem função
3855240,Ativo,RESIDENCIA MULTIPROFISSIONAL,Sem função
2655849,Ativo,MEDICO RESIDENTE,Sem função
1253080,Ativo,AUX EM ADMINISTRACAO,Sem função
315389,Ativo,PROFESSOR DO MAGISTERIO SUPERIOR,Sem função
1012647,Ativo,PROFESSOR DO MAGISTERIO SUPERIOR,Sem função
2861717,Ativo,PROFESSOR DO MAGISTERIO SUPERIOR,Sem função
2861717,Ativo,Sem informaç,FG 000.1
967735,Ativo,ADMINISTRADOR DE EDIFICIOS,Sem função
1518264,Ativo,MEDICO RESIDENTE,Sem função
1555872,Ativo,MEDICO RESIDENTE,Sem função
1207366,Ativo,TECNICO DE LABORATORIO AREA,Sem função
3247306,Ativo,MEDICO-AREA,Sem função
123203,Ativo,PSICOLOGO-AREA,Sem função
2386889,Ativo,ASSISTENTE EM ADMINISTRACAO,Sem função
2386889,Ativo,Sem informaç,FG 000.3
3862884,Ativo,MEDICO RESIDENTE,Sem função
3861141,Ativo,MEDICO RESIDENTE,Sem função
2812296,Ativo,ASSISTENTE EM ADMINISTRACAO,Sem função
1823469,Ativo,MEDICO RESIDENTE,Sem função
1596887,Ativo,PROFESSOR DO MAGISTERIO SUPERIOR,Sem função
1596887,Ativo,Sem informaç,FUC 000.1
2876180,Ativo,PROFESSOR DO MAGISTERIO SUPERIOR,Sem função
2425473,Ativo,ARQUITETO E URBANISTA,Sem função
371795,Ativo,ENFERMEIRO-AREA,Sem função
371795,Ativo,Sem informaç,GF 002.4
1340616,Ativo,PROFESSOR DO MAGISTERIO SUPERIOR,Sem função
1802949,Ativo,ASSISTENTE EM ADMINISTRACAO,Sem função
3133025,Ativo,TECNICO EM ASSUNTOS EDUCACIONAIS,Sem função
696566,Ativo,MEDICO RESIDENTE,Sem função
3660928,Aposentado,PROFESSOR DO MAGISTERIO SUPERIOR,Sem função
2098279,Ativo,PROFESSOR DO MAGISTERIO SUPERIOR,Sem função
2049175,Pensionista,PROFESSOR DO MAGISTERIO SUPERIOR,Sem função
849248,Aposentado,PROFESSOR DO MAGISTERIO SUPERIOR,Sem função
849248,Aposentado,PROFESSOR DO MAGISTERIO SUPERIOR,Sem função
3610292,Pensionista,AUXILIAR DE ENFERMAGEM,Sem função
3294474,Ativo,ASSISTENTE EM ADMINISTRACAO,Sem função
1278126,Ativo,AUXILIAR DE ENFERMAGEM,Sem função
1770225,Ativo,PROFESSOR DO MAGISTERIO SUPERIOR,Sem função
1579992,Aposentado,AUXILIAR DE ENFERMAGEM,Sem função
221749,Ativo,ASSISTENTE EM ADMINISTRACAO,Sem função
221749,Ativo,Inválido,Sem função
812378,Aposentado,AUX EM ADMINISTRACAO,Sem função
3177687,Ativo,ENFERMEIRO-AREA,Sem função
6602,Ativo,PROFESSOR DO MAGISTERIO SUPERIOR,Sem função
160796,Aposentado,AUXILIAR DE SAUDE,Sem função
198997,Aposentado,PROFESSOR DO MAGISTERIO SUPERIOR,Sem função
198997,Aposentado,PROFESSOR DO MAGISTERIO SUPERIOR,Sem função
910831,Aposentado,ASSISTENTE EM ADMINISTRACAO,Sem função
2071304,Aposentado,MEDICO-AREA,Sem função
182362,Pensionista,PROFESSOR 3 GRAU,Sem função
3233961,Ativo,PROFESSOR DO MAGISTERIO SUPERIOR,Sem função
976586,Pensionista,RECEPCIONISTA,Sem função
3816293,Pensionista,TECNICO EM ENFERMAGEM,Sem função
1362782,Aposentado,ASSISTENTE EM ADMINISTRACAO,Sem função
3620073,Pensionista,PROFESSOR DO MAGISTERIO SUPERIOR,Sem função
1385792,Ativo,VIGILANTE,Sem função
1506301,Ativo,ASSISTENTE EM ADMINISTRACAO,Sem função
2294060,Ativo,MECANICO,Sem função
1673515,Aposentado,SERVENTE DE LIMPEZA,Sem função
2370907,Aposentado,ASSISTENTE EM ADMINISTRACAO,Sem função
1493119,Aposentado,ASSISTENTE EM ADMINISTRACAO,Sem função
3859338,Ativo,ASSISTENTE EM ADMINISTRACAO,Sem função
160739,Ativo,TECNICO EM ASSUNTOS EDUCACIONAIS,Sem função
3437213,Ativo,PROFESSOR DO MAGISTERIO SUPERIOR,Sem função
739101,Aposentado,PROFESSOR DO MAGISTERIO SUPERIOR,Sem função
2354197,Pensionista,ASSISTENTE DE ALUNO,Sem função
748437,Aposentado,TECNICO DE LABORATORIO AREA,Sem função
1057179,Ativo,ASSISTENTE EM ADMINISTRACAO,Sem função
162288,Aposentado,PROFESSOR DO MAGISTERIO SUPERIOR,Sem função
162288,Aposentado,PROFESSOR DO MAGISTERIO SUPERIOR,Sem função
915980,Aposentado,PROFESSOR DO MAGISTERIO SUPERIOR,Sem função
1238592,Ativo,PROFESSOR DO MAGISTERIO SUPERIOR,Sem função
1238592,Ativo,Sem informaç,FG 000.1
3124357,Ativo,PROFESSOR DO MAGISTERIO SUPERIOR,Sem função
3124357,Ativo,Sem informaç,FUC 000.1
1452183,Ativo,ESTATISTICO,Sem função
2833106,Aposentado,PROFESSOR DO MAGISTERIO SUPERIOR,Sem função
2642599,Pensionista,MOTORISTA,Sem função
482294,Ativo,AUXILIAR DE LABORATORIO,Sem função
296094,Ativo,ASSISTENTE EM ADMINISTRACAO,Sem função
3856452,Ativo,MEDICO RESIDENTE,Sem função
394511,Ativo,PROFESSOR DO MAGISTERIO SUPERIOR,Sem função
3752275,Aposentado,BIBLIOTECARIO-DOCUMENTALISTA,Sem função
2119905,Aposentado,PROFESSOR DO MAGISTERIO SUPERIOR,Sem função
1626835,Aposentado,PROFESSOR ENS BASICO TECN TECNOLOGICO,Sem função
2096775,Ativo,TECNICO EM ASSUNTOS EDUCACIONAIS,Sem função
3768257,Pensionista,TECNICO DE LABORATORIO AREA,Sem função
2997015,Aposentado,PROFESSOR DO MAGISTERIO SUPERIOR,Sem função
1154382,Ativo,ASSISTENTE EM ADMINISTRACAO,Sem função
70997,Ativo,SERVENTE DE LIMPEZA,Sem função
2811127,Ativo,TECNICO EM RADIOLOGIA,Sem função
3863341,Ativo,ASSISTENTE EM ADMINISTRACAO,Sem função
327232,Ativo,AUXILIAR DE ENFERMAGEM,Sem função
3154252,Ativo,ENFERMEIRO-AREA,Sem função
3527825,Aposentado,TECNICO EM ENFERMAGEM,Sem função
1324913,Pensionista,MOTORISTA,Sem função
628810,Aposentado,ENFERMEIRO-AREA,Sem função
2879484,Ativo,PROFESSOR DO MAGISTERIO SUPERIOR,Sem função
2879484,Ativo,Sem informaç,FG 000.1
2769973,Aposentado,PROFESSOR DO MAGISTERIO SUPERIOR,Sem função
1893258,Aposentado,PROFESSOR DO MAGISTERIO SUPERIOR,Sem função
1893258,Aposentado,PROFESSOR DO MAGISTERIO SUPERIOR,Sem função
2384632,Ativo,TECNICO EM EDIFICACOES,Sem função
2384632,Ativo,Sem informaç,FG 000.3
444587,Ativo,PROFESSOR DO MAGISTERIO SUPERIOR,Sem função
3476583,Aposentado,TECNICO DE LABORATORIO AREA,Sem função
1719711,Aposentado,PROFESSOR DO MAGISTERIO SUPERIOR,Sem função
809403,Aposentado,IMPRESSOR,Sem função
1211399,Ativo,EDITOR DE IMAGENS,Sem função
2243997,Ativo,MEDICO-AREA,Sem função
2640319,Aposentado,PROFESSOR DO MAGISTERIO SUPERIOR,Sem função
3525063,Ativo,PROFESSOR DO MAGISTERIO SUPERIOR,Sem função
3525063,Ativo,Sem informaç,FG 000.1
1253934,Ativo,PROFESSOR DO MAGISTERIO SUPERIOR,Sem função
2551423,Aposentado,PROFESSOR DO MAGISTERIO SUPERIOR,Sem função
2815558,Ativo,VIGILANTE,Sem função
2283626,Ativo,AUX EM ADMINISTRACAO,Sem função
171843,Pensionista,OPERADOR DE CALDEIRA,Sem função
2949110,Aposentado,ASSISTENTE DE LABORATORIO,Sem função
535982,Ativo,TECNICO EM RESTAURACAO,Sem função
2649953,Ativo,TECNICO EM ASSUNTOS EDUCACIONAIS,Sem função
992534,Pensionista,VIGILANTE,Sem função
2569809,Aposentado,TEC EM ELETROELETRONICA,Sem função
1703794,Aposentado,TECNICO EM ENFERMAGEM,Sem função
2881713,Ativo,AUX EM ADMINISTRACAO,Sem função
2459888,Ativo,AUX EM ADMINISTRACAO,Sem função
825484,Ativo,ASSISTENTE EM ADMINISTRACAO,Sem função
729474,Pensionista,RECEPCIONISTA,Sem função
1773634,Pensionista,PROFESSOR DO MAGISTERIO SUPERIOR,Sem função
2107699,Ativo,ASSISTENTE EM ADMINISTRACAO,Sem função
2107699,Ativo,Sem informaç,CD 000.4
14942,Ativo,PROFESSOR DO MAGISTERIO SUPERIOR,Sem função
2006384,Ativo,PROFESSOR DO MAGISTERIO SUPERIOR,Sem função
1088053,Ativo,VIGILANTE,Sem função
1119871,Aposentado,ASSISTENTE EM ADMINISTRACAO,Sem função
2468058,Ativo,VIGILANTE,Sem função
1963174,Pensionista,PROFESSOR DO MAGISTERIO SUPERIOR,Sem função
1897788,Aposentado,PROFESSOR DO MAGISTERIO SUPERIOR,Sem função
2369134,Aposentado,PROFESSOR DO MAGISTERIO SUPERIOR,Sem função
2705121,Aposentado,TECNICO EM ENFERMAGEM,Sem função
251906,Ativo,AUXILIAR DE ENFERMAGEM,Sem função
2855524,Ativo,VIGILANTE,Sem função
2855524,Ativo,Sem informaç,CD 000.4
3556930,Aposentado,PROFESSOR DO MAGISTERIO SUPERIOR,Sem função
2516500,Ativo,PROFESSOR MAGISTERIO SUPERIOR-SUBSTITUTO,Sem função
2012188,Aposentado,PROFESSOR DO MAGISTERIO SUPERIOR,Sem função
2980270,Ativo,PROFESSOR DO MAGISTERIO SUPERIOR,Sem função
972559,Aposentado,PROFESSOR DO MAGISTERIO SUPERIOR,Sem função
2216519,Ativo,PROFESSOR MAGISTERIO SUPERIOR-SUBSTITUTO,Sem função
1224370,Aposentado,COPEIRO,Sem função
1829326,Ativo,BIBLIOTECARIO-DOCUMENTALISTA,Sem função
1829326,Ativo,Sem informaç,FG 000.1
1801705,Ativo,ASSISTENTE EM ADMINISTRACAO,Sem função
2717125,Pensionista,OPERADOR DE MAQUINA COPIADORA,Sem função
2156647,Aposentado,PROFESSOR DO MAGISTERIO SUPERIOR,Sem função
1162883,Ativo,OPERADOR DE MAQ DE LAVANDERIA,Sem função
3056005,Ativo,TECNICO EM RADIOLOGIA,Sem função
20194,Aposentado,ASSISTENTE EM ADMINISTRACAO,Sem função
172169,Pensionista,CONTRAMESTRE-OFICIO,Sem função
3139982,Ativo,PROFESSOR DO MAGISTERIO SUPERIOR,Sem função
2395105,Aposentado,PROFESSOR DO MAGISTERIO SUPERIOR,Sem função
2620532,Aposentado,PROFESSOR ENS BASICO TECN TECNOLOGICO,Sem função
366177,Aposentado,BIOLOGO,Sem função
2911661,Aposentado,TECNICO DE LABORATORIO AREA,Sem função
1700908,Aposentado,PROFESSOR DO MAGISTERIO SUPERIOR,Sem função
1008945,Ativo,MEDICO-AREA,Sem função
1229907,Ativo,PROFESSOR DO MAGISTERIO SUPERIOR,Sem função
1335891,Ativo,LINOTIPISTA,Sem função
1834205,Aposentado,PROFESSOR DO MAGISTERIO SUPERIOR,Sem função
3223773,Ativo,PROFESSOR MAGISTERIO SUPERIOR-SUBSTITUTO,Sem função
313239,Ativo,VIGILANTE,Sem função
251742,Aposentado,AUX EM ADMINISTRACAO,Sem função
404143,Ativo,ASSISTENTE EM ADMINISTRACAO,Sem função
2050890,Aposentado,PROFESSOR DO MAGISTERIO SUPERIOR,Sem função
3047432,Aposentado,PROFESSOR DO MAGISTERIO SUPERIOR,Sem função
1324851,Ativo,PROFESSOR DO MAGISTERIO SUPERIOR,Sem função
3002897,Aposentado,PROFESSOR DO MAGISTERIO SUPERIOR,Sem função
3646593,Pensionista,RECEPCIONISTA,Sem função
2216561,Ativo,PROFESSOR DO MAGISTERIO SUPERIOR,Sem função
1226043,Aposentado,ASSISTENTE DE LABORATORIO,Sem função
1306096,Ativo,TECNICO EM ASSUNTOS EDUCACIONAIS,Sem função
3361474,Aposentado,PROFESSOR DO MAGISTERIO SUPERIOR,Sem função
3031354,Aposentado,MEDICO-AREA,Sem função
1649241,Ativo,VIGILANTE,Sem função
2645664,Aposentado,PROFESSOR DO MAGISTERIO SUPERIOR,Sem função
3662885,Pensionista,TECNICO DE LABORATORIO AREA,Sem função
2082303,Ativo,AUX EM ADMINISTRACAO,Sem função
2082303,Ativo,Sem informaç,FG 000.3
1239527,Aposentado,AUX EM ADMINISTRACAO,Sem função
2630883,Pensionista,MOTORISTA,Sem função
19914,Ativo,ENFERMEIRO-AREA,Sem função
1079111,Ativo,PROFESSOR DO MAGISTERIO SUPERIOR,Sem função
2838691,Aposentado,DESENHISTA DE ARTES GRAFICAS,Sem função
2500298,Ativo,AUX EM ADMINISTRACAO,Sem função
2822148,Aposentado,TECNICO EM CONTABILIDADE,Sem função
1272915,Ativo,TECNICO EM ASSUNTOS EDUCACIONAIS,Sem função
2859542,Ativo,PROFESSOR DO MAGISTERIO SUPERIOR,Sem função
3694960,Ativo,ENFERMEIRO-AREA,Sem função
2830081,Ativo,ASSISTENTE EM ADMINISTRACAO,Sem função
1532286,Aposentado,PROFESSOR DO MAGISTERIO SUPERIOR,Sem função
635034,Aposentado,ELETRICISTA,Sem função
48226,Ativo,PROFESSOR DO MAGISTERIO SUPERIOR,Sem função
3241672,Ativo,MEDICO-AREA,Sem função
3241672,Ativo,PROFESSOR DO MAGISTERIO SUPERIOR,Sem função
352742,Ativo,PROFESSOR DO MAGISTERIO SUPERIOR,Sem função
338551,Aposentado,PROFESSOR DO MAGISTERIO SUPERIOR,Sem função
3283244,Ativo,PROFESSOR DO MAGISTERIO SUPERIOR,Sem função
901420,Aposentado,PROFESSOR DO MAGISTERIO SUPERIOR,Sem função
351869,Ativo,VIGILANTE,Sem função
3238858,Ativo,ASSISTENTE EM ADMINISTRACAO,Sem função
797024,Aposentado,ASSISTENTE EM ADMINISTRACAO,Sem função
2199573,Aposentado,TIPOGRAFO,Sem função
1785607,Aposentado,TECNICO DE LABORATORIO AREA,Sem função
2501714,Pensionista,NUTRICIONISTA-HABILITACAO,Sem função
2501714,Pensionista,PROFESSOR DO MAGISTERIO SUPERIOR,Sem função
876308,Aposentado,VESTIARISTA,Sem função
2808562,Ativo,PROFESSOR DO MAGISTERIO SUPERIOR,Sem função
2808562,Ativo,Sem informaç,FUC 000.1
3251959,Ativo,TECNICO EM RADIOLOGIA,Sem função
2719358,Pensionista,RECEPCIONISTA,Sem função
1066758,Ativo,TECNICO EM ENFERMAGEM,Sem função
29787,Aposentado,ENFERMEIRO-AREA,Sem função
1641107,Ativo,PROF ENS BAS TEC TECNOLOGICO-SUBSTITUTO,Sem função
307636,Aposentado,VIGILANTE,Sem função
626254,Aposentado,AUXILIAR DE ENFERMAGEM,Sem função
2167204,Aposentado,PROFESSOR DO MAGISTERIO SUPERIOR,Sem função
1595944,Aposentado,TECNICO DE LABORATORIO AREA,Sem função
3581777,Pensionista,PROFESSOR 3 GRAU,Sem função
1522164,Ativo,VIGILANTE,Sem função
3606899,Aposentado,VIGILANTE,Sem função
1063237,Ativo,PROFESSOR DO MAGISTERIO SUPERIOR,Sem função
3544093,Pensionista,PROFESSOR DO MAGISTERIO SUPERIOR,Sem função
1497562,Ativo,PROFESSOR DO MAGISTERIO SUPERIOR,Sem função
29655,Ativo,PROFESSOR DO MAGISTERIO SUPERIOR,Sem função
2475626,Aposentado,ASSISTENTE EM ADMINISTRACAO,Sem função
377485,Ativo,PROFESSOR DO MAGISTERIO SUPERIOR,Sem função
2789690,Ativo,PROFESSOR MAGISTERIO SUPERIOR-SUBSTITUTO,Sem função
2007520,Aposentado,PROFESSOR DO MAGISTERIO SUPERIOR,Sem função
2246441,Ativo,PROFESSOR DO MAGISTERIO SUPERIOR,Sem função
2246441,Ativo,Sem informaç,FUC 000.1
2314579,Aposentado,TECNICO EM MECANICA,Sem função
1102942,Ativo,PROFESSOR DO MAGISTERIO SUPERIOR,Sem função
3122798,Ativo,BIBLIOTECARIO-DOCUMENTALISTA,Sem função
1252566,Ativo,PROFESSOR DO MAGISTERIO SUPERIOR,Sem função
2914492,Ativo,AUXILIAR DE ENFERMAGEM,Sem função
223237,Ativo,BIBLIOTECARIO-DOCUMENTALISTA,Sem função
1340250,Ativo,PROFESSOR DO MAGISTERIO SUPERIOR,Sem função
386002,Ativo,PROFESSOR DO MAGISTERIO SUPERIOR,Sem função
2187318,Ativo,AUX EM ADMINISTRACAO,Sem função
2187318,Ativo,Sem informaç,FG 000.1
1736768,Ativo,PROFESSOR DO MAGISTERIO SUPERIOR,Sem função
3062132,Ativo,MEDICO RESIDENTE,Sem função
97995,Ativo,PROFESSOR DO MAGISTERIO SUPERIOR,Sem função
3854804,Ativo,RESIDENCIA MULTIPROFISSIONAL,Sem função
3230213,Ativo,MEDICO-AREA,Sem função
3230213,Ativo,Sem informaç,GF 002.6
946544,Aposentado,PROFESSOR DO MAGISTERIO SUPERIOR,Sem função
1440581,Ativo,PROFESSOR DO MAGISTERIO SUPERIOR,Sem função
3469711,Aposentado,PROFESSOR DO MAGISTERIO SUPERIOR,Sem função
70962,Ativo,AUXILIAR DE NUTRICAO E DIETETICA,Sem função
1606453,Pensionista,PROFESSOR 3 GRAU,Sem função
685119,Ativo,PROFESSOR MAGISTERIO SUPERIOR -VISITANTE,Sem função
50257,Ativo,ENFERMEIRO-AREA,Sem função
3504923,Ativo,AUX EM ADMINISTRACAO,Sem função
2920188,Ativo,TECNICO EM CONTABILIDADE,Sem função
2920188,Ativo,Sem informaç,FG 000.3
217705,Ativo,TECNICO DE LABORATORIO AREA,Sem função
283292,Ativo,ASSISTENTE EM ADMINISTRACAO,Sem função
1412080,Ativo,TECNICO DE LABORATORIO AREA,Sem função
958152,Pensionista,ASSISTENTE EM ADMINISTRACAO,Sem função
3343535,Ativo,MEDICO RESIDENTE,Sem função
433471,Ativo,PROFESSOR DO MAGISTERIO SUPERIOR,Sem função
2968095,Ativo,PROFESSOR DO MAGISTERIO SUPERIOR,Sem função
395728,Ativo,VIGILANTE,Sem função
3650897,Pensionista,VIGILANTE,Sem função
3317863,Ativo,ASSISTENTE EM ADMINISTRACAO,Sem função
1245877,Ativo,ASSISTENTE EM ADMINISTRACAO,Sem função
1966954,Aposentado,TECNICO DE LABORATORIO AREA,Sem função
1748293,Ativo,PROFESSOR DO MAGISTERIO SUPERIOR,Sem função
500043,Aposentado,ASSISTENTE EM ADMINISTRACAO,Sem função
2910243,Aposentado,AUX EM ADMINISTRACAO,Sem função
3643953,Pensionista,TECNICO EM ASSUNTOS EDUCACIONAIS,Sem função
1967372,Aposentado,ASSISTENTE EM ADMINISTRACAO,Sem função
3248302,Pensionista,MESTRE DE EDIF E INFRAESTRUTURA,Sem função
2188829,Pensionista,RECEPCIONISTA,Sem função
3560846,Aposentado,RECEPCIONISTA,Sem função
1093039,Ativo,PROFESSOR DO MAGISTERIO SUPERIOR,Sem função
212795,Ativo,MEDICO RESIDENTE,Sem função
3862117,Ativo,MEDICO RESIDENTE,Sem função
2809627,Ativo,PROFESSOR DO MAGISTERIO SUPERIOR,Sem função
3500349,Aposentado,MEDICO-AREA,Sem função
793359,Aposentado,SECRETARIO EXECUTIVO,Sem função
1804540,Aposentado,PROFESSOR DO MAGISTERIO SUPERIOR,Sem função
2880435,Aposentado,TECNICO EM ASSUNTOS EDUCACIONAIS,Sem função
2914776,Ativo,ASSISTENTE EM ADMINISTRACAO,Sem função
2200883,Ativo,ENFERMEIRO-AREA,Sem função
2301887,Pensionista,PROFESSOR DO MAGISTERIO SUPERIOR,Sem função
2805757,Ativo,BIBLIOTECARIO-DOCUMENTALISTA,Sem função
3198631,Ativo,AUXILIAR DE ENFERMAGEM,Sem função
2352508,Ativo,PROFESSOR DO MAGISTERIO SUPERIOR,Sem função
2352508,Ativo,Sem informaç,FUC 000.1
2033983,Aposentado,ASSISTENTE EM ADMINISTRACAO,Sem função
1644854,Pensionista,RECEPCIONISTA,Sem função
3681241,Ativo,NUTRICIONISTA-HABILITACAO,Sem função
2259712,Ativo,PROFESSOR DO MAGISTERIO SUPERIOR,Sem função
1383810,Aposentado,AUXILIAR DE ENFERMAGEM,Sem função
245071,Ativo,CONTADOR,Sem função
1263287,Ativo,MEDICO-AREA,Sem função
468245,Aposentado,AUXILIAR DE LABORATORIO,Sem função
2518008,Ativo,PROFESSOR DO MAGISTERIO SUPERIOR,Sem função
686076,Aposentado,PROFESSOR DO MAGISTERIO SUPERIOR,Sem função
2904118,Ativo,PROFESSOR DO MAGISTERIO SUPERIOR,Sem função
2904118,Ativo,Sem informaç,FG 000.1
2857395,Ativo,VIGILANTE,Sem função
905088,Ativo,ENFERMEIRO-AREA,Sem função
2452213,Pensionista,PROFESSOR 3 GRAU,Sem função
1750583,Aposentado,PROFESSOR DO MAGISTERIO SUPERIOR,Sem função
2897817,Ativo,PROFESSOR DO MAGISTERIO SUPERIOR,Sem função
2897817,Ativo,Sem informaç,FUC 000.1
1628282,Ativo,PROFESSOR MAGISTERIO SUPERIOR-SUBSTITUTO,Sem função
2661719,Ativo,TECNICO EM ENFERMAGEM,Sem função
1817038,Ativo,PROFESSOR DO MAGISTERIO SUPERIOR,Sem função
149464,Aposentado,ARQUIVISTA,Sem função
2702325,Ativo,FARMACEUTICO-HABILITACAO,Sem função
840264,Ativo,PROFESSOR DO MAGISTERIO SUPERIOR,Sem função
527420,Ativo,MEDICO RESIDENTE,Sem função
2956422,Aposentado,ASSISTENTE EM ADMINISTRACAO,Sem função
2260803,Ativo,TECNICO EM ENFERMAGEM,Sem função
695478,Ativo,PROFESSOR MAGISTERIO SUPERIOR-SUBSTITUTO,Sem função
1453836,Aposentado,PROFESSOR DO MAGISTERIO SUPERIOR,Sem função
558429,Aposentado,PROFESSOR DO MAGISTERIO SUPERIOR,Sem função
291764,Ativo,ASSISTENTE EM ADMINISTRACAO,Sem função
67307,Aposentado,PROFESSOR DO MAGISTERIO SUPERIOR,Sem função
2328157,Ativo,PROFESSOR DO MAGISTERIO SUPERIOR,Sem função
1197158,Aposentado,BIBLIOTECARIO-DOCUMENTALISTA,Sem função
2793744,Aposentado,PROFESSOR DO MAGISTERIO SUPERIOR,Sem função
795336,Pensionista,PROFESSOR 3 GRAU,Sem função
3209378,Pensionista,PROFESSOR DO MAGISTERIO SUPERIOR,Sem função
536055,Ativo,PROFESSOR DO MAGISTERIO SUPERIOR,Sem função
380064,Ativo,PROFESSOR DO MAGISTERIO SUPERIOR,Sem função
48149,Aposentado,VIGILANTE,Sem função
1500714,Ativo,MEDICO-AREA,Sem função
2964572,Aposentado,PROFESSOR DO MAGISTERIO SUPERIOR,Sem função
1868598,Pensionista,VIGILANTE,Sem função
841411,Pensionista,PROFESSOR 3 GRAU,Sem função
404207,Ativo,PROFESSOR ENS BASICO TECN TECNOLOGICO,Sem função
1093497,Ativo,PROFESSOR MAGISTERIO SUPERIOR-SUBSTITUTO,Sem função
1838425,Aposentado,AUXILIAR DE ENFERMAGEM,Sem função
315832,Aposentado,TECNICO EM CONTABILIDADE,Sem função
1728406,Aposentado,QUIMICO,Sem função
3528497,Ativo,PROFESSOR MAGISTERIO SUPERIOR-SUBSTITUTO,Sem função
1133249,Ativo,ASSISTENTE EM ADMINISTRACAO,Sem função
250874,Aposentado,ASSISTENTE SOCIAL,Sem função
2008007,Pensionista,RECEPCIONISTA,Sem função
112827,Ativo,PROFESSOR DO MAGISTERIO SUPERIOR,Sem função
2964614,Pensionista,ASSISTENTE EM ADMINISTRACAO,Sem função
2215055,Pensionista,ASSISTENTE EM ADMINISTRACAO,Sem função
488956,Ativo,PROFESSOR DO MAGISTERIO SUPERIOR,Sem função
1530855,Ativo,PROFESSOR DO MAGISTERIO SUPERIOR,Sem função
222715,Ativo,TEC EM ELETROELETRONICA,Sem função
1926970,Aposentado,PROFESSOR DO MAGISTERIO SUPERIOR,Sem função
1275232,Ativo,ASSISTENTE EM ADMINISTRACAO,Sem função
1177475,Ativo,ASSISTENTE EM ADMINISTRACAO,Sem função
1346334,Ativo,PROFESSOR DO MAGISTERIO SUPERIOR,Sem função
1346334,Ativo,Sem informaç,FUC 000.1
75470,Ativo,PROFESSOR DO MAGISTERIO SUPERIOR,Sem função
2940593,Ativo,PROFESSOR DO MAGISTERIO SUPERIOR,Sem função
2940593,Ativo,Sem informaç,FUC 000.1
1718221,Ativo,MEDICO RESIDENTE,Sem função
3079801,Ativo,PROFESSOR DO MAGISTERIO SUPERIOR,Sem função
1591531,Ativo,MEDICO-AREA,Sem função
2701681,Aposentado,AUXILIAR DE LABORATORIO,Sem função
311256,Pensionista,ASSISTENTE EM ADMINISTRACAO,Sem função
2275231,Pensionista,ARQUITETO E URBANISTA,Sem função
1044064,Ativo,PROFESSOR DO MAGISTERIO SUPERIOR,Sem função
2937558,Ativo,PROFESSOR DO MAGISTERIO SUPERIOR,Sem função
2341741,Ativo,MEDICO-AREA,Sem função
2890155,Ativo,PSICOLOGO-AREA,Sem função
2942337,Ativo,PROFESSOR DO MAGISTERIO SUPERIOR,Sem função
3537340,Ativo,PROFESSOR DO MAGISTERIO SUPERIOR,Sem função
3537340,Ativo,Sem informaç,FUC 000.1
3204006,Ativo,ASSISTENTE EM ADMINISTRACAO,Sem função
2610895,Ativo,TEC DE TECNOLOGIA DA INFORMACAO,Sem função
3722519,Ativo,PROFESSOR MAGISTERIO SUPERIOR-SUBSTITUTO,Sem função
274447,Aposentado,PROFESSOR DO MAGISTERIO SUPERIOR,Sem função
370249,Ativo,AUX EM ADMINISTRACAO,Sem função
370408,Aposentado,ARMAZENISTA,Sem função
3082008,Ativo,PROFESSOR DO MAGISTERIO SUPERIOR,Sem função
882294,Ativo,PROFESSOR DO MAGISTERIO SUPERIOR,Sem função
882294,Ativo,Sem informaç,FUC 000.1
2445593,Ativo,MEDICO-AREA,Sem função
2122174,Ativo,ASSISTENTE EM ADMINISTRACAO,Sem função
2122174,Ativo,Sem informaç,FG 000.3
2658216,Ativo,MEDICO-AREA,Sem função
69789,Ativo,TECNICO DE LABORATORIO AREA,Sem função
1220222,Ativo,DIRETOR DE PRODUCAO,Sem função
2926256,Ativo,PROFESSOR DO MAGISTERIO SUPERIOR,Sem função
2702150,Ativo,MEDICO-AREA,Sem função
2596548,Aposentado,PROFESSOR DO MAGISTERIO SUPERIOR,Sem função
2944009,Ativo,ASSISTENTE EM ADMINISTRACAO,Sem função
2944009,Ativo,Sem informaç,GF 002.6
2498846,Ativo,PROFESSOR ENS BASICO TECN TECNOLOGICO,Sem função
3027259,Ativo,PROFESSOR DO MAGISTERIO SUPERIOR,Sem função
2962286,Ativo,ASSISTENTE EM ADMINISTRACAO,Sem função
2962286,Ativo,Sem informaç,FG 000.1
112764,Ativo,PROFESSOR DO MAGISTERIO SUPERIOR,Sem função
145593,Aposentado,PROFESSOR DO MAGISTERIO SUPERIOR,Sem função
291931,Ativo,PROFESSOR DO MAGISTERIO SUPERIOR,Sem função
291931,Ativo,Sem informaç,FUC 000.1
2155495,Aposentado,PROFESSOR DO MAGISTERIO SUPERIOR,Sem função
3170143,Ativo,PROFESSOR DO MAGISTERIO SUPERIOR,Sem função
1831676,Ativo,PROFESSOR DO MAGISTERIO SUPERIOR,Sem função
1831676,Ativo,Sem informaç,FG 000.1
3528692,Ativo,TECNICO DE LABORATORIO AREA,Sem função
2504925,Ativo,PROFESSOR DO MAGISTERIO SUPERIOR,Sem função
2227592,Ativo,PROFESSOR MAGISTERIO SUPERIOR-SUBSTITUTO,Sem função
1484211,Ativo,AUX EM ADMINISTRACAO,Sem função
299166,Ativo,PROFESSOR DO MAGISTERIO SUPERIOR,Sem função
29945,Ativo,ASSISTENTE EM ADMINISTRACAO,Sem função
3234496,Ativo,AUX EM ADMINISTRACAO,Sem função
3234496,Ativo,Sem informaç,FG 000.1
105922,Ativo,ARQUITETO E URBANISTA,Sem função
3397736,Ativo,PROFESSOR MAGISTERIO SUPERIOR-SUBSTITUTO,Sem função
2909171,Ativo,TECNICO DE LABORATORIO AREA,Sem função
306235,Aposentado,PROFESSOR DO MAGISTERIO SUPERIOR,Sem função
858708,Aposentado,ADMINISTRADOR,Sem função
858708,Pensionista,ASSISTENTE EM ADMINISTRACAO,Sem função
3807,Aposentado,AUXILIAR DE ENFERMAGEM,Sem função
1649272,Aposentado,PROFESSOR DO MAGISTERIO SUPERIOR,Sem função
1550379,Ativo,MEDICO RESIDENTE,Sem função
2375348,Ativo,PROFESSOR DO MAGISTERIO SUPERIOR,Sem função
102268,Ativo,PROFESSOR DO MAGISTERIO SUPERIOR,Sem função
2605773,Aposentado,PROFESSOR DO MAGISTERIO SUPERIOR,Sem função
88874,Ativo,COZINHEIRO,Sem função
2785124,Ativo,PROFESSOR DO MAGISTERIO SUPERIOR,Sem função
1193001,Ativo,PROFESSOR DO MAGISTERIO SUPERIOR,Sem função
2771781,Pensionista,PROFESSOR DO MAGISTERIO SUPERIOR,Sem função
425361,Ativo,SERVENTE DE LIMPEZA,Sem função
2664786,Aposentado,PROFESSOR DO MAGISTERIO SUPERIOR,Sem função
2099319,Aposentado,PROFESSOR DO MAGISTERIO SUPERIOR,Sem função
1320950,Ativo,PEDAGOGO-AREA,Sem função
681143,Ativo,PROFESSOR DO MAGISTERIO SUPERIOR,Sem função
753105,Ativo,PROFESSOR MAGISTERIO SUPERIOR-SUBSTITUTO,Sem função
560737,Aposentado,AUX EM ADMINISTRACAO,Sem função
1227787,Ativo,ASSISTENTE EM ADMINISTRACAO,Sem função
2533272,Ativo,TECNICO DE LABORATORIO AREA,Sem função
1493792,Ativo,PROFESSOR DO MAGISTERIO SUPERIOR,Sem função
2089021,Ativo,PROFESSOR DO MAGISTERIO SUPERIOR,Sem função
186795,Ativo,MEDICO RESIDENTE,Sem função
2306458,Aposentado,PROFESSOR DO MAGISTERIO SUPERIOR,Sem função
274820,Aposentado,PROFESSOR ENS BASICO TECN TECNOLOGICO,Sem função
1142225,Ativo,PROFESSOR DO MAGISTERIO SUPERIOR,Sem função
2827139,Ativo,DIRETOR DE PROGRAMA,Sem função
2827139,Ativo,Sem informaç,FG 000.1
1743691,Ativo,ASSISTENTE EM ADMINISTRACAO,Sem função
1743691,Ativo,Sem informaç,CD 000.2
1061190,Ativo,PROFESSOR DO MAGISTERIO SUPERIOR,Sem função
41051,Aposentado,BIBLIOTECARIO-DOCUMENTALISTA,Sem função
3233943,Aposentado,ASSISTENTE EM ADMINISTRACAO,Sem função
1846758,Aposentado,SERVENTE DE LIMPEZA,Sem função
2858725,Ativo,RECEPCIONISTA,Sem função
3237924,Pensionista,AUX EM ADMINISTRACAO,Sem função
2963130,Pensionista,PROFESSOR DO MAGISTERIO SUPERIOR,Sem função
2577530,Pensionista,PROFESSOR DO MAGISTERIO SUPERIOR,Sem função
2577530,Pensionista,PROFESSOR DO MAGISTERIO SUPERIOR,Sem função
3202386,Pensionista,PORTEIRO,Sem função
2479208,Pensionista,CARPINTEIRO,Sem função
1677325,Pensionista,PROFESSOR DO MAGISTERIO SUPERIOR,Sem função
2791476,Pensionista,AUXILIAR OPERACIONAL,Sem função
2855349,Ativo,MEDICO RESIDENTE,Sem função
1639313,Ativo,PROFESSOR DO MAGISTERIO SUPERIOR,Sem função
498993,Ativo,PROFESSOR DO MAGISTERIO SUPERIOR,Sem função
498993,Ativo,Sem informaç,FUC 000.1
3715781,Ativo,AUXILIAR DE ENFERMAGEM,Sem função
2092071,Pensionista,PROFESSOR DO MAGISTERIO SUPERIOR,Sem função
656226,Aposentado,PROFESSOR DO MAGISTERIO SUPERIOR,Sem função
2961065,Pensionista,AUXILIAR DE ENFERMAGEM,Sem função
3354300,Aposentado,FARMACEUTICO-HABILITACAO,Sem função
3849069,Pensionista,AUX EM ADMINISTRACAO,Sem função
1241275,Ativo,PROFESSOR MAGISTERIO SUPERIOR-SUBSTITUTO,Sem função
874961,Pensionista,PROFESSOR DO MAGISTERIO SUPERIOR,Sem função
2320816,Ativo,PROFESSOR ENS BASICO TECN TECNOLOGICO,Sem função
3330348,Aposentado,AUXILIAR DE SAUDE,Sem função
671886,Aposentado,ENFERMEIRO-AREA,Sem função
3654604,Aposentado,ASSISTENTE EM ADMINISTRACAO,Sem função
2128779,Pensionista,AUXILIAR DE ENFERMAGEM,Sem função
631562,Aposentado,TECNICO DE LABORATORIO AREA,Sem função
1039067,Aposentado,CONTINUO,Sem função
236000,Ativo,AUX EM ADMINISTRACAO,Sem função
3588520,Pensionista,PROFESSOR DO MAGISTERIO SUPERIOR,Sem função
3690244,Ativo,TECNICO EM ENFERMAGEM,Sem função
2729551,Pensionista,PROFESSOR DO MAGISTERIO SUPERIOR,Sem função
2729551,Pensionista,ARQUITETO E URBANISTA,Sem função
1911855,Pensionista,PROF DO ENSINO BASICO TEC TECNOLOGICO,Sem função
2369993,Ativo,AUXILIAR DE ENFERMAGEM,Sem função
2358092,Ativo,TECNICO DE LABORATORIO AREA,Sem função
3113121,Ativo,VIGILANTE,Sem função
696154,Aposentado,PROFESSOR DO MAGISTERIO SUPERIOR,Sem função
3731129,Aposentado,ODONTOLOGO - 30 HORAS - DL 1445-76,Sem função
551311,Ativo,PROFESSOR DO MAGISTERIO SUPERIOR,Sem função
551311,Ativo,Sem informaç,FG 000.1
1765801,Aposentado,PROFESSOR DO MAGISTERIO SUPERIOR,Sem função
1297517,Ativo,PROFESSOR DO MAGISTERIO SUPERIOR,Sem função
1245354,Aposentado,PROFESSOR DO MAGISTERIO SUPERIOR,Sem função
928104,Aposentado,ASSISTENTE EM ADMINISTRACAO,Sem função
1558743,Ativo,MEDICO-AREA,Sem função
2979968,Aposentado,PROFESSOR DO MAGISTERIO SUPERIOR,Sem função
2518045,Ativo,TERAPEUTA OCUPACIONAL,Sem função
1161570,Ativo,ASSISTENTE EM ADMINISTRACAO,Sem função
3661560,Ativo,PROFESSOR MAGISTERIO SUPERIOR-SUBSTITUTO,Sem função
3292023,Ativo,MEDICO RESIDENTE,Sem função
1358922,Ativo,MEDICO RESIDENTE,Sem função
1475089,Aposentado,PROFESSOR DO MAGISTERIO SUPERIOR,Sem função
3182160,Aposentado,PROFESSOR DO MAGISTERIO SUPERIOR,Sem função
986360,Ativo,SECRETARIO EXECUTIVO,Sem função
1532044,Aposentado,PROFESSOR DO MAGISTERIO SUPERIOR,Sem função
1156094,Aposentado,PROFESSOR DO MAGISTERIO SUPERIOR,Sem função
1355474,Ativo,PROFESSOR DO MAGISTERIO SUPERIOR,Sem função
1246132,Ativo,ASSISTENTE EM ADMINISTRACAO,Sem função
2756944,Pensionista,PROFESSOR DO MAGISTERIO SUPERIOR,Sem função
2693383,Ativo,TELEFONISTA,Sem função
2081860,Ativo,PROFESSOR DO MAGISTERIO SUPERIOR,Sem função
1262078,Ativo,ASSISTENTE EM ADMINISTRACAO,Sem função
3448480,Ativo,ASSISTENTE EM ADMINISTRACAO,Sem função
856230,Ativo,TECNICO EM CONTABILIDADE,Sem função
761890,Aposentado,AUX EM ADMINISTRACAO,Sem função
2578629,Pensionista,PROFESSOR DO MAGISTERIO SUPERIOR,Sem função
270673,Ativo,TECNICO EM ASSUNTOS EDUCACIONAIS,Sem função
3272310,Ativo,ASSISTENTE EM ADMINISTRACAO,Sem função
3272310,Ativo,Sem informaç,CD 000.4
1420068,Ativo,VIGILANTE,Sem função
1585280,Ativo,PROFESSOR DO MAGISTERIO SUPERIOR,Sem função
1585280,Ativo,Sem informaç,FUC 000.1
3851757,Ativo,MEDICO RESIDENTE,Sem função
753272,Ativo,ECONOMISTA,Sem função
3729850,Ativo,PROFESSOR DO MAGISTERIO SUPERIOR,Sem função
2393839,Ativo,PROFESSOR DO MAGISTERIO SUPERIOR,Sem função
1692208,Pensionista,ENFERMEIRO-AREA,Sem função
1212160,Aposentado,BIOMEDICO,Sem função
859856,Ativo,PROFESSOR DO MAGISTERIO SUPERIOR,Sem função
3445621,Aposentado,PROFESSOR DO MAGISTERIO SUPERIOR,Sem função
3330870,Ativo,PROFESSOR DO MAGISTERIO SUPERIOR,Sem função
1322118,Ativo,AUX EM ADMINISTRACAO,Sem função
3188785,Ativo,ANALISTA DE TEC DA INFORMACAO,Sem função
1813480,Ativo,PROFESSOR DO MAGISTERIO SUPERIOR,Sem função
747370,Aposentado,PROFESSOR DO MAGISTERIO SUPERIOR,Sem função
1026351,Ativo,MEDICO RESIDENTE,Sem função
307821,Ativo,ASSISTENTE EM ADMINISTRACAO,Sem função
3706608,Ativo,ASSISTENTE EM ADMINISTRACAO,Sem função
3728862,Ativo,QUIMICO,Sem função
1343431,Ativo,PROFESSOR DO MAGISTERIO SUPERIOR,Sem função
1412439,Ativo,PROFESSOR DO MAGISTERIO SUPERIOR,Sem função
3697629,Ativo,ATENDENTE DE ENFERMAGEM,Sem função
1344460,Ativo,MEDICO-AREA,Sem função
1672617,Aposentado,PROFESSOR DO MAGISTERIO SUPERIOR,Sem função
1672617,Aposentado,PROFESSOR DO MAGISTERIO SUPERIOR,Sem função
1696589,Ativo,PROFESSOR DO MAGISTERIO SUPERIOR,Sem função
1978805,Ativo,TECNICO EM CONTABILIDADE,Sem função
1007674,Ativo,AUXILIAR DE ENFERMAGEM,Sem função
3919912,Ativo,MEDICO RESIDENTE,Sem função
3539155,Ativo,TEC DE TECNOLOGIA DA INFORMACAO,Sem função
961133,Ativo,TEC EM SEGURANCA DO TRABALHO,Sem função
2363609,Ativo,PROFESSOR DO MAGISTERIO SUPERIOR,Sem função
739628,Aposentado,PROCURADOR FEDERAL,Sem função
1083815,Ativo,ASSISTENTE EM ADMINISTRACAO,Sem função
3093947,Ativo,PROFESSOR MAGISTERIO SUPERIOR-SUBSTITUTO,Sem função
1471191,Aposentado,TECNICO EM ASSUNTOS EDUCACIONAIS,Sem função
1913124,Ativo,PROFESSOR DO MAGISTERIO SUPERIOR,Sem função
1772321,Aposentado,PROFESSOR DO MAGISTERIO SUPERIOR,Sem função
2188494,Ativo,PROFESSOR DO MAGISTERIO SUPERIOR,Sem função
1876296,Aposentado,VIGILANTE,Sem função
860234,Aposentado,AUXILIAR DE ENFERMAGEM,Sem função
1808856,Aposentado,MOTORISTA,Sem função
1375656,Pensionista,PROFESSOR DO MAGISTERIO SUPERIOR,Sem função
1375656,Pensionista,PROFESSOR DO MAGISTERIO SUPERIOR,Sem função
1664123,Aposentado,PROFESSOR DO MAGISTERIO SUPERIOR,Sem função
3361289,Aposentado,PROFESSOR DO MAGISTERIO SUPERIOR,Sem função
2533689,Ativo,ASSISTENTE EM ADMINISTRACAO,Sem função
2533689,Ativo,Sem informaç,FG 000.2
1265607,Ativo,BIOLOGO,Sem função
894864,Aposentado,PROFESSOR DO MAGISTERIO SUPERIOR,Sem função
2249498,Ativo,PROFESSOR DO MAGISTERIO SUPERIOR,Sem função
2249498,Ativo,Sem informaç,FUC 000.1
2207846,Ativo,MEDICO RESIDENTE,Sem função
3278688,Ativo,ANALISTA DE TEC DA INFORMACAO,Sem função
412222,Ativo,TECNICO DE LABORATORIO AREA,Sem função
2805512,Ativo,PROFESSOR DO MAGISTERIO SUPERIOR,Sem função
1488002,Pensionista,TECNICO DE LABORATORIO AREA,Sem função
1311270,Ativo,ASSISTENTE EM ADMINISTRACAO,Sem função
155303,Pensionista,ASSISTENTE EM ADMINISTRACAO,Sem função
3803138,Aposentado,PROFESSOR DO MAGISTERIO SUPERIOR,Sem função
2772222,Aposentado,ASSISTENTE EM ADMINISTRACAO,Sem função
2617374,Ativo,PSICOLOGO-AREA,Sem função
2334388,Pensionista,MEDICO-AREA,Sem função
404496,Ativo,PROFESSOR DO MAGISTERIO SUPERIOR,Sem função
404496,Ativo,Sem informaç,FUC 000.1
122507,Ativo,PROFESSOR MAGISTERIO SUPERIOR-SUBSTITUTO,Sem função
2526642,Aposentado,MEDICO-AREA,Sem função
2557132,Aposentado,PROFESSOR DO MAGISTERIO SUPERIOR,Sem função
829088,Ativo,PROFESSOR DO MAGISTERIO SUPERIOR,Sem função
3650234,Aposentado,COPEIRO,Sem função
1054658,Ativo,AUXILIAR DE ENFERMAGEM,Sem função
723257,Pensionista,RECEPCIONISTA,Sem função
1923171,Aposentado,AUXILIAR DE ARTES GRAFICAS,Sem função
1716674,Ativo,PROFESSOR DO MAGISTERIO SUPERIOR,Sem função
1716674,Ativo,Sem informaç,FG 000.1
2980983,Ativo,ARQUITETO E URBANISTA,Sem função
28102,Ativo,ASCENSORISTA,Sem função
2364088,Aposentado,ASSISTENTE EM ADMINISTRACAO,Sem função
3291921,Ativo,TECNICO EM ENFERMAGEM,Sem função
448630,Ativo,FISIOTERAPEUTA,Sem função
2982535,Aposentado,PROFESSOR DO MAGISTERIO SUPERIOR,Sem função
799469,Ativo,ASSISTENTE EM ADMINISTRACAO,Sem função
1721467,Ativo,TECNICO DE LABORATORIO AREA,Sem função
601775,Ativo,PROFESSOR MAGISTERIO SUPERIOR-SUBSTITUTO,Sem função
3237405,Aposentado,DIRETOR DE PRODUCAO,Sem função
476596,Ativo,PROFESSOR DO MAGISTERIO SUPERIOR,Sem função
2684890,Ativo,MEDICO RESIDENTE,Sem função
2109323,Ativo,PROFESSOR DO MAGISTERIO SUPERIOR,Sem função
3698580,Ativo,DESENHISTA DE ARTES GRAFICAS,Sem função
281187,Ativo,ASSISTENTE EM ADMINISTRACAO,Sem função
3450552,Ativo,ENGENHEIRO-AREA,Sem função
1883357,Aposentado,PROFESSOR DO MAGISTERIO SUPERIOR,Sem função
3162524,Aposentado,AUX EM ADMINISTRACAO,Sem função
2508846,Ativo,PROFESSOR DO MAGISTERIO SUPERIOR,Sem função
1147791,Ativo,PROFESSOR DO MAGISTERIO SUPERIOR,Sem função
2353179,Ativo,ELETRICISTA,Sem função
1515029,Ativo,PROFESSOR DO MAGISTERIO SUPERIOR,Sem função
583860,Ativo,ASSISTENTE EM ADMINISTRACAO,Sem função
3527464,Aposentado,PROFESSOR DO MAGISTERIO SUPERIOR,Sem função
348274,Ativo,ASSISTENTE EM ADMINISTRACAO,Sem função
547655,Ativo,QUIMICO,Sem função
3858413,Ativo,ASSISTENTE EM ADMINISTRACAO,Sem função
2326383,Ativo,PROFESSOR DO MAGISTERIO SUPERIOR,Sem função
2924450,Ativo,PROFESSOR DO MAGISTERIO SUPERIOR,Sem função
2953499,Ativo,ASSISTENTE EM ADMINISTRACAO,Sem função
1262124,Ativo,AUXILIAR DE ENFERMAGEM,Sem função
2627524,Aposentado,PROFESSOR DO MAGISTERIO SUPERIOR,Sem função
430595,Ativo,TECNICO EM ENFERMAGEM,Sem função
2145260,Aposentado,QUIMICO,Sem função
174751,Aposentado,AUXILIAR DE ENFERMAGEM,Sem função
3534548,Pensionista,VIGILANTE,Sem função
2214288,Aposentado,PROFESSOR DO MAGISTERIO SUPERIOR,Sem função
3435820,Pensionista,AUX EM ADMINISTRACAO,Sem função
2563645,Aposentado,AUXILIAR DE ENFERMAGEM,Sem função
3118354,Ativo,CONTADOR,Sem função
3118354,Ativo,Sem informaç,FG 000.2
1726751,Pensionista,PROFESSOR 3 GRAU,Sem função
3328164,Pensionista,AUXILIAR OPERACIONAL,Sem função
2825258,Aposentado,ASSISTENTE EM ADMINISTRACAO,Sem função
3228195,Ativo,PROFESSOR DO MAGISTERIO SUPERIOR,Sem função
1122653,Aposentado,ASSISTENTE EM ADMINISTRACAO,Sem função
2911740,Ativo,PROFESSOR DO MAGISTERIO SUPERIOR,Sem função
2845002,Ativo,ASSISTENTE EM ADMINISTRACAO,Sem função
2845002,Ativo,Sem informaç,CD 000.4
2911409,Ativo,MEDICO RESIDENTE,Sem função
3252865,Ativo,AUX EM ADMINISTRACAO,Sem função
3252865,Ativo,Sem informaç,FG 000.1
869553,Pensionista,PROFESSOR DO MAGISTERIO SUPERIOR,Sem função
2884337,Ativo,AUXILIAR DE ENFERMAGEM,Sem função
3791214,Pensionista,PROFESSOR DO MAGISTERIO SUPERIOR,Sem função
1003659,Ativo,VIGILANTE,Sem função
2235798,Aposentado,AUX EM ADMINISTRACAO,Sem função
915490,Aposentado,VIGILANTE,Sem função
2756705,Aposentado,ASSISTENTE EM ADMINISTRACAO,Sem função
3041878,Ativo,PROFESSOR DO MAGISTERIO SUPERIOR,Sem função
714634,Pensionista,ASSISTENTE EM ADMINISTRACAO,Sem função
602955,Aposentado,BIBLIOTECARIO-DOCUMENTALISTA,Sem função
1085098,Pensionista,PROFESSOR DO MAGISTERIO SUPERIOR,Sem função
1085098,Pensionista,PROFESSOR DO MAGISTERIO SUPERIOR,Sem função
327479,Aposentado,PROFESSOR DO MAGISTERIO SUPERIOR,Sem função
817336,Ativo,SECRETARIO EXECUTIVO,Sem função
1312119,Ativo,ADMINISTRADOR DE EDIFICIOS,Sem função
1312119,Ativo,Sem informaç,FG 000.2
1227500,Ativo,PROFESSOR DO MAGISTERIO SUPERIOR,Sem função
1227500,Ativo,Sem informaç,FG 000.1
2466648,Ativo,PROFESSOR MAGISTERIO SUPERIOR-SUBSTITUTO,Sem função
3453937,Ativo,DESENHISTA DE ARTES GRAFICAS,Sem função
2925466,Ativo,AUX EM ADMINISTRACAO,Sem função
1770576,Ativo,PROFESSOR DO MAGISTERIO SUPERIOR,Sem função
799317,Ativo,TECNOLOGO-FORMACAO,Sem função
1203271,Ativo,TECNICO EM CONTABILIDADE,Sem função
1203271,Ativo,Inválido,Sem função
2469675,Ativo,TECNICO EM CONTABILIDADE,Sem função
2347386,Ativo,PROFESSOR DO MAGISTERIO SUPERIOR,Sem função
511562,Aposentado,ASSISTENTE EM ADMINISTRACAO,Sem função
3016927,Ativo,TECNICO DE LABORATORIO AREA,Sem função
510668,Ativo,SECRETARIO EXECUTIVO,Sem função
617391,Ativo,PROFESSOR DO MAGISTERIO SUPERIOR,Sem função
2362660,Ativo,ARQUEOLOGO,Sem função
1272779,Ativo,PROGRAMADOR VISUAL,Sem função
3010088,Ativo,ASSISTENTE SOCIAL,Sem função
2462889,Ativo,PROFESSOR DO MAGISTERIO SUPERIOR,Sem função
3248250,Ativo,PROFESSOR DO MAGISTERIO SUPERIOR,Sem função
1219057,Ativo,AUXILIAR DE ENFERMAGEM,Sem função
2753165,Aposentado,PROFESSOR DO MAGISTERIO SUPERIOR,Sem função
2293769,Ativo,PROFESSOR DO MAGISTERIO SUPERIOR,Sem função
3348262,Ativo,AUXILIAR DE ENFERMAGEM,Sem função
171697,Ativo,ASSISTENTE EM ADMINISTRACAO,Sem função
2148360,Aposentado,RECEPCIONISTA,Sem função
322707,Pensionista,PROFESSOR DO MAGISTERIO SUPERIOR,Sem função
649564,Pensionista,PROFESSOR DO MAGISTERIO SUPERIOR,Sem função
2860758,Ativo,PROFESSOR DO MAGISTERIO SUPERIOR,Sem função
1090865,Ativo,SECRETARIO EXECUTIVO,Sem função
344951,Pensionista,PEDREIRO,Sem função
3323292,Ativo,TECNICO DE LABORATORIO AREA,Sem função
2063265,Ativo,ESTATISTICO,Sem função
3386748,Aposentado,ASSISTENTE EM ADMINISTRACAO,Sem função
2463223,Pensionista,PROFESSOR DO MAGISTERIO SUPERIOR,Sem função
2463223,Pensionista,PROFESSOR DO MAGISTERIO SUPERIOR,Sem função
2545400,Aposentado,TECNICO EM RADIOLOGIA,Sem função
429218,Ativo,SERVENTE DE LIMPEZA,Sem função
1453437,Aposentado,VIGILANTE,Sem função
161695,Pensionista,ASSISTENTE EM ADMINISTRACAO,Sem função
188062,Aposentado,PROFESSOR DO MAGISTERIO SUPERIOR,Sem função
904109,Aposentado,AUXILIAR DE ENFERMAGEM,Sem função
2742628,Pensionista,MECANICO,Sem função
153782,Pensionista,TECNICO EM CONTABILIDADE,Sem função
1162022,Aposentado,BOMBEIRO HIDRAULICO,Sem função
275478,Ativo,PROFESSOR DO MAGISTERIO SUPERIOR,Sem função
1041835,Ativo,PROFESSOR DO MAGISTERIO SUPERIOR,Sem função
723612,Aposentado,ASSISTENTE EM ADMINISTRACAO,Sem função
1793571,Aposentado,PROFESSOR DO MAGISTERIO SUPERIOR,Sem função
2583309,Pensionista,RECEPCIONISTA,Sem função
2414944,Ativo,ASSISTENTE SOCIAL,Sem função
155831,Aposentado,ASSISTENTE SOCIAL,Sem função
155831,Pensionista,PROFESSOR DO MAGISTERIO SUPERIOR,Sem função
2199632,Pensionista,DIRETOR DE PRODUCAO,Sem função
3557168,Aposentado,ASSISTENTE EM ADMINISTRACAO,Sem função
2117879,Pensionista,VIGILANTE,Sem função
44016,Ativo,PROFESSOR DO MAGISTERIO SUPERIOR,Sem função
2938102,Ativo,ODONTOLOGO - 40 HORAS,Sem função
1039298,Ativo,TECNICO EM ARQUIVO,Sem função
1350662,Ativo,ASSISTENTE EM ADMINISTRACAO,Sem função
972221,Ativo,PROFESSOR DO MAGISTERIO SUPERIOR,Sem função
1542689,Ativo,TECNICO DE LABORATORIO AREA,Sem função
2345432,Aposentado,ENFERMEIRO-AREA,Sem função
2133986,Aposentado,ASSISTENTE EM ADMINISTRACAO,Sem função
949093,Aposentado,PROFESSOR DO MAGISTERIO SUPERIOR,Sem função
932702,Pensionista,OPERADOR DE MAQUINA COPIADORA,Sem função
3671027,Pensionista,ACOUGUEIRO,Sem função
2938078,Ativo,PROFESSOR DO MAGISTERIO SUPERIOR,Sem função
2322649,Ativo,ASSISTENTE EM ADMINISTRACAO,Sem função
2322649,Ativo,Sem informaç,FG 000.1
3736163,Pensionista,ASSISTENTE EM ADMINISTRACAO,Sem função
98134,Aposentado,ASSISTENTE EM ADMINISTRACAO,Sem função
233902,Ativo,ASSISTENTE EM ADMINISTRACAO,Sem função
2577117,Aposentado,PROFESSOR DO MAGISTERIO SUPERIOR,Sem função
3259824,Pensionista,AUXILIAR DE ENFERMAGEM,Sem função
44491,Aposentado,ASSISTENTE EM ADMINISTRACAO,Sem função
328645,Aposentado,TECNICO EM CONTABILIDADE,Sem função
1720813,Pensionista,VIGILANTE,Sem função
3228970,Aposentado,TECNICO EM ASSUNTOS EDUCACIONAIS,Sem função
2121024,Aposentado,SERVENTE DE LIMPEZA,Sem função
3737073,Aposentado,ATENDENTE DE ENFERMAGEM,Sem função
2321378,Aposentado,AUX EM ADMINISTRACAO,Sem função
1783263,Pensionista,PROFESSOR 3 GRAU,Sem função
2274958,Ativo,PROFESSOR DO MAGISTERIO SUPERIOR,Sem função
715997,Pensionista,TECNICO EM ARTES GRAFICAS,Sem função
2191162,Aposentado,AUXILIAR DE ENFERMAGEM,Sem função
2399227,Ativo,PROFESSOR DO MAGISTERIO SUPERIOR,Sem função
3662093,Pensionista,VIGILANTE,Sem função
3730943,Aposentado,BIBLIOTECARIO-DOCUMENTALISTA,Sem função
3362940,Pensionista,RECEPCIONISTA,Sem função
736474,Pensionista,RECEPCIONISTA,Sem função
770785,Pensionista,TECNICO DE LABORATORIO AREA,Sem função
2188409,Pensionista,MARCENEIRO,Sem função
715299,Aposentado,AUXILIAR DE SAUDE,Sem função
2645596,Aposentado,ASSISTENTE EM ADMINISTRACAO,Sem função
1782265,Pensionista,RECEPCIONISTA,Sem função
445736,Aposentado,TELEFONISTA,Sem função
3574382,Pensionista,PROFESSOR DO MAGISTERIO SUPERIOR,Sem função
3798904,Pensionista,ASSISTENTE EM ADMINISTRACAO,Sem função
2035713,Aposentado,TECNICO EM CONTABILIDADE,Sem função
1690609,Aposentado,AUXILIAR DE ENFERMAGEM,Sem função
712234,Pensionista,RECEPCIONISTA,Sem função
2865811,Ativo,TEC DE TECNOLOGIA DA INFORMACAO,Sem função
998813,Pensionista,MESTRE DE EDIF E INFRAESTRUTURA,Sem função
3239491,Ativo,PROFESSOR DO MAGISTERIO SUPERIOR,Sem função
1893714,Aposentado,ASSISTENTE EM ADMINISTRACAO,Sem função
3555253,Ativo,TECNICO EM RADIOLOGIA,Sem função
1432410,Ativo,PROFESSOR DO MAGISTERIO SUPERIOR,Sem função
1432410,Ativo,Sem informaç,FG 000.1
2307287,Aposentado,ASSISTENTE EM ADMINISTRACAO,Sem função
237393,Ativo,TRADUTOR INTERPRETE DE LINGUAGEM SINAIS,Sem função
237393,Ativo,Sem informaç,FG 000.1
3727072,Aposentado,ASSISTENTE EM ADMINISTRACAO,Sem função
2367362,Ativo,ASSISTENTE EM ADMINISTRACAO,Sem função
2586517,Pensionista,CARPINTEIRO,Sem função
1899854,Pensionista,BOMBEIRO HIDRAULICO,Sem função
3565000,Aposentado,PROFESSOR DO MAGISTERIO SUPERIOR,Sem função
899202,Pensionista,TEC EM ELETROELETRONICA,Sem função
1971280,Pensionista,PORTEIRO,Sem função
1728410,Pensionista,TECNICO EM ARTES GRAFICAS,Sem função
1367186,Ativo,ASSISTENTE EM ADMINISTRACAO,Sem função
2834989,Ativo,TECNICO EM CONTABILIDADE,Sem função
3339181,Aposentado,TECNICO EM ASSUNTOS EDUCACIONAIS,Sem função
3463460,Ativo,PROFESSOR MAGISTERIO SUPERIOR-SUBSTITUTO,Sem função
532526,Ativo,ENFERMEIRO-AREA,Sem função
2106245,Ativo,PROFESSOR DO MAGISTERIO SUPERIOR,Sem função
1712059,Ativo,ASSISTENTE EM ADMINISTRACAO,Sem função
1712059,Ativo,Inválido,Sem função
1170977,Ativo,TECNICO EM ASSUNTOS EDUCACIONAIS,Sem função
2851200,Ativo,PROFESSOR DO MAGISTERIO SUPERIOR,Sem função
2851200,Ativo,Sem informaç,FUC 000.1
2665989,Ativo,PROFESSOR MAGISTERIO SUPERIOR-SUBSTITUTO,Sem função
947145,Pensionista,ASSISTENTE EM ADMINISTRACAO,Sem função
2221288,Pensionista,PROFESSOR DO MAGISTERIO SUPERIOR,Sem função
2735701,Pensionista,AUXILIAR DE SAUDE,Sem função
356471,Aposentado,AUXILIAR DE ENFERMAGEM,Sem função
800812,Aposentado,TECNICO EM ASSUNTOS EDUCACIONAIS,Sem função
2173733,Aposentado,PROFESSOR DO MAGISTERIO SUPERIOR,Sem função
307370,Aposentado,MEDICO-AREA,Sem função
2603495,Pensionista,PROFESSOR DO MAGISTERIO SUPERIOR,Sem função
3648143,Pensionista,PROFESSOR DO MAGISTERIO SUPERIOR,Sem função
2341150,Aposentado,PROFESSOR DO MAGISTERIO SUPERIOR,Sem função
2625863,Ativo,PROFESSOR MAGISTERIO SUPERIOR-SUBSTITUTO,Sem função
1994473,Ativo,ASSISTENTE EM ADMINISTRACAO,Sem função
2557024,Aposentado,PROFESSOR DO MAGISTERIO SUPERIOR,Sem função
54597,Ativo,PROFESSOR DO MAGISTERIO SUPERIOR,Sem função
1885234,Aposentado,ASSISTENTE EM ADMINISTRACAO,Sem função
3251062,Aposentado,ASSISTENTE EM ADMINISTRACAO,Sem função
3353213,Ativo,TECNICO EM ENFERMAGEM,Sem função
1324625,Ativo,PROFESSOR MAGISTERIO SUPERIOR-SUBSTITUTO,Sem função
1341378,Ativo,PROFESSOR DO MAGISTERIO SUPERIOR,Sem função
2355611,Ativo,PROFESSOR DO MAGISTERIO SUPERIOR,Sem função
2355611,Pensionista,PROFESSOR DO MAGISTERIO SUPERIOR,Sem função
1508849,Aposentado,PROFESSOR DO MAGISTERIO SUPERIOR,Sem função
793208,Ativo,ASSISTENTE EM ADMINISTRACAO,Sem função
665373,Ativo,ASSISTENTE EM ADMINISTRACAO,Sem função
1666632,Aposentado,COPEIRO,Sem função
1797594,Aposentado,ADMINISTRADOR,Sem função
2806145,Ativo,AUX EM ADMINISTRACAO,Sem função
2806145,Ativo,Sem informaç,FG 000.2
1273438,Ativo,ASSISTENTE EM ADMINISTRACAO,Sem função
2826434,Ativo,PROFESSOR DO MAGISTERIO SUPERIOR,Sem função
3755838,Ativo,PROFESSOR DO MAGISTERIO SUPERIOR,Sem função
3755838,Ativo,Sem informaç,FG 000.1
1875091,Ativo,MEDICO-AREA,Sem função
3854012,Ativo,MEDICO RESIDENTE,Sem função
1093492,Ativo,TECNICO EM ASSUNTOS EDUCACIONAIS,Sem função
2202569,Ativo,TECNICO EM ENFERMAGEM,Sem função
558509,Ativo,PROFESSOR DO MAGISTERIO SUPERIOR,Sem função
3855756,Ativo,MEDICO RESIDENTE,Sem função
2458280,Ativo,AUX EM ADMINISTRACAO,Sem função
2458280,Ativo,Sem informaç,FG 000.1
216880,Ativo,PROFESSOR DO MAGISTERIO SUPERIOR,Sem função
2265821,Ativo,PROFESSOR DO MAGISTERIO SUPERIOR,Sem função
3851644,Ativo,ASSISTENTE EM ADMINISTRACAO,Sem função
2326966,Ativo,PROFESSOR DO MAGISTERIO SUPERIOR,Sem função
2947989,Ativo,NUTRICIONISTA-HABILITACAO,Sem função
2947989,Ativo,Sem informaç,GF 002.7
1800578,Ativo,ASSISTENTE SOCIAL,Sem função
3859060,Ativo,MEDICO RESIDENTE,Sem função
1313714,Ativo,TECNICO EM ENFERMAGEM,Sem função
219899,Ativo,AUXILIAR DE LABORATORIO,Sem função
3849048,Pensionista,PROFESSOR DO MAGISTERIO SUPERIOR,Sem função
1006004,Aposentado,PROFESSOR DO MAGISTERIO SUPERIOR,Sem função
1006004,Aposentado,PROFESSOR DO MAGISTERIO SUPERIOR,Sem função
978774,Ativo,PROFESSOR DO MAGISTERIO SUPERIOR,Sem função
1226521,Ativo,ADMINISTRADOR,Sem função
1183690,Ativo,TECNICO EM RADIOLOGIA,Sem função
2752338,Pensionista,MOTORISTA,Sem função
2327920,Ativo,CONTADOR,Sem função
2327920,Ativo,Sem informaç,FG 000.1
42275,Ativo,MEDICO-AREA,Sem função
2654134,Aposentado,BIBLIOTECARIO-DOCUMENTALISTA,Sem função
850798,Aposentado,TECNICO EM ASSUNTOS EDUCACIONAIS,Sem função
1159423,Ativo,PROFESSOR DO MAGISTERIO SUPERIOR,Sem função
2694774,Ativo,NUTRICIONISTA-HABILITACAO,Sem função
408460,Ativo,TECNICO DE LABORATORIO AREA,Sem função
3069404,Ativo,CONTADOR,Sem função
3069404,Ativo,Sem informaç,FG 000.1
2677854,Aposentado,SECRETARIO EXECUTIVO,Sem função
3635863,Aposentado,TECNICO DE LABORATORIO AREA,Sem função
1712829,Pensionista,PROFESSOR DO MAGISTERIO SUPERIOR,Sem função
2226289,Ativo,TEC DE TECNOLOGIA DA INFORMACAO,Sem função
2092624,Ativo,VIGILANTE,Sem função
949960,Aposentado,CONTADOR,Sem função
949960,Aposentado,PROFESSOR DO MAGISTERIO SUPERIOR,Sem função
1231624,Ativo,VIGILANTE,Sem função
429649,Ativo,VIGILANTE,Sem função
2226916,Ativo,AUXILIAR DE ENFERMAGEM,Sem função
3410292,Aposentado,PROFESSOR DO MAGISTERIO SUPERIOR,Sem função
2366027,Ativo,VESTIARISTA,Sem função
3757397,Ativo,PROFESSOR DO MAGISTERIO SUPERIOR,Sem função
2240429,Ativo,AUX EM ADMINISTRACAO,Sem função
2240429,Ativo,Sem informaç,FEX 010.7
1565531,Aposentado,PROFESSOR DO MAGISTERIO SUPERIOR,Sem função
2766222,Ativo,ASSISTENTE EM ADMINISTRACAO,Sem função
3416120,Ativo,ASSISTENTE EM ADMINISTRACAO,Sem função
1010035,Ativo,ASSISTENTE EM ADMINISTRACAO,Sem função
2825742,Ativo,TECNICO EM EDIFICACOES,Sem função
1337881,Ativo,SECRETARIO EXECUTIVO,Sem função
1090890,Ativo,PROFESSOR DO MAGISTERIO SUPERIOR,Sem função
825753,Aposentado,PROFESSOR DO MAGISTERIO SUPERIOR,Sem função
825753,Pensionista,PROFESSOR DO MAGISTERIO SUPERIOR,Sem função
15552,Ativo,CENOTECNICO,Sem função
314275,Ativo,TECNICO DE LABORATORIO AREA,Sem função
1151127,Ativo,PROFESSOR MAGISTERIO SUPERIOR-SUBSTITUTO,Sem função
1708291,Ativo,ADMINISTRADOR DE EDIFICIOS,Sem função
751955,Aposentado,PROFESSOR DO MAGISTERIO SUPERIOR,Sem função
1552296,Ativo,TECNICO DE LABORATORIO AREA,Sem função
469699,Ativo,ASSISTENTE EM ADMINISTRACAO,Sem função
2628928,Aposentado,AUXILIAR DE ENFERMAGEM,Sem função
3069371,Ativo,AUX EM ADMINISTRACAO,Sem função
2160439,Aposentado,PROFESSOR DO MAGISTERIO SUPERIOR,Sem função
2160439,Aposentado,PROFESSOR DO MAGISTERIO SUPERIOR,Sem função
2160439,Pensionista,PROFESSOR 3 GRAU,Sem função
2160439,Pensionista,PROFESSOR 3 GRAU,Sem função
3057499,Ativo,TECNICO EM RADIOLOGIA,Sem função
306314,Pensionista,ASSISTENTE EM ADMINISTRACAO,Sem função
392907,Ativo,ASSISTENTE EM ADMINISTRACAO,Sem função
392907,Ativo,Sem informaç,FG 000.1
3098350,Ativo,ASSISTENTE EM ADMINISTRACAO,Sem função
1670663,Aposentado,PROFESSOR DO MAGISTERIO SUPERIOR,Sem função
1719060,Ativo,FONOAUDIOLOGO,Sem função
416592,Ativo,ASSISTENTE EM ADMINISTRACAO,Sem função
2073992,Aposentado,PSICOLOGO-AREA,Sem função
327766,Aposentado,PROFESSOR 3 GRAU,Sem função
913520,Aposentado,VIGILANTE,Sem função
3770869,Aposentado,PROFESSOR DO MAGISTERIO SUPERIOR,Sem função
3234191,Ativo,ASSISTENTE EM ADMINISTRACAO,Sem função
748801,Pensionista,VIGILANTE,Sem função
258586,Ativo,AUXILIAR DE ENFERMAGEM,Sem função
2782719,Aposentado,AUXILIAR DE ENFERMAGEM,Sem função
2561335,Ativo,PROFESSOR DO MAGISTERIO SUPERIOR,Sem função
1654767,Pensionista,ATENDENTE DE CONSULTORIO-AREA,Sem função
2564859,Aposentado,ASSISTENTE EM ADMINISTRACAO,Sem função
3037104,Ativo,SERVENTE DE LIMPEZA,Sem função
2614950,Pensionista,CONTINUO,Sem função
1783378,Aposentado,PROFESSOR DO MAGISTERIO SUPERIOR,Sem função
3572608,Aposentado,AUXILIAR DE ENFERMAGEM,Sem função
2790147,Pensionista,PROFESSOR DO MAGISTERIO SUPERIOR,Sem função
1636006,Pensionista,CONTRAMESTRE-OFICIO,Sem função
656481,Aposentado,ECONOMISTA,Sem função
1349184,Aposentado,ASSISTENTE SOCIAL,Sem função
2079732,Aposentado,PROFESSOR DO MAGISTERIO SUPERIOR,Sem função
2073124,Aposentado,CONTINUO,Sem função
2223313,Aposentado,PROFESSOR DO MAGISTERIO SUPERIOR,Sem função
3039682,Ativo,VIGILANTE,Sem função
1249243,Aposentado,SERVENTE DE LIMPEZA,Sem função
370737,Pensionista,PROFESSOR DO MAGISTERIO SUPERIOR,Sem função
2277268,Ativo,PROFESSOR DO MAGISTERIO SUPERIOR,Sem função
2344138,Ativo,SERVENTE DE LIMPEZA,Sem função
1185058,Ativo,ASSISTENTE EM ADMINISTRACAO,Sem função
269064,Aposentado,VIGILANTE,Sem função
832280,Aposentado,VIDREIRO,Sem função
3623252,Pensionista,PROFESSOR 3 GRAU,Sem função
1106229,Ativo,TECNICO EM ENFERMAGEM,Sem função
3728370,Aposentado,TECNICO EM ASSUNTOS EDUCACIONAIS,Sem função
74176,Ativo,VIGILANTE,Sem função
74176,Pensionista,VIGILANTE,Sem função
1860082,Aposentado,PROFESSOR DO MAGISTERIO SUPERIOR,Sem função
1326780,Ativo,AUXILIAR DE ENFERMAGEM,Sem função
3379649,Pensionista,PORTEIRO,Sem função
1101677,Ativo,AUXILIAR DE ENFERMAGEM,Sem função
1721118,Pensionista,RECEPCIONISTA,Sem função
2726196,Pensionista,VIGILANTE,Sem função
3790216,Aposentado,SERVENTE DE LIMPEZA,Sem função
3174497,Aposentado,CONTINUO,Sem função
1431054,Pensionista,PROFESSOR DO MAGISTERIO SUPERIOR,Sem função
3714134,Ativo,ASSISTENTE EM ADMINISTRACAO,Sem função
3714134,Ativo,Sem informaç,FG 000.3
3033339,Ativo,PROFESSOR DO MAGISTERIO SUPERIOR,Sem função
3792561,Aposentado,PROFESSOR DO MAGISTERIO SUPERIOR,Sem função
2202525,Pensionista,ASSISTENTE EM ADMINISTRACAO,Sem função
3520730,Aposentado,AUXILIAR DE ENFERMAGEM,Sem função
2293907,Aposentado,PROFESSOR DO MAGISTERIO SUPERIOR,Sem função
2139748,Pensionista,OPERADOR DE MAQUINA COPIADORA,Sem função
3393124,Aposentado,ASSISTENTE EM ADMINISTRACAO,Sem função
1154877,Aposentado,ASSISTENTE EM ADMINISTRACAO,Sem função
343732,Pensionista,PORTEIRO,Sem função
270735,Aposentado,ASSISTENTE EM ADMINISTRACAO,Sem função
1787447,Ativo,PROFESSOR DO MAGISTERIO SUPERIOR,Sem função
3697352,Ativo,ENFERMEIRO-AREA,Sem função
1733091,Aposentado,AUXILIAR DE ENFERMAGEM,Sem função
1733091,Pensionista,CONTINUO,Sem função
838261,Aposentado,PROFESSOR DO MAGISTERIO SUPERIOR,Sem função
2573326,Pensionista,DESENHISTA DE ARTES GRAFICAS,Sem função
2845249,Aposentado,TEC DE TECNOLOGIA DA INFORMACAO,Sem função
3324280,Pensionista,MOTORISTA,Sem função
2276611,Ativo,AUXILIAR DE ENFERMAGEM,Sem função
2001341,Pensionista,TECNICO DE LABORATORIO AREA,Sem função
326904,Ativo,AUXILIAR DE SAUDE,Sem função
879815,Pensionista,MOTORISTA,Sem função
202788,Ativo,SERVENTE DE LIMPEZA,Sem função
112735,Ativo,TORNEIRO MECANICO,Sem função
1035989,Ativo,ASSISTENTE EM ADMINISTRACAO,Sem função
2932913,Ativo,TECNICO DE LABORATORIO AREA,Sem função
3859695,Ativo,MEDICO RESIDENTE,Sem função
932411,Pensionista,AUXILIAR DE ENFERMAGEM,Sem função
3557435,Pensionista,PROFESSOR DO MAGISTERIO SUPERIOR,Sem função
2302806,Pensionista,AUX EM ADMINISTRACAO,Sem função
1823366,Aposentado,ASSISTENTE EM ADMINISTRACAO,Sem função
1771263,Pensionista,CONTINUO,Sem função
530677,Aposentado,MEDICO-AREA,Sem função
3771806,Aposentado,PSICOLOGO-AREA,Sem função
1183948,Ativo,PROFESSOR DO MAGISTERIO SUPERIOR,Sem função
2700823,Aposentado,BIBLIOTECARIO-DOCUMENTALISTA,Sem função
3601015,Pensionista,PROFESSOR 3 GRAU,Sem função
2306329,Ativo,PROFESSOR DO MAGISTERIO SUPERIOR,Sem função
1570910,Ativo,PROFESSOR DO MAGISTERIO SUPERIOR,Sem função
1130318,Ativo,AUX EM ADMINISTRACAO,Sem função
2496085,Ativo,PROFESSOR MAGISTERIO SUPERIOR-SUBSTITUTO,Sem função
305727,Ativo,AUXILIAR DE ENFERMAGEM,Sem função
865438,Aposentado,ASSISTENTE EM ADMINISTRACAO,Sem função
2415885,Ativo,SERVENTE DE LIMPEZA,Sem função
808185,Ativo,PROFESSOR DO MAGISTERIO SUPERIOR,Sem função
3283940,Ativo,VIGILANTE,Sem função
2854643,Ativo,VIGILANTE,Sem função
314769,Pensionista,MOTORISTA,Sem função
170000,Ativo,ASSISTENTE EM ADMINISTRACAO,Sem função
1297503,Ativo,FARMACEUTICO-HABILITACAO,Sem função
1908864,Aposentado,ENFERMEIRO-AREA,Sem função
3790493,Aposentado,ENFERMEIRO-AREA,Sem função
3341113,Pensionista,AUX EM ADMINISTRACAO,Sem função
1754796,Ativo,ENFERMEIRO-AREA,Sem função
1243799,Ativo,PROFESSOR DO MAGISTERIO SUPERIOR,Sem função
1243799,Ativo,Sem informaç,FUC 000.1
2469936,Ativo,BIBLIOTECARIO-DOCUMENTALISTA,Sem função
3663193,Pensionista,ATENDENTE DE ENFERMAGEM,Sem função
2769575,Pensionista,TECNICO DE LABORATORIO AREA,Sem função
1818666,Pensionista,PROFESSOR 3 GRAU,Sem função
2229704,Ativo,ASSISTENTE EM ADMINISTRACAO,Sem função
1898908,Aposentado,ASSISTENTE EM ADMINISTRACAO,Sem função
1308934,Ativo,ASSISTENTE SOCIAL,Sem função
3160762,Ativo,PROFESSOR DO MAGISTERIO SUPERIOR,Sem função
226731,Ativo,SERVENTE DE LIMPEZA,Sem função
226731,Ativo,Sem informaç,GF 002.7
2454167,Pensionista,AUXILIAR DE ENFERMAGEM,Sem função
2075694,Aposentado,ASSISTENTE EM ADMINISTRACAO,Sem função
2075694,Pensionista,ASSISTENTE EM ADMINISTRACAO,Sem função
3367918,Pensionista,ASSISTENTE EM ADMINISTRACAO,Sem função
1778109,Aposentado,ENFERMEIRO-AREA,Sem função
2304202,Ativo,PROFESSOR DO MAGISTERIO SUPERIOR,Sem função
1006775,Ativo,ANALISTA DE TEC DA INFORMACAO,Sem função
1448710,Aposentado,TECNICO EM ENFERMAGEM,Sem função
2558076,Aposentado,PROFESSOR DO MAGISTERIO SUPERIOR,Sem função
985286,Aposentado,ATENDENTE DE ENFERMAGEM,Sem função
846973,Ativo,PROFESSOR DO MAGISTERIO SUPERIOR,Sem função
1088552,Ativo,ASSISTENTE EM ADMINISTRACAO,Sem função
3483177,Ativo,AUDITOR,Sem função
3483177,Ativo,Inválido,Sem função
3522381,Ativo,ENFERMEIRO-AREA,Sem função
3166800,Aposentado,PROFESSOR DO MAGISTERIO SUPERIOR,Sem função
1633785,Pensionista,ASSISTENTE EM ADMINISTRACAO,Sem função
2546718,Ativo,TEC DE TECNOLOGIA DA INFORMACAO,Sem função
557790,Ativo,ASSISTENTE EM ADMINISTRACAO,Sem função
1088819,Aposentado,PROCURADOR FEDERAL,Sem função
3395001,Ativo,VIGILANTE,Sem função
2092560,Ativo,VIGILANTE,Sem função
1286925,Ativo,ENFERMEIRO-AREA,Sem função
1286925,Ativo,Sem informaç,GF 002.7
133488,Aposentado,AUX EM ADMINISTRACAO,Sem função
3331970,Ativo,FISIOTERAPEUTA,Sem função
280556,Ativo,ASSISTENTE EM ADMINISTRACAO,Sem função
1115228,Ativo,FARMACEUTICO-HABILITACAO,Sem função
330401,Ativo,ADMINISTRADOR,Sem função
389255,Ativo,AUX EM ADMINISTRACAO,Sem função
1950930,Aposentado,ASSISTENTE EM ADMINISTRACAO,Sem função
3587554,Pensionista,PROFESSOR DO MAGISTERIO SUPERIOR,Sem função
3587554,Pensionista,PROFESSOR DO MAGISTERIO SUPERIOR,Sem função
46457,Ativo,AUX EM ADMINISTRACAO,Sem função
3697136,Ativo,TECNICO EM ENFERMAGEM,Sem função
1746566,Aposentado,TECNICO DE LABORATORIO AREA,Sem função
914314,Aposentado,AUXILIAR DE ENFERMAGEM,Sem função
3344975,Pensionista,PROFESSOR 3 GRAU,Sem função
3344975,Pensionista,PROFESSOR 3 GRAU,Sem função
1366240,Aposentado,PROFESSOR DO MAGISTERIO SUPERIOR,Sem função
1395770,Aposentado,ASCENSORISTA,Sem função
553696,Ativo,TECNICO DE LABORATORIO AREA,Sem função
1079030,Ativo,TECNICO EM ASSUNTOS EDUCACIONAIS,Sem função
2343354,Ativo,AUXILIAR DE ENFERMAGEM,Sem função
1762221,Aposentado,ASSISTENTE EM ADMINISTRACAO,Sem função
2891763,Ativo,VIGILANTE,Sem função
1140424,Ativo,AUX EM ADMINISTRACAO,Sem função
1140424,Ativo,Sem informaç,FG 000.2
640951,Ativo,PROFESSOR DO MAGISTERIO SUPERIOR,Sem função
640951,Aposentado,PROFESSOR DO MAGISTERIO SUPERIOR,Sem função
3230154,Ativo,ASSISTENTE EM ADMINISTRACAO,Sem função
1338053,Aposentado,VIGILANTE,Sem função
2363036,Aposentado,ASSISTENTE EM ADMINISTRACAO,Sem função
271843,Ativo,AUXILIAR DE ENFERMAGEM,Sem função
1070017,Ativo,PROFESSOR DO MAGISTERIO SUPERIOR,Sem função
2930439,Ativo,PROFESSOR DO MAGISTERIO SUPERIOR,Sem função
2932231,Ativo,ASSISTENTE EM ADMINISTRACAO,Sem função
1262329,Ativo,AUXILIAR DE ENFERMAGEM,Sem função
1860634,Ativo,TECNICO DE LABORATORIO AREA,Sem função
3259291,Ativo,PROFESSOR DO MAGISTERIO SUPERIOR,Sem função
1670447,Ativo,TECNICO EM ENFERMAGEM,Sem função
771050,Aposentado,PROFESSOR DO MAGISTERIO SUPERIOR,Sem função
2175528,Ativo,PROFESSOR DO MAGISTERIO SUPERIOR,Sem função
1498842,Ativo,PROFESSOR DO MAGISTERIO SUPERIOR,Sem função
3744669,Ativo,CONTRAMESTRE-OFICIO,Sem função
2641288,Pensionista,OPERADOR DE MAQUINA COPIADORA,Sem função
925296,Aposentado,AUXILIAR DE ENFERMAGEM,Sem função
3763338,Aposentado,RECEPCIONISTA,Sem função
1769682,Aposentado,PROFESSOR DO MAGISTERIO SUPERIOR,Sem função
2913760,Ativo,ASSISTENTE EM ADMINISTRACAO,Sem função
2387775,Aposentado,PROFESSOR DO MAGISTERIO SUPERIOR,Sem função
1379723,Ativo,PROFESSOR DO MAGISTERIO SUPERIOR,Sem função
725025,Ativo,TEC DE TECNOLOGIA DA INFORMACAO,Sem função
2755692,Ativo,BIBLIOTECARIO-DOCUMENTALISTA,Sem função
466989,Ativo,PROFESSOR DO MAGISTERIO SUPERIOR,Sem função
466989,Ativo,MEDICO-AREA,Sem função
1511754,Ativo,ASSISTENTE EM ADMINISTRACAO,Sem função
3726256,Ativo,PROFESSOR MAGISTERIO SUPERIOR -VISITANTE,Sem função
2700611,Ativo,AUXILIAR DE ENFERMAGEM,Sem função
1373086,Ativo,PROFESSOR DO MAGISTERIO SUPERIOR,Sem função
3260523,Ativo,PROFESSOR DO MAGISTERIO SUPERIOR,Sem função
3317399,Ativo,ASSISTENTE EM ADMINISTRACAO,Sem função
312307,Ativo,QUIMICO,Sem função
2331991,Ativo,PROFESSOR MAGISTERIO SUPERIOR-SUBSTITUTO,Sem função
2978435,Aposentado,PROFESSOR DO MAGISTERIO SUPERIOR,Sem função
154919,Pensionista,AUX EM ADMINISTRACAO,Sem função
3194618,Ativo,PROFESSOR DO MAGISTERIO SUPERIOR,Sem função
2860101,Ativo,ADMINISTRADOR,Sem função
2860101,Ativo,Sem informaç,FG 000.1
1266289,Aposentado,PROFESSOR DO MAGISTERIO SUPERIOR,Sem função
119284,Ativo,TECNICO DE LABORATORIO AREA,Sem função
1416341,Ativo,TECNICO DE LABORATORIO AREA,Sem função
382133,Ativo,ASSISTENTE EM ADMINISTRACAO,Sem função
110214,Ativo,PROFESSOR MAGISTERIO SUPERIOR-SUBSTITUTO,Sem função
53063,Ativo,ASSISTENTE SOCIAL,Sem função
3292310,Pensionista,AUX EM ADMINISTRACAO,Sem função
2904839,Ativo,TECNICO EM ENFERMAGEM,Sem função
2065729,Ativo,PROFESSOR DO MAGISTERIO SUPERIOR,Sem função
2335326,Ativo,ENFERMEIRO-AREA,Sem função
80791,Ativo,PROFESSOR DO MAGISTERIO SUPERIOR,Sem função
411133,Ativo,ASSISTENTE EM ADMINISTRACAO,Sem função
3417755,Ativo,TECNICO EM ENFERMAGEM,Sem função
1052306,Ativo,ASSISTENTE EM ADMINISTRACAO,Sem função
2428479,Ativo,PROFESSOR DO MAGISTERIO SUPERIOR,Sem função
3103168,Ativo,MEDICO-AREA,Sem função
3413479,Ativo,PROFESSOR DO MAGISTERIO SUPERIOR,Sem função
3413479,Ativo,Sem informaç,FG 000.1
621068,Pensionista,TECNICO DE LABORATORIO AREA,Sem função
1713531,Aposentado,AUXILIAR DE ENFERMAGEM,Sem função
1154406,Aposentado,AUX EM ADMINISTRACAO,Sem função
2711705,Aposentado,ASSISTENTE EM ADMINISTRACAO,Sem função
2086096,Pensionista,PROFESSOR 3 GRAU,Sem função
2298453,Pensionista,PROFESSOR DO MAGISTERIO SUPERIOR,Sem função
108759,Ativo,TECNICO EM ASSUNTOS EDUCACIONAIS,Sem função
3285377,Aposentado,PROFESSOR ENS BASICO TECN TECNOLOGICO,Sem função
22468,Aposentado,COPEIRO,Sem função
852098,Pensionista,RECEPCIONISTA,Sem função
2646180,Pensionista,PROFESSOR DO MAGISTERIO SUPERIOR,Sem função
2800775,Ativo,PROFESSOR DO MAGISTERIO SUPERIOR,Sem função
2800775,Ativo,Sem informaç,FUC 000.1
1201462,Ativo,PROFESSOR DO MAGISTERIO SUPERIOR,Sem função
1201462,Ativo,Sem informaç,FUC 000.1
375771,Aposentado,BIBLIOTECARIO-DOCUMENTALISTA,Sem função
449595,Ativo,ASSISTENTE EM ADMINISTRACAO,Sem função
2345552,Ativo,ASSISTENTE EM ADMINISTRACAO,Sem função
2386865,Ativo,AUX EM ADMINISTRACAO,Sem função
3695358,Ativo,ENFERMEIRO-AREA,Sem função
3152079,Ativo,VIGILANTE,Sem função
792038,Aposentado,AUXILIAR DE ENFERMAGEM,Sem função
953724,Aposentado,ASSISTENTE EM ADMINISTRACAO,Sem função
1698374,Ativo,AUXILIAR DE ENFERMAGEM,Sem função
2245989,Pensionista,VIGILANTE,Sem função
1317001,Ativo,PROFESSOR DO MAGISTERIO SUPERIOR,Sem função
1317001,Aposentado,PROFESSOR DO MAGISTERIO SUPERIOR,Sem função
3336750,Pensionista,PROFESSOR 3 GRAU,Sem função
511162,Aposentado,ASSISTENTE EM ADMINISTRACAO,Sem função
1825797,Pensionista,MOTORISTA,Sem função
2193439,Pensionista,VIGILANTE,Sem função
2814338,Aposentado,PROFESSOR ENS BASICO TECN TECNOLOGICO,Sem função
1922371,Ativo,PROFESSOR MAGISTERIO SUPERIOR-SUBSTITUTO,Sem função
2763974,Ativo,MEDICO RESIDENTE,Sem função
2668375,Ativo,VIGILANTE,Sem função
453947,Ativo,ASSISTENTE EM ADMINISTRACAO,Sem função
1928366,Aposentado,AUXILIAR DE ENFERMAGEM,Sem função
371381,Ativo,VESTIARISTA,Sem função
572583,Aposentado,ATENDENTE DE ENFERMAGEM,Sem função
2280254,Ativo,ASSISTENTE EM ADMINISTRACAO,Sem função
1190850,Ativo,VIGILANTE,Sem função
329916,Ativo,ESTATISTICO,Sem função
2854477,Ativo,PROFESSOR DO MAGISTERIO SUPERIOR,Sem função
1158937,Pensionista,TECNICO EM RADIOLOGIA,Sem função
1136716,Ativo,PROFESSOR DO MAGISTERIO SUPERIOR,Sem função
1136716,Ativo,Sem informaç,FUC 000.1
2830253,Ativo,PROFESSOR DO MAGISTERIO SUPERIOR,Sem função
2178532,Pensionista,ARMAZENISTA,Sem função
2049156,Ativo,TRADUTOR INTERPRETE DE LINGUAGEM SINAIS,Sem função
2085758,Ativo,ADMINISTRADOR,Sem função
1336227,Ativo,PROFESSOR DO MAGISTERIO SUPERIOR,Sem função
2659891,Ativo,ASSISTENTE EM ADMINISTRACAO,Sem função
1487782,Ativo,PROFESSOR DO MAGISTERIO SUPERIOR,Sem função
3745608,Pensionista,RECEPCIONISTA,Sem função
2962634,Ativo,PROFESSOR DO MAGISTERIO SUPERIOR,Sem função
3239396,Pensionista,CONTRAMESTRE-OFICIO,Sem função
1053854,Ativo,ASSISTENTE EM ADMINISTRACAO,Sem função
1314405,Ativo,TECNICO EM RADIOLOGIA,Sem função
1460493,Ativo,MEDICO RESIDENTE,Sem função
1767770,Aposentado,ASSISTENTE DE LABORATORIO,Sem função
2149478,Aposentado,ENFERMEIRO-AREA,Sem função
3543649,Aposentado,DESENHISTA DE ARTES GRAFICAS,Sem função
365704,Aposentado,PROFESSOR DO MAGISTERIO SUPERIOR,Sem função
1896377,Aposentado,PROFESSOR DO MAGISTERIO SUPERIOR,Sem função
2439365,Ativo,PROFESSOR DO MAGISTERIO SUPERIOR,Sem função
3188677,Ativo,ASSISTENTE EM ADMINISTRACAO,Sem função
3565462,Pensionista,PROFESSOR DO MAGISTERIO SUPERIOR,Sem função
2312627,Aposentado,ASSISTENTE EM ADMINISTRACAO,Sem função
420215,Ativo,VIGILANTE,Sem função
3748524,Ativo,PROFESSOR DO MAGISTERIO SUPERIOR,Sem função
3541687,Pensionista,TECNICO DE LABORATORIO AREA,Sem função
3276095,Ativo,PROFESSOR DO MAGISTERIO SUPERIOR,Sem função
426250,Ativo,MEDICO-AREA,Sem função
3483836,Ativo,ADMINISTRADOR,Sem função
2198202,Pensionista,PROFESSOR DO MAGISTERIO SUPERIOR,Sem função
3495135,Ativo,PROFESSOR MAGISTERIO SUPERIOR-SUBSTITUTO,Sem função
3481898,Ativo,PROFESSOR MAGISTERIO SUPERIOR-SUBSTITUTO,Sem função
1184462,Ativo,ADMINISTRADOR DE EDIFICIOS,Sem função
2601827,Ativo,RESIDENCIA MULTIPROFISSIONAL,Sem função
670016,Ativo,PROFESSOR MAGISTERIO SUPERIOR-SUBSTITUTO,Sem função
3002023,Aposentado,ASSISTENTE EM ADMINISTRACAO,Sem função
3851756,Ativo,ASSISTENTE EM ADMINISTRACAO,Sem função
1354750,Aposentado,PROFESSOR DO MAGISTERIO SUPERIOR,Sem função
1622862,Ativo,PROFESSOR MAGISTERIO SUPERIOR-SUBSTITUTO,Sem função
555415,Ativo,PROFESSOR DO MAGISTERIO SUPERIOR,Sem função
31969,Ativo,AUXILIAR DE ENFERMAGEM,Sem função
978170,Ativo,ASSISTENTE EM ADMINISTRACAO,Sem função
978170,Ativo,Sem informaç,FG 000.1
3373491,Ativo,TECNICO EM ASSUNTOS EDUCACIONAIS,Sem função
2486353,Ativo,SECRETARIO EXECUTIVO,Sem função
2588632,Aposentado,AUX EM ADMINISTRACAO,Sem função
1678535,Pensionista,TECNICO EM RADIOLOGIA,Sem função
3449258,Ativo,PROFESSOR DO MAGISTERIO SUPERIOR,Sem função
1130338,Ativo,AUDITOR,Sem função
2961341,Aposentado,TECNICO EM CONTABILIDADE,Sem função
2449095,Ativo,ASSISTENTE EM ADMINISTRACAO,Sem função
657599,Aposentado,PROFESSOR DO MAGISTERIO SUPERIOR,Sem função
3464997,Ativo,PROFESSOR MAGISTERIO SUPERIOR-SUBSTITUTO,Sem função
3125529,Ativo,PROFESSOR MAGISTERIO SUPERIOR-SUBSTITUTO,Sem função
1151169,Aposentado,VIGILANTE,Sem função
838842,Aposentado,DIRETOR DE IMAGEM,Sem função
399373,Ativo,AUXILIAR DE ENFERMAGEM,Sem função
476953,Ativo,AUXILIAR DE ENFERMAGEM,Sem função
2949779,Ativo,BIBLIOTECARIO-DOCUMENTALISTA,Sem função
3433717,Ativo,PROFESSOR DO MAGISTERIO SUPERIOR,Sem função
1495154,Ativo,PROFESSOR MAGISTERIO SUPERIOR-SUBSTITUTO,Sem função
2693260,Ativo,PROFESSOR DO MAGISTERIO SUPERIOR,Sem função
1146298,Ativo,ASSISTENTE EM ADMINISTRACAO,Sem função
1096630,Ativo,TECNICO DE LABORATORIO AREA,Sem função
1667842,Ativo,MEDICO-AREA,Sem função
3740095,Pensionista,MEDICO-AREA,Sem função
3607576,Aposentado,PROFESSOR DO MAGISTERIO SUPERIOR,Sem função
2298842,Ativo,SECRETARIO EXECUTIVO,Sem função
2772310,Ativo,NUTRICIONISTA-HABILITACAO,Sem função
2772310,Ativo,Sem informaç,FG 000.2
3266270,Ativo,PROFESSOR DO MAGISTERIO SUPERIOR,Sem função
3266270,Ativo,Sem informaç,FUC 000.1
528853,Ativo,NUTRICIONISTA-HABILITACAO,Sem função
2920457,Ativo,TECNICO EM ENFERMAGEM,Sem função
121834,Ativo,PROFESSOR DO MAGISTERIO SUPERIOR,Sem função
1683565,Pensionista,RECEPCIONISTA,Sem função
225264,Ativo,ADMINISTRADOR,Sem função
2786401,Ativo,PROFESSOR DO MAGISTERIO SUPERIOR,Sem função
2786401,Ativo,Sem informaç,FG 000.1
36036,Ativo,AUXILIAR DE ENFERMAGEM,Sem função
3359929,Ativo,ASSISTENTE EM ADMINISTRACAO,Sem função
566103,Ativo,MEDICO RESIDENTE,Sem função
1597886,Ativo,CONTADOR,Sem função
2753290,Ativo,ASSISTENTE EM ADMINISTRACAO,Sem função
1664531,Ativo,TECNICO EM ENFERMAGEM,Sem função
1879466,Ativo,PROFESSOR MAGISTERIO SUPERIOR-SUBSTITUTO,Sem função
2697086,Ativo,ASSISTENTE EM ADMINISTRACAO,Sem função
2478391,Ativo,PROFESSOR MAGISTERIO SUPERIOR-SUBSTITUTO,Sem função
415861,Ativo,ASSISTENTE EM ADMINISTRACAO,Sem função
3413974,Ativo,ENGENHEIRO-AREA,Sem função
2679891,Ativo,PROFESSOR MAGISTERIO SUPERIOR-SUBSTITUTO,Sem função
383272,Ativo,PROFESSOR DO MAGISTERIO SUPERIOR,Sem função
133400,Ativo,PROFESSOR MAGISTERIO SUPERIOR-SUBSTITUTO,Sem função
3382644,Ativo,PROFESSOR MAGISTERIO SUPERIOR-SUBSTITUTO,Sem função
230459,Ativo,ASSISTENTE EM ADMINISTRACAO,Sem função
644640,Ativo,TEC EM SEGURANCA DO TRABALHO,Sem função
3373217,Ativo,ASSISTENTE EM ADMINISTRACAO,Sem função
1303242,Ativo,ASSISTENTE EM ADMINISTRACAO,Sem função
3459614,Ativo,BIBLIOTECARIO-DOCUMENTALISTA,Sem função
1208650,Ativo,PROFESSOR MAGISTERIO SUPERIOR-SUBSTITUTO,Sem função
2200886,Ativo,AUX EM ADMINISTRACAO,Sem função
93044,Ativo,TECNICO EM CONTABILIDADE,Sem função
1306071,Ativo,PROFESSOR DO MAGISTERIO SUPERIOR,Sem função
1164760,Aposentado,PROFESSOR DO MAGISTERIO SUPERIOR,Sem função
2233590,Aposentado,EDITOR DE IMAGENS,Sem função
1658841,Ativo,PROFESSOR DO MAGISTERIO SUPERIOR,Sem função
2277084,Ativo,PROFESSOR DO MAGISTERIO SUPERIOR,Sem função
2277084,Ativo,Sem informaç,FUC 000.1
1795744,Aposentado,VIGILANTE,Sem função
1739935,Ativo,PROFESSOR DO MAGISTERIO SUPERIOR,Sem função
2269544,Aposentado,PROFESSOR DO MAGISTERIO SUPERIOR,Sem função
224471,Ativo,TECNICO EM ASSUNTOS EDUCACIONAIS,Sem função
384326,Ativo,PROFESSOR MAGISTERIO SUPERIOR-SUBSTITUTO,Sem função
3860822,Ativo,MEDICO RESIDENTE,Sem função
1791922,Ativo,ENFERMEIRO-AREA,Sem função
1435237,Ativo,AUXILIAR DE ENFERMAGEM,Sem função
3497033,Ativo,MEDICO-AREA,Sem função
709513,Aposentado,PROFESSOR ENS BASICO TECN TECNOLOGICO,Sem função
1409970,Ativo,TECNICO DE LABORATORIO AREA,Sem função
3203386,Ativo,PROFESSOR DO MAGISTERIO SUPERIOR,Sem função
1056257,Ativo,PROFESSOR DO MAGISTERIO SUPERIOR,Sem função
2938991,Ativo,VESTIARISTA,Sem função
1539678,Pensionista,ADMINISTRADOR DE EDIFICIOS,Sem função
2285984,Aposentado,BIBLIOTECARIO-DOCUMENTALISTA,Sem função
2636139,Pensionista,AUXILIAR OPERACIONAL,Sem função
1884014,Pensionista,PROFESSOR DO MAGISTERIO SUPERIOR,Sem função
1884014,Pensionista,PROFESSOR DO MAGISTERIO SUPERIOR,Sem função
3702694,Aposentado,BIBLIOTECARIO-DOCUMENTALISTA,Sem função
2550871,Ativo,TECNICO DE LABORATORIO AREA,Sem função
1979978,Pensionista,AUX EM ADMINISTRACAO,Sem função
2922116,Ativo,ENFERMEIRO-AREA,Sem função
3856904,Ativo,ASSISTENTE EM ADMINISTRACAO,Sem função
2519235,Ativo,ASSISTENTE EM ADMINISTRACAO,Sem função
505517,Ativo,PROFESSOR DO MAGISTERIO SUPERIOR,Sem função
505517,Ativo,Sem informaç,FUC 000.1
1106345,Ativo,ASSISTENTE EM ADMINISTRACAO,Sem função
566026,Ativo,PROFESSOR DO MAGISTERIO SUPERIOR,Sem função
1342767,Ativo,ASSISTENTE EM ADMINISTRACAO,Sem função
3274185,Aposentado,RECEPCIONISTA,Sem função
1240758,Ativo,TEC EM ELETROELETRONICA,Sem função
3763719,Ativo,PROFESSOR DO MAGISTERIO SUPERIOR,Sem função
2162070,Aposentado,ASSISTENTE EM ADMINISTRACAO,Sem função
724800,Aposentado,EDITOR DE IMAGENS,Sem função
1497565,Aposentado,AUX EM ADMINISTRACAO,Sem função
2561619,Ativo,ADMINISTRADOR DE EDIFICIOS,Sem função
1659199,Aposentado,FISICO,Sem função
1320528,Ativo,PROFESSOR DO MAGISTERIO SUPERIOR,Sem função
1726221,Aposentado,TECNICO DE LABORATORIO AREA,Sem função
3018594,Ativo,TECNICO DE LABORATORIO AREA,Sem função
1041826,Aposentado,SERVENTE DE LIMPEZA,Sem função
804519,Ativo,ASSISTENTE EM ADMINISTRACAO,Sem função
465206,Aposentado,MOTORISTA,Sem função
760907,Pensionista,PROFESSOR DO MAGISTERIO SUPERIOR,Sem função
1269213,Ativo,TEC DE TECNOLOGIA DA INFORMACAO,Sem função
1699487,Ativo,PROFESSOR DO MAGISTERIO SUPERIOR,Sem função
876899,Aposentado,MOTORISTA,Sem função
2775048,Aposentado,TECNICO DE LABORATORIO AREA,Sem função
1085548,Aposentado,PROFESSOR DO MAGISTERIO SUPERIOR,Sem função
249534,Aposentado,ENGENHEIRO-AREA,Sem função
395940,Ativo,MEDICO-AREA,Sem função
1901113,Aposentado,TEC EM ELETROELETRONICA,Sem função
1608281,Ativo,PROFESSOR DO MAGISTERIO SUPERIOR,Sem função
2554021,Aposentado,ASSISTENTE DE LABORATORIO,Sem função
1401469,Ativo,TECNICO DE LABORATORIO AREA,Sem função
3432336,Ativo,ASSISTENTE EM ADMINISTRACAO,Sem função
3313183,Ativo,PROFESSOR DO MAGISTERIO SUPERIOR,Sem função
68901,Ativo,TECNICO DE LABORATORIO AREA,Sem função
2124876,Aposentado,PROFESSOR DO MAGISTERIO SUPERIOR,Sem função
2613004,Aposentado,AUX EM ADMINISTRACAO,Sem função
2613004,Pensionista,AUXILIAR DE ENFERMAGEM,Sem função
1062940,Ativo,DESENHISTA DE ARTES GRAFICAS,Sem função
3338830,Aposentado,PROFESSOR DO MAGISTERIO SUPERIOR,Sem função
823677,Aposentado,PROFESSOR DO MAGISTERIO SUPERIOR,Sem função
908283,Ativo,PROFESSOR DO MAGISTERIO SUPERIOR,Sem função
1790621,Ativo,ESTATISTICO,Sem função
943131,Aposentado,VIGILANTE,Sem função
3595247,Pensionista,SERVENTE DE LIMPEZA,Sem função
2262719,Ativo,PROFESSOR DO MAGISTERIO SUPERIOR,Sem função
2953155,Ativo,ASSISTENTE EM ADMINISTRACAO,Sem função
1750953,Ativo,TECNICO EM RADIOLOGIA,Sem função
725842,Aposentado,EDITOR DE IMAGENS,Sem função
2368531,Ativo,VIGILANTE,Sem função
2367008,Ativo,TEC EM ELETROELETRONICA,Sem função
319029,Ativo,MESTRE DE EDIF E INFRAESTRUTURA,Sem função
1264044,Ativo,PROFESSOR DO MAGISTERIO SUPERIOR,Sem função
1264044,Ativo,Sem informaç,FUC 000.1
3857616,Ativo,ASSISTENTE EM ADMINISTRACAO,Sem função
607868,Ativo,ASSISTENTE EM ADMINISTRACAO,Sem função
2699880,Aposentado,TECNICO DE LABORATORIO AREA,Sem função
2352874,Ativo,ASSISTENTE EM ADMINISTRACAO,Sem função
362748,Ativo,TECNICO DE LABORATORIO AREA,Sem função
1928543,Pensionista,PROFESSOR DE 1  E 2  GRAUS,Sem função
2837411,Ativo,PROFESSOR DO MAGISTERIO SUPERIOR,Sem função
3659352,Ativo,ASSISTENTE EM ADMINISTRACAO,Sem função
1238097,Ativo,AUX EM ADMINISTRACAO,Sem função
2800721,Aposentado,PROFESSOR DO MAGISTERIO SUPERIOR,Sem função
1421978,Aposentado,OPERADOR DE CALDEIRA,Sem função
1597838,Ativo,ASSISTENTE EM ADMINISTRACAO,Sem função
837266,Aposentado,PROFESSOR DO MAGISTERIO SUPERIOR,Sem função
1521344,Ativo,VIGILANTE,Sem função
2073108,Ativo,TECNICO DE LABORATORIO AREA,Sem função
1091723,Aposentado,AUX EM ADMINISTRACAO,Sem função
3512487,Ativo,PROFESSOR DO MAGISTERIO SUPERIOR,Sem função
1295642,Ativo,PROFESSOR DO MAGISTERIO SUPERIOR,Sem função
3854490,Ativo,RESIDENCIA MULTIPROFISSIONAL,Sem função
2235543,Ativo,VIGILANTE,Sem função
1704419,Ativo,TECNICO EM CONTABILIDADE,Sem função
2104976,Aposentado,VIGILANTE,Sem função
1221021,Aposentado,PINTOR-AREA,Sem função
1687699,Aposentado,ASSISTENTE EM ADMINISTRACAO,Sem função
1687699,Pensionista,COPEIRO,Sem função
3278080,Aposentado,PROFESSOR DO MAGISTERIO SUPERIOR,Sem função
498647,Ativo,PROFESSOR MAGISTERIO SUPERIOR-SUBSTITUTO,Sem função
812943,Ativo,PROFESSOR DO MAGISTERIO SUPERIOR,Sem função
812943,Ativo,Sem informaç,FG 000.1
1021423,Ativo,PROFESSOR MAGISTERIO SUPERIOR-SUBSTITUTO,Sem função
46471,Ativo,TECNICO DE LABORATORIO AREA,Sem função
243779,Aposentado,PORTEIRO,Sem função
236107,Ativo,PROFESSOR DO MAGISTERIO SUPERIOR,Sem função
47955,Aposentado,PROFESSOR DO MAGISTERIO SUPERIOR,Sem função
2138560,Ativo,ASSISTENTE EM ADMINISTRACAO,Sem função
2754823,Ativo,MEDICO RESIDENTE,Sem função
3857771,Ativo,MEDICO RESIDENTE,Sem função
2481129,Ativo,PROFESSOR DO MAGISTERIO SUPERIOR,Sem função
3380625,Ativo,PROFESSOR MAGISTERIO SUPERIOR-SUBSTITUTO,Sem função
19601,Ativo,PROFESSOR DO MAGISTERIO SUPERIOR,Sem função
19601,Ativo,Sem informaç,FUC 000.1
1324255,Ativo,ADMINISTRADOR DE EDIFICIOS,Sem função
1324255,Ativo,Sem informaç,FG 000.1
2226851,Ativo,PROFESSOR DO MAGISTERIO SUPERIOR,Sem função
3235560,Ativo,TECNICO DE LABORATORIO AREA,Sem função
2961300,Ativo,ASSISTENTE EM ADMINISTRACAO,Sem função
689988,Ativo,PROFESSOR MAGISTERIO SUPERIOR -VISITANTE,Sem função
1832405,Aposentado,PROFESSOR DO MAGISTERIO SUPERIOR,Sem função
304014,Ativo,PROFESSOR DO MAGISTERIO SUPERIOR,Sem função
1483482,Aposentado,MEDICO-AREA,Sem função
502701,Ativo,PROFESSOR DO MAGISTERIO SUPERIOR,Sem função
502701,Aposentado,PROFESSOR DO MAGISTERIO SUPERIOR,Sem função
2205870,Pensionista,PROFESSOR DO MAGISTERIO SUPERIOR,Sem função
1078156,Ativo,SERVENTE DE LIMPEZA,Sem função
843612,Ativo,TEC DE TECNOLOGIA DA INFORMACAO,Sem função
1841127,Pensionista,AUXILIAR DE ENFERMAGEM,Sem função
2686304,Aposentado,OPERADOR DE CALDEIRA,Sem função
1728419,Aposentado,PROFESSOR DO MAGISTERIO SUPERIOR,Sem função
3414330,Ativo,PROFESSOR DO MAGISTERIO SUPERIOR,Sem função
2802408,Pensionista,PROFESSOR DO MAGISTERIO SUPERIOR,Sem função
260104,Ativo,PROFESSOR DO MAGISTERIO SUPERIOR,Sem função
3534173,Aposentado,PROFESSOR DO MAGISTERIO SUPERIOR,Sem função
1596699,Aposentado,AUX EM ADMINISTRACAO,Sem função
3281866,Ativo,TECNICO DE LABORATORIO AREA,Sem função
1619264,Ativo,PROFESSOR MAGISTERIO SUPERIOR-SUBSTITUTO,Sem função
3554142,Ativo,RESIDENCIA MULTIPROFISSIONAL,Sem função
1737319,Aposentado,ASSISTENTE EM ADMINISTRACAO,Sem função
2274169,Aposentado,AUX EM ADMINISTRACAO,Sem função
2611269,Aposentado,PROFESSOR DO MAGISTERIO SUPERIOR,Sem função
1627157,Aposentado,TECNICO DE LABORATORIO AREA,Sem função
183321,Aposentado,PROFESSOR DO MAGISTERIO SUPERIOR,Sem função
1524817,Aposentado,TEC EM ANATOMIA E NECROPSIA,Sem função
3068129,Ativo,MEDICO-AREA,Sem função
2780980,Aposentado,PROFESSOR DO MAGISTERIO SUPERIOR,Sem função
3492294,Aposentado,ASSISTENTE EM ADMINISTRACAO,Sem função
2251401,Ativo,PROFESSOR DO MAGISTERIO SUPERIOR,Sem função
2251401,Ativo,Sem informaç,CD 000.4
2134333,Pensionista,AUXILIAR DE ENFERMAGEM,Sem função
900660,Aposentado,RECEPCIONISTA,Sem função
2215056,Ativo,PROFESSOR DO MAGISTERIO SUPERIOR,Sem função
2215056,Ativo,Sem informaç,FUC 000.1
941537,Aposentado,MEDICO-AREA,Sem função
3565272,Aposentado,TECNICO DE LABORATORIO AREA,Sem função
2690864,Ativo,PROFESSOR DO MAGISTERIO SUPERIOR,Sem função
2263939,Ativo,PROFESSOR DO MAGISTERIO SUPERIOR,Sem função
3194816,Ativo,PROFESSOR DO MAGISTERIO SUPERIOR,Sem função
3059140,Aposentado,PROFESSOR DO MAGISTERIO SUPERIOR,Sem função
3388546,Ativo,ENGENHEIRO-AREA,Sem função
1992508,Pensionista,MESTRE DE EDIF E INFRAESTRUTURA,Sem função
3855714,Ativo,RESIDENCIA MULTIPROFISSIONAL,Sem função
1221167,Ativo,PROFESSOR DO MAGISTERIO SUPERIOR,Sem função
1221167,Ativo,Sem informaç,FUC 000.1
1229137,Ativo,ASSISTENTE EM ADMINISTRACAO,Sem função
1229137,Ativo,Sem informaç,FG 000.3
728017,Aposentado,PROFESSOR DO MAGISTERIO SUPERIOR,Sem função
2870532,Ativo,COPEIRO,Sem função
856216,Ativo,PROFESSOR DO MAGISTERIO SUPERIOR,Sem função
856216,Ativo,Sem informaç,FUC 000.1
3867813,Ativo,PROFESSOR DO MAGISTERIO SUPERIOR,Sem função
184728,Ativo,ECONOMISTA,Sem função
1204905,Ativo,AUX EM ADMINISTRACAO,Sem função
1151935,Ativo,ALMOXARIFE,Sem função
2429502,Aposentado,TECNICO DE LABORATORIO AREA,Sem função
580675,Aposentado,VIGILANTE,Sem função
2378400,Ativo,BOMBEIRO HIDRAULICO,Sem função
2378400,Ativo,Sem informaç,FG 000.2
2254799,Ativo,ODONTOLOGO - 30 HORAS - DL 1445-76,Sem função
905134,Ativo,AUX EM ADMINISTRACAO,Sem função
927137,Aposentado,TECNICO DE LABORATORIO AREA,Sem função
1822483,Aposentado,SERVENTE DE LIMPEZA,Sem função
697462,Ativo,PROFESSOR MAGISTERIO SUPERIOR-SUBSTITUTO,Sem função
2894213,Ativo,TECNICO EM ENFERMAGEM,Sem função
419003,Ativo,AUXILIAR DE SAUDE,Sem função
3031717,Ativo,PROFESSOR DO MAGISTERIO SUPERIOR,Sem função
3363946,Ativo,TECNICO EM ASSUNTOS EDUCACIONAIS,Sem função
3192907,Ativo,AUXILIAR DE FARMACIA,Sem função
1663329,Ativo,ASSISTENTE SOCIAL,Sem função
3851117,Ativo,TEC DE TECNOLOGIA DA INFORMACAO,Sem função
2857578,Ativo,ENFERMEIRO-AREA,Sem função
2857578,Ativo,Sem informaç,GF 002.7
1002983,Ativo,ASSISTENTE EM ADMINISTRACAO,Sem função
2640996,Aposentado,MEDICO-AREA,Sem função
785811,Aposentado,PROFESSOR DO MAGISTERIO SUPERIOR,Sem função
1539304,Ativo,ASSISTENTE EM ADMINISTRACAO,Sem função
1539304,Ativo,Sem informaç,FG 000.1
3716776,Ativo,PROGRAMADOR VISUAL,Sem função
1642154,Aposentado,ASSISTENTE EM ADMINISTRACAO,Sem função
2884188,Ativo,PROFESSOR DO MAGISTERIO SUPERIOR,Sem função
1270653,Ativo,PRODUTOR CULTURAL,Sem função
1276256,Ativo,ASSISTENTE EM ADMINISTRACAO,Sem função
2971574,Ativo,ASSISTENTE EM ADMINISTRACAO,Sem função
379588,Ativo,CONTRAMESTRE-OFICIO,Sem função
222028,Aposentado,PROFESSOR ENS BASICO TECN TECNOLOGICO,Sem função
3025079,Ativo,BIBLIOTECARIO-DOCUMENTALISTA,Sem função
92804,Ativo,PROFESSOR DO MAGISTERIO SUPERIOR,Sem função
2236242,Ativo,PEDAGOGO-AREA,Sem função
2236242,Ativo,Sem informaç,CD 000.4
257769,Ativo,PROFESSOR DO MAGISTERIO SUPERIOR,Sem função
2891223,Ativo,TECNICO DE LABORATORIO AREA,Sem função
2999256,Pensionista,AUXILIAR DE NUTRICAO E DIETETICA,Sem função
259926,Ativo,TECNICO EM RESTAURACAO,Sem função
2263400,Ativo,ADMINISTRADOR,Sem função
5643,Ativo,TECNICO DE LABORATORIO AREA,Sem função
1275124,Aposentado,VIGILANTE,Sem função
1832058,Ativo,PROFESSOR DO MAGISTERIO SUPERIOR,Sem função
3259177,Ativo,ASSISTENTE EM ADMINISTRACAO,Sem função
3456653,Ativo,PROFESSOR MAGISTERIO SUPERIOR-SUBSTITUTO,Sem função
3483392,Ativo,PROFESSOR DO MAGISTERIO SUPERIOR,Sem função
3846504,Ativo,PROFESSOR MAGISTERIO SUPERIOR -VISITANTE,Sem função
360511,Ativo,PROFESSOR DO MAGISTERIO SUPERIOR,Sem função
636526,Aposentado,VIGILANTE,Sem função
515967,Ativo,AUX EM ADMINISTRACAO,Sem função
168100,Aposentado,MEDICO-AREA,Sem função
933986,Aposentado,VIGILANTE,Sem função
1873885,Ativo,TEC DE TECNOLOGIA DA INFORMACAO,Sem função
2424205,Ativo,VIGILANTE,Sem função
2446103,Aposentado,PROFESSOR DO MAGISTERIO SUPERIOR,Sem função
897887,Aposentado,PROFESSOR 3 GRAU,Sem função
1521959,Aposentado,ASSISTENTE EM ADMINISTRACAO,Sem função
2912976,Ativo,PROFESSOR MAGISTERIO SUPERIOR-SUBSTITUTO,Sem função
2345123,Ativo,ASSISTENTE DE LABORATORIO,Sem função
233855,Aposentado,PROFESSOR DO MAGISTERIO SUPERIOR,Sem função
1138962,Ativo,TECNICO DE LABORATORIO AREA,Sem função
1741494,Aposentado,DESENHISTA DE ARTES GRAFICAS,Sem função
2805838,Ativo,ASSISTENTE EM ADMINISTRACAO,Sem função
2998401,Ativo,TECNICO EM ASSUNTOS EDUCACIONAIS,Sem função
5881,Ativo,VIGILANTE,Sem função
1625469,Ativo,PROFESSOR DO MAGISTERIO SUPERIOR,Sem função
1625469,Ativo,Sem informaç,FUC 000.1
3748754,Ativo,BIBLIOTECARIO-DOCUMENTALISTA,Sem função
1650519,Ativo,PROFESSOR DO MAGISTERIO SUPERIOR,Sem função
375179,Ativo,PROFESSOR DO MAGISTERIO SUPERIOR,Sem função
347028,Ativo,SERVENTE DE LIMPEZA,Sem função
2902114,Ativo,PROFESSOR DO MAGISTERIO SUPERIOR,Sem função
2033374,Ativo,ASSISTENTE EM ADMINISTRACAO,Sem função
2033374,Ativo,Sem informaç,FG 000.3
186799,Aposentado,PROFESSOR DO MAGISTERIO SUPERIOR,Sem função
2891239,Aposentado,TECNICO DE LABORATORIO AREA,Sem função
2233071,Aposentado,AUX EM ADMINISTRACAO,Sem função
1387338,Ativo,PROFESSOR DO MAGISTERIO SUPERIOR,Sem função
271975,Aposentado,AUX EM ADMINISTRACAO,Sem função
1946592,Aposentado,AUX EM ADMINISTRACAO,Sem função
1090963,Ativo,ASSISTENTE EM ADMINISTRACAO,Sem função
2222023,Aposentado,PROFESSOR DO MAGISTERIO SUPERIOR,Sem função
1078672,Ativo,PROFESSOR DO MAGISTERIO SUPERIOR,Sem função
1078672,Ativo,Sem informaç,FG 000.1
1275806,Aposentado,OPERADOR DE MAQUINA COPIADORA,Sem função
1513654,Aposentado,PROFESSOR DO MAGISTERIO SUPERIOR,Sem função
872805,Pensionista,PROFESSOR 3 GRAU,Sem função
2964312,Ativo,PROFESSOR DO MAGISTERIO SUPERIOR,Sem função
1754882,Pensionista,ASSISTENTE EM ADMINISTRACAO,Sem função
760650,Aposentado,VIGILANTE,Sem função
164956,Aposentado,ASSISTENTE EM ADMINISTRACAO,Sem função
2837704,Ativo,PROFESSOR ENS BASICO TECN TECNOLOGICO,Sem função
1800607,Ativo,PROFESSOR DO MAGISTERIO SUPERIOR,Sem função
1800607,Pensionista,PROFESSOR DO MAGISTERIO SUPERIOR,Sem função
3413942,Aposentado,ASSISTENTE EM ADMINISTRACAO,Sem função
3663717,Pensionista,PROFESSOR DO MAGISTERIO SUPERIOR,Sem função
584923,Ativo,TEC DE TECNOLOGIA DA INFORMACAO,Sem função
17096,Ativo,PROFESSOR DO MAGISTERIO SUPERIOR,Sem função
3362206,Pensionista,TECNICO EM ASSUNTOS EDUCACIONAIS,Sem função
3197442,Ativo,AUX EM ADMINISTRACAO,Sem função
435217,Ativo,ASSISTENTE EM ADMINISTRACAO,Sem função
1077150,Aposentado,ATENDENTE DE ENFERMAGEM,Sem função
1071031,Ativo,PROFESSOR DO MAGISTERIO SUPERIOR,Sem função
386340,Aposentado,AUX EM ADMINISTRACAO,Sem função
987315,Ativo,AUXILIAR DE ARTES GRAFICAS,Sem função
213223,Aposentado,ASSISTENTE EM ADMINISTRACAO,Sem função
199325,Ativo,PROFESSOR DO MAGISTERIO SUPERIOR,Sem função
199325,Aposentado,PROFESSOR 3 GRAU,Sem função
777582,Aposentado,ASSISTENTE DE ALUNO,Sem função
1925263,Aposentado,AUX EM ADMINISTRACAO,Sem função
899475,Aposentado,PROFESSOR DO MAGISTERIO SUPERIOR,Sem função
3513058,Aposentado,PROFESSOR DO MAGISTERIO SUPERIOR,Sem função
1666720,Ativo,PROFESSOR DO MAGISTERIO SUPERIOR,Sem função
1020717,Ativo,ASSISTENTE EM ADMINISTRACAO,Sem função
1112443,Ativo,PROFESSOR DO MAGISTERIO SUPERIOR,Sem função
2092268,Aposentado,CONTINUO,Sem função
636462,Aposentado,PROFESSOR DO MAGISTERIO SUPERIOR,Sem função
3141002,Ativo,PROFESSOR DO MAGISTERIO SUPERIOR,Sem função
2486210,Aposentado,PROFESSOR DO MAGISTERIO SUPERIOR,Sem função
1178357,Ativo,TECNICO EM CONTABILIDADE,Sem função
1320975,Ativo,ASSISTENTE EM ADMINISTRACAO,Sem função
3121692,Aposentado,TECNICO DE LABORATORIO AREA,Sem função
322645,Aposentado,OPERADOR DE MAQ DE LAVANDERIA,Sem função
563297,Aposentado,AUXILIAR DE LABORATORIO,Sem função
629732,Ativo,ASSISTENTE EM ADMINISTRACAO,Sem função
2223048,Ativo,PROFESSOR DO MAGISTERIO SUPERIOR,Sem função
2223048,Ativo,Sem informaç,CD 000.3
942820,Aposentado,PROFESSOR DO MAGISTERIO SUPERIOR,Sem função
1486123,Aposentado,PROFESSOR DO MAGISTERIO SUPERIOR,Sem função
1623453,Aposentado,AUX EM ADMINISTRACAO,Sem função
288213,Ativo,PROFESSOR DO MAGISTERIO SUPERIOR,Sem função
288213,Ativo,Sem informaç,FG 000.1
1672969,Aposentado,PROFESSOR DO MAGISTERIO SUPERIOR,Sem função
2491800,Ativo,PROFESSOR DO MAGISTERIO SUPERIOR,Sem função
1409388,Ativo,PROFESSOR DO MAGISTERIO SUPERIOR,Sem função
808361,Aposentado,PROFESSOR DO MAGISTERIO SUPERIOR,Sem função
3598134,Aposentado,PROFESSOR DO MAGISTERIO SUPERIOR,Sem função
3458762,Ativo,CONTADOR,Sem função
604925,Aposentado,PROFESSOR DO MAGISTERIO SUPERIOR,Sem função
1963303,Aposentado,PROFESSOR DO MAGISTERIO SUPERIOR,Sem função
2944692,Ativo,PROFESSOR DO MAGISTERIO SUPERIOR,Sem função
755605,Aposentado,PROFESSOR DO MAGISTERIO SUPERIOR,Sem função
2790647,Ativo,PROFESSOR DO MAGISTERIO SUPERIOR,Sem função
2620618,Aposentado,MEDICO VETERINARIO,Sem função
2620618,Pensionista,AUXILIAR DE ENFERMAGEM,Sem função
2728249,Pensionista,TECNICO EM RADIOLOGIA,Sem função
26672,Ativo,PROFESSOR ENS BASICO TECN TECNOLOGICO,Sem função
3615853,Aposentado,VIGILANTE,Sem função
2227287,Aposentado,TECNICO DE LABORATORIO AREA,Sem função
1526409,Aposentado,PROFESSOR DO MAGISTERIO SUPERIOR,Sem função
477976,Aposentado,ELETRICISTA,Sem função
602274,Aposentado,PROFESSOR DO MAGISTERIO SUPERIOR,Sem função
279118,Aposentado,ATENDENTE DE ENFERMAGEM,Sem função
1508431,Ativo,TECNICO EM CONTABILIDADE,Sem função
2050967,Pensionista,PROFESSOR DO MAGISTERIO SUPERIOR,Sem função
341576,Ativo,PROFESSOR DO MAGISTERIO SUPERIOR,Sem função
741405,Aposentado,ODONTOLOGO - 30 HORAS - DL 1445-76,Sem função
2037256,Ativo,PROFESSOR ENS BASICO TECN TECNOLOGICO,Sem função
3116481,Ativo,TECNICO EM PROTESE DENTARIA,Sem função
341686,Pensionista,ENFERMEIRO-AREA,Sem função
292311,Ativo,AUX EM ADMINISTRACAO,Sem função
537439,Ativo,PROFESSOR DO MAGISTERIO SUPERIOR,Sem função
3525024,Aposentado,PROFESSOR DO MAGISTERIO SUPERIOR,Sem função
831583,Aposentado,MESTRE DE EDIF E INFRAESTRUTURA,Sem função
862042,Aposentado,ASSISTENTE EM ADMINISTRACAO,Sem função
3290683,Ativo,CONTINUO,Sem função
3290683,Ativo,Sem informaç,FG 000.3
2295279,Aposentado,PROFESSOR DO MAGISTERIO SUPERIOR,Sem função
2982853,Ativo,PROFESSOR DO MAGISTERIO SUPERIOR,Sem função
2982853,Ativo,Sem informaç,FUC 000.1
1255637,Ativo,TECNICO EM ASSUNTOS EDUCACIONAIS,Sem função
1381374,Ativo,VIGILANTE,Sem função
2779894,Ativo,PROFESSOR DO MAGISTERIO SUPERIOR,Sem função
2899401,Ativo,ASSISTENTE EM ADMINISTRACAO,Sem função
3546959,Aposentado,MEDICO-AREA,Sem função
1312955,Ativo,ASSISTENTE EM ADMINISTRACAO,Sem função
2836998,Aposentado,PROFESSOR DO MAGISTERIO SUPERIOR,Sem função
2071818,Aposentado,FARMACEUTICO-HABILITACAO,Sem função
1037896,Ativo,ASSISTENTE EM ADMINISTRACAO,Sem função
279370,Ativo,TEC DE TECNOLOGIA DA INFORMACAO,Sem função
301842,Aposentado,AUXILIAR OPERACIONAL,Sem função
286478,Ativo,PROFESSOR DO MAGISTERIO SUPERIOR,Sem função
2848272,Ativo,VIGILANTE,Sem função
756675,Aposentado,JORNALISTA,Sem função
2208167,Ativo,ASSISTENTE EM ADMINISTRACAO,Sem função
2208167,Ativo,Sem informaç,FG 000.3
92581,Aposentado,PROFESSOR DO MAGISTERIO SUPERIOR,Sem função
1486667,Aposentado,VIGILANTE,Sem função
2803334,Ativo,PROFESSOR DO MAGISTERIO SUPERIOR,Sem função
2869315,Ativo,PROFESSOR DO MAGISTERIO SUPERIOR,Sem função
3643795,Aposentado,SECRETARIO EXECUTIVO,Sem função
2733754,Aposentado,CONTINUO,Sem função
2507422,Ativo,PROFESSOR DO MAGISTERIO SUPERIOR,Sem função
1132191,Aposentado,TIPOGRAFO,Sem função
1193952,Aposentado,ODONTOLOGO - 30 HORAS - DL 1445-76,Sem função
3751938,Ativo,VIGILANTE,Sem função
1099266,Ativo,FARMACEUTICO-HABILITACAO,Sem função
140268,Aposentado,ASSISTENTE EM ADMINISTRACAO,Sem função
421698,Ativo,VIGILANTE,Sem função
1027299,Aposentado,TEC DE TECNOLOGIA DA INFORMACAO,Sem função
3470622,Aposentado,PROFESSOR DO MAGISTERIO SUPERIOR,Sem função
3390363,Aposentado,ASSISTENTE EM ADMINISTRACAO,Sem função
756821,Aposentado,PROFESSOR DO MAGISTERIO SUPERIOR,Sem função
1774220,Aposentado,PROFESSOR DO MAGISTERIO SUPERIOR,Sem função
2565584,Ativo,PROFESSOR DO MAGISTERIO SUPERIOR,Sem função
2565584,Ativo,Sem informaç,CD 000.3
2856060,Ativo,PROFESSOR DO MAGISTERIO SUPERIOR,Sem função
3267111,Ativo,ANALISTA DE TEC DA INFORMACAO,Sem função
2623063,Aposentado,PROFESSOR DO MAGISTERIO SUPERIOR,Sem função
1303783,Ativo,PROFESSOR DO MAGISTERIO SUPERIOR,Sem função
1303783,Ativo,Sem informaç,FG 000.1
2351073,Ativo,MEDICO-AREA,Sem função
291751,Aposentado,TECNICO EM ENFERMAGEM,Sem função
3394271,Aposentado,PROFESSOR DO MAGISTERIO SUPERIOR,Sem função
963126,Pensionista,ASSISTENTE EM ADMINISTRACAO,Sem função
2281617,Ativo,VIGILANTE,Sem função
3678725,Ativo,VIGILANTE,Sem função
2559449,Pensionista,PROFESSOR DO MAGISTERIO SUPERIOR,Sem função
2559449,Pensionista,MEDICO-AREA,Sem função
3266034,Ativo,VIGILANTE,Sem função
31729,Aposentado,OPERADOR DE CAMERA DE CINEMA E TV,Sem função
3128788,Ativo,PROFESSOR DO MAGISTERIO SUPERIOR,Sem função
2858872,Ativo,TECNICO DE LABORATORIO AREA,Sem função
111370,Aposentado,ASSISTENTE EM ADMINISTRACAO,Sem função
1618916,Ativo,PROFESSOR MAGISTERIO SUPERIOR -VISITANTE,Sem função
1260240,Ativo,TECNICO EM ENFERMAGEM,Sem função
955775,Aposentado,PROFESSOR DO MAGISTERIO SUPERIOR,Sem função
1346828,Ativo,TECNICO DE LABORATORIO AREA,Sem função
752147,Aposentado,VIGILANTE,Sem função
2634475,Pensionista,AUXILIAR DE ENFERMAGEM,Sem função
3158889,Ativo,ASSISTENTE EM ADMINISTRACAO,Sem função
2053613,Ativo,FISICO,Sem função
1284996,Ativo,ASSISTENTE EM ADMINISTRACAO,Sem função
1702130,Ativo,PROFESSOR DO MAGISTERIO SUPERIOR,Sem função
1702130,Aposentado,PROFESSOR DO MAGISTERIO SUPERIOR,Sem função
1996632,Ativo,PROFESSOR DO MAGISTERIO SUPERIOR,Sem função
1996632,Pensionista,PROFESSOR DO MAGISTERIO SUPERIOR,Sem função
3051889,Aposentado,PROFESSOR DO MAGISTERIO SUPERIOR,Sem função
1703618,Ativo,TECNICO DE LABORATORIO AREA,Sem função
795884,Aposentado,PROFESSOR DO MAGISTERIO SUPERIOR,Sem função
2546444,Ativo,PROFESSOR DO MAGISTERIO SUPERIOR,Sem função
1718834,Aposentado,RECEPCIONISTA,Sem função
2382674,Ativo,PROFESSOR DO MAGISTERIO SUPERIOR,Sem função
1205303,Ativo,AUX EM ADMINISTRACAO,Sem função
881622,Aposentado,TECNICO EM CONTABILIDADE,Sem função
20050,Aposentado,PROFESSOR DO MAGISTERIO SUPERIOR,Sem função
2456115,Ativo,ASSISTENTE EM ADMINISTRACAO,Sem função
2712972,Aposentado,PROFESSOR DO MAGISTERIO SUPERIOR,Sem função
1163226,Ativo,PROFESSOR MAGISTERIO SUPERIOR-SUBSTITUTO,Sem função
2669469,Aposentado,PROFESSOR DO MAGISTERIO SUPERIOR,Sem função
2294231,Ativo,VIGILANTE,Sem função
2137686,Aposentado,PROFESSOR DO MAGISTERIO SUPERIOR,Sem função
974797,Pensionista,ASSISTENTE EM ADMINISTRACAO,Sem função
773885,Aposentado,PROFESSOR DO MAGISTERIO SUPERIOR,Sem função
1169976,Ativo,AUX EM ADMINISTRACAO,Sem função
3132238,Ativo,PROFESSOR DO MAGISTERIO SUPERIOR,Sem função
1343022,Pensionista,TECNICO DE LABORATORIO AREA,Sem função
333246,Ativo,COZINHEIRO,Sem função
300933,Ativo,PROFESSOR DO MAGISTERIO SUPERIOR,Sem função
2357872,Ativo,PROFESSOR DO MAGISTERIO SUPERIOR,Sem função
201657,Ativo,VIGILANTE,Sem função
966412,Pensionista,MEDICO-AREA,Sem função
603816,Ativo,MONTADOR-SOLDADOR,Sem função
2514555,Aposentado,FARMACEUTICO-HABILITACAO,Sem função
2949374,Ativo,MEDICO-AREA,Sem função
2949374,Ativo,PROFESSOR DO MAGISTERIO SUPERIOR,Sem função
1629402,Ativo,MUSICO,Sem função
2232013,Ativo,MEDICO-AREA,Sem função
3318505,Aposentado,ASSISTENTE EM ADMINISTRACAO,Sem função
3557626,Aposentado,PROFESSOR DO MAGISTERIO SUPERIOR,Sem função
501333,Ativo,TECNICO DE LABORATORIO AREA,Sem função
70611,Aposentado,MEDICO-AREA,Sem função
2089356,Ativo,ANALISTA DE TEC DA INFORMACAO,Sem função
2089356,Ativo,Sem informaç,FG 000.1
1258653,Ativo,ASSISTENTE EM ADMINISTRACAO,Sem função
2886816,Ativo,PROFESSOR DO MAGISTERIO SUPERIOR,Sem função
581539,Ativo,ATENDENTE DE ENFERMAGEM,Sem função
1555543,Aposentado,ASSISTENTE EM ADMINISTRACAO,Sem função
447917,Ativo,PROFESSOR DO MAGISTERIO SUPERIOR,Sem função
805835,Aposentado,VIGILANTE,Sem função
1340830,Ativo,PROFESSOR DO MAGISTERIO SUPERIOR,Sem função
810886,Ativo,VIGILANTE,Sem função
492544,Ativo,VIGILANTE,Sem função
492544,Pensionista,ASCENSORISTA,Sem função
492544,Ativo,Sem informaç,FG 000.3
2829776,Ativo,MEDICO VETERINARIO,Sem função
2786288,Ativo,PROFESSOR MAGISTERIO SUPERIOR-SUBSTITUTO,Sem função
2692186,Aposentado,ASSISTENTE EM ADMINISTRACAO,Sem função
313771,Aposentado,PROFESSOR DO MAGISTERIO SUPERIOR,Sem função
313771,Aposentado,PROFESSOR DO MAGISTERIO SUPERIOR,Sem função
2925592,Ativo,PEDREIRO,Sem função
3855341,Ativo,MEDICO RESIDENTE,Sem função
1239821,Ativo,VIGILANTE,Sem função
1859207,Ativo,ASSISTENTE EM ADMINISTRACAO,Sem função
1859207,Ativo,Sem informaç,GF 002.5
1254181,Aposentado,PROFESSOR DO MAGISTERIO SUPERIOR,Sem função
1254181,Aposentado,MEDICO-AREA,Sem função
268109,Ativo,PROFESSOR DO MAGISTERIO SUPERIOR,Sem função
268109,Ativo,Sem informaç,FUC 000.1
374037,Ativo,PROFESSOR DO MAGISTERIO SUPERIOR,Sem função
1186613,Aposentado,PROFESSOR DO MAGISTERIO SUPERIOR,Sem função
1773522,Aposentado,PROFESSOR DO MAGISTERIO SUPERIOR,Sem função
315150,Ativo,PROFESSOR DO MAGISTERIO SUPERIOR,Sem função
198547,Aposentado,PROFESSOR DO MAGISTERIO SUPERIOR,Sem função
198547,Pensionista,PROFESSOR DO MAGISTERIO SUPERIOR,Sem função
2433092,Ativo,TECNICO EM CONTABILIDADE,Sem função
462269,Ativo,MESTRE DE EDIF E INFRAESTRUTURA,Sem função
2352895,Ativo,PROFESSOR DO MAGISTERIO SUPERIOR,Sem função
2949056,Ativo,TEC DE TECNOLOGIA DA INFORMACAO,Sem função
16735,Aposentado,TEC DE TECNOLOGIA DA INFORMACAO,Sem função
2969525,Aposentado,OPERADOR DE MAQUINA COPIADORA,Sem função
1464418,Ativo,FARMACEUTICO-HABILITACAO,Sem função
2201751,Aposentado,PROFESSOR DO MAGISTERIO SUPERIOR,Sem função
890987,Aposentado,ATENDENTE DE ENFERMAGEM,Sem função
857952,Aposentado,PROFESSOR DO MAGISTERIO SUPERIOR,Sem função
1435494,Ativo,TECNICO DE LABORATORIO AREA,Sem função
1852415,Aposentado,PROFESSOR DO MAGISTERIO SUPERIOR,Sem função
1133933,Aposentado,ASSISTENTE EM ADMINISTRACAO,Sem função
3298034,Ativo,PROFESSOR DO MAGISTERIO SUPERIOR,Sem função
501568,Ativo,PROFESSOR DO MAGISTERIO SUPERIOR,Sem função
3190584,Ativo,PROFESSOR DO MAGISTERIO SUPERIOR,Sem função
46982,Ativo,PROFESSOR DO MAGISTERIO SUPERIOR,Sem função
1224601,Ativo,MEDICO-AREA,Sem função
2242837,Aposentado,PROFESSOR DO MAGISTERIO SUPERIOR,Sem função
2779131,Ativo,PROFESSOR DO MAGISTERIO SUPERIOR,Sem função
54552,Ativo,ASSISTENTE EM ADMINISTRACAO,Sem função
2491988,Aposentado,PROFESSOR DO MAGISTERIO SUPERIOR,Sem função
426712,Aposentado,ALMOXARIFE,Sem função
787114,Ativo,IMPRESSOR,Sem função
1355735,Pensionista,PROFESSOR DO MAGISTERIO SUPERIOR,Sem função
1543389,Ativo,VIGILANTE,Sem função
1047301,Aposentado,ASSISTENTE EM ADMINISTRACAO,Sem função
2307051,Aposentado,ARMAZENISTA,Sem função
431650,Ativo,ASSISTENTE EM ADMINISTRACAO,Sem função
325600,Aposentado,ECONOMISTA,Sem função
416611,Ativo,PROFESSOR DO MAGISTERIO SUPERIOR,Sem função
500265,Ativo,ASSISTENTE EM ADMINISTRACAO,Sem função
357268,Ativo,PROFESSOR DO MAGISTERIO SUPERIOR,Sem função
998876,Aposentado,PROFESSOR DO MAGISTERIO SUPERIOR,Sem função
2162916,Aposentado,PROFESSOR DO MAGISTERIO SUPERIOR,Sem função
928051,Aposentado,SERVENTE DE LIMPEZA,Sem função
2924251,Ativo,PROFESSOR DO MAGISTERIO SUPERIOR,Sem função
1322586,Ativo,PROFESSOR DO MAGISTERIO SUPERIOR,Sem função
3705435,Ativo,TECNICO EM CONTABILIDADE,Sem função
555031,Ativo,PROFESSOR DO MAGISTERIO SUPERIOR,Sem função
1894463,Ativo,PROFESSOR DO MAGISTERIO SUPERIOR,Sem função
730868,Aposentado,RECEPCIONISTA,Sem função
852184,Aposentado,VIGILANTE,Sem função
1127622,Aposentado,PROFESSOR DO MAGISTERIO SUPERIOR,Sem função
1238190,Ativo,PROFESSOR MAGISTERIO SUPERIOR -VISITANTE,Sem função
1777581,Aposentado,PROFESSOR DO MAGISTERIO SUPERIOR,Sem função
453708,Aposentado,ROTEIRISTA,Sem função
453708,Aposentado,PROFESSOR DO MAGISTERIO SUPERIOR,Sem função
2537594,Pensionista,PROFESSOR DO MAGISTERIO SUPERIOR,Sem função
2159546,Aposentado,ASSISTENTE EM ADMINISTRACAO,Sem função
291611,Ativo,ASSISTENTE EM ADMINISTRACAO,Sem função
935974,Aposentado,PROFESSOR DO MAGISTERIO SUPERIOR,Sem função
1758187,Ativo,TECNICO DE LABORATORIO AREA,Sem função
3602361,Aposentado,PROFESSOR ENS BASICO TECN TECNOLOGICO,Sem função
2202766,Ativo,PROFESSOR DO MAGISTERIO SUPERIOR,Sem função
2218199,Ativo,PROFESSOR DO MAGISTERIO SUPERIOR,Sem função
2104847,Aposentado,PROFESSOR DO MAGISTERIO SUPERIOR,Sem função
3009173,Aposentado,PROFESSOR DO MAGISTERIO SUPERIOR,Sem função
2584196,Ativo,PROFESSOR MAGISTERIO SUPERIOR -VISITANTE,Sem função
1459693,Aposentado,ASSISTENTE EM ADMINISTRACAO,Sem função
1168496,Ativo,AUX EM ADMINISTRACAO,Sem função
1043482,Ativo,ASSISTENTE EM ADMINISTRACAO,Sem função
1043482,Ativo,Sem informaç,FG 000.3
1645955,Ativo,PROFESSOR DO MAGISTERIO SUPERIOR,Sem função
2182157,Aposentado,PROFESSOR DO MAGISTERIO SUPERIOR,Sem função
1155032,Ativo,PROFESSOR DO MAGISTERIO SUPERIOR,Sem função
2303335,Ativo,VIGILANTE,Sem função
2822822,Aposentado,PROFESSOR DO MAGISTERIO SUPERIOR,Sem função
2822822,Aposentado,PROFESSOR DO MAGISTERIO SUPERIOR,Sem função
885135,Aposentado,MEDICO-AREA,Sem função
1297184,Ativo,TECNICO EM ENFERMAGEM,Sem função
2561158,Aposentado,PROFESSOR DO MAGISTERIO SUPERIOR,Sem função
2624483,Aposentado,MECANICO,Sem função
547603,Aposentado,VIGILANTE,Sem função
1610619,Ativo,ENGENHEIRO-AREA,Sem função
1417985,Ativo,PROFESSOR MAGISTERIO SUPERIOR-SUBSTITUTO,Sem função
109792,Ativo,VIGILANTE,Sem função
109792,Ativo,Sem informaç,FG 000.3
3671575,Aposentado,AUXILIAR DE LABORATORIO,Sem função
131417,Ativo,ASSISTENTE EM ADMINISTRACAO,Sem função
466917,Ativo,CONTINUO,Sem função
22748,Aposentado,ASSISTENTE EM ADMINISTRACAO,Sem função
165892,Aposentado,AUXILIAR DE ENFERMAGEM,Sem função
3257463,Ativo,PROFESSOR DO MAGISTERIO SUPERIOR,Sem função
2497618,Aposentado,RECEPCIONISTA,Sem função
734294,Ativo,PROFESSOR DO MAGISTERIO SUPERIOR,Sem função
3102226,Ativo,AUX EM ADMINISTRACAO,Sem função
3113191,Aposentado,MOTORISTA,Sem função
3168747,Aposentado,PROFESSOR DO MAGISTERIO SUPERIOR,Sem função
890934,Aposentado,ASSISTENTE EM ADMINISTRACAO,Sem função
765189,Ativo,ADMINISTRADOR,Sem função
2874173,Ativo,PROFESSOR DO MAGISTERIO SUPERIOR,Sem função
1789924,Aposentado,TECNICO EM MECANICA,Sem função
2914740,Ativo,MEDICO-AREA,Sem função
676924,Ativo,ASSISTENTE EM ADMINISTRACAO,Sem função
978797,Pensionista,TECNICO EM RADIOLOGIA,Sem função
1483654,Ativo,ASSISTENTE EM ADMINISTRACAO,Sem função
1937777,Aposentado,PROFESSOR DO MAGISTERIO SUPERIOR,Sem função
259318,Ativo,PROFESSOR DO MAGISTERIO SUPERIOR,Sem função
3200508,Ativo,PROFESSOR DO MAGISTERIO SUPERIOR,Sem função
2086463,Ativo,PROFESSOR DO MAGISTERIO SUPERIOR,Sem função
3241127,Ativo,VIGILANTE,Sem função
2765855,Aposentado,PROFESSOR DO MAGISTERIO SUPERIOR,Sem função
1773716,Pensionista,AUXILIAR DE LABORATORIO,Sem função
84973,Aposentado,TECNICO DE LABORATORIO AREA,Sem função
3055692,Ativo,PROFESSOR DO MAGISTERIO SUPERIOR,Sem função
2562234,Aposentado,AUXILIAR OPERACIONAL,Sem função
1368478,Ativo,TECNICO EM RADIOLOGIA,Sem função
1664874,Aposentado,PROFESSOR DO MAGISTERIO SUPERIOR,Sem função
2764394,Ativo,AUX EM ADMINISTRACAO,Sem função
3008059,Ativo,PROFESSOR MAGISTERIO SUPERIOR-SUBSTITUTO,Sem função
1102185,Aposentado,TECNICO DE LABORATORIO AREA,Sem função
3165334,Ativo,VIGILANTE,Sem função
1944053,Ativo,PROFESSOR DO MAGISTERIO SUPERIOR,Sem função
1944053,Ativo,Sem informaç,CD 000.4
1034436,Ativo,PROFESSOR DO MAGISTERIO SUPERIOR,Sem função
1034436,Aposentado,PROFESSOR DO MAGISTERIO SUPERIOR,Sem função
3083703,Ativo,PROFESSOR MAGISTERIO SUPERIOR-SUBSTITUTO,Sem função
2367270,Ativo,ASSISTENTE EM ADMINISTRACAO,Sem função
2367270,Ativo,Sem informaç,FG 000.1
352527,Ativo,ASSIST DE TECNOLOGIA DA INFORMACAO,Sem função
3386607,Ativo,ASSISTENTE EM ADMINISTRACAO,Sem função
3386607,Ativo,Sem informaç,FG 000.1
2531231,Aposentado,PROFESSOR DO MAGISTERIO SUPERIOR,Sem função
2756476,Ativo,ENFERMEIRO-AREA,Sem função
1311393,Ativo,VIGILANTE,Sem função
118393,Aposentado,ATENDENTE DE ENFERMAGEM,Sem função
3493329,Ativo,PROFESSOR DO MAGISTERIO SUPERIOR,Sem função
752139,Aposentado,PROFESSOR DO MAGISTERIO SUPERIOR,Sem função
2939851,Ativo,MEDICO-AREA,Sem função
1367854,Aposentado,PROFESSOR DO MAGISTERIO SUPERIOR,Sem função
218491,Ativo,ODONTOLOGO - 30 HORAS - DL 1445-76,Sem função
3137773,Ativo,PROFESSOR DO MAGISTERIO SUPERIOR,Sem função
3137773,Ativo,Sem informaç,FG 000.1
2093467,Ativo,TRADUTOR INTERPRETE DE LINGUAGEM SINAIS,Sem função
2259871,Ativo,PROFESSOR DO MAGISTERIO SUPERIOR,Sem função
543782,Ativo,MOTORISTA,Sem função
337337,Aposentado,ATENDENTE DE ENFERMAGEM,Sem função
1124999,Aposentado,PROFESSOR DO MAGISTERIO SUPERIOR,Sem função
1249097,Aposentado,AUXILIAR DE NUTRICAO E DIETETICA,Sem função
1776248,Aposentado,TIPOGRAFO,Sem função
494620,Aposentado,TECNICO EM ELETROTECNICA,Sem função
3183390,Ativo,VIGILANTE,Sem função
3368246,Aposentado,AUXILIAR DE ENFERMAGEM,Sem função
530623,Aposentado,MECANICO,Sem função
3032643,Aposentado,PROFESSOR DO MAGISTERIO SUPERIOR,Sem função
227953,Ativo,PROFESSOR DO MAGISTERIO SUPERIOR,Sem função
586705,Aposentado,ASSISTENTE EM ADMINISTRACAO,Sem função
2170355,Pensionista,ASSISTENTE EM ADMINISTRACAO,Sem função
1453162,Pensionista,ASSISTENTE EM ADMINISTRACAO,Sem função
3221691,Ativo,PROFESSOR DO MAGISTERIO SUPERIOR,Sem função
2220922,Ativo,ASSISTENTE EM ADMINISTRACAO,Sem função
1527172,Aposentado,AUXILIAR DE ENFERMAGEM,Sem função
2790892,Ativo,ASSISTENTE EM ADMINISTRACAO,Sem função
3511663,Ativo,PROFESSOR DO MAGISTERIO SUPERIOR,Sem função
292739,Aposentado,PROFESSOR DO MAGISTERIO SUPERIOR,Sem função
2373442,Ativo,ASSISTENTE EM ADMINISTRACAO,Sem função
3855945,Ativo,ASSISTENTE EM ADMINISTRACAO,Sem função
2525140,Ativo,OPERADOR DE MAQ AGRICOLAS,Sem função
3578974,Aposentado,EDITOR DE IMAGENS,Sem função
2785897,Pensionista,AUX EM ADMINISTRACAO,Sem função
3612195,Aposentado,PROFESSOR DO MAGISTERIO SUPERIOR,Sem função
3129230,Ativo,PROFESSOR DO MAGISTERIO SUPERIOR,Sem função
842023,Aposentado,ASSISTENTE EM ADMINISTRACAO,Sem função
1064810,Ativo,PROFESSOR DO MAGISTERIO SUPERIOR,Sem função
3851632,Ativo,TEC DE TECNOLOGIA DA INFORMACAO,Sem função
121755,Aposentado,TEC EM ANATOMIA E NECROPSIA,Sem função
734145,Pensionista,PROFESSOR DO MAGISTERIO SUPERIOR,Sem função
321424,Aposentado,PROFESSOR DO MAGISTERIO SUPERIOR,Sem função
1336963,Aposentado,AUXILIAR DE ENFERMAGEM,Sem função
2848939,Aposentado,AUX EM ADMINISTRACAO,Sem função
2523769,Ativo,AUXILIAR DE ENFERMAGEM,Sem função
2290824,Ativo,AUX EM ADMINISTRACAO,Sem função
1876132,Aposentado,TEC DE TECNOLOGIA DA INFORMACAO,Sem função
2557703,Pensionista,VIGILANTE,Sem função
864552,Pensionista,RECEPCIONISTA,Sem função
2072289,Aposentado,TECNICO EM ENFERMAGEM,Sem função
2261122,Aposentado,AUXILIAR DE ENFERMAGEM,Sem função
2191965,Pensionista,EDITOR DE IMAGENS,Sem função
3784262,Aposentado,AUXILIAR DE SAUDE,Sem função
3515012,Pensionista,TECNICO DE LABORATORIO AREA,Sem função
1762099,Aposentado,TECNICO EM ENFERMAGEM,Sem função
1988959,Pensionista,TEC EM ANATOMIA E NECROPSIA,Sem função
3742527,Pensionista,ASSISTENTE EM ADMINISTRACAO,Sem função
1360002,Pensionista,MOTORISTA,Sem função
855728,Aposentado,ASSISTENTE EM ADMINISTRACAO,Sem função
1850340,Aposentado,AUXILIAR DE ENFERMAGEM,Sem função
1948566,Aposentado,PROFESSOR ENS BASICO TECN TECNOLOGICO,Sem função
425931,Ativo,COPEIRO,Sem função
3817747,Pensionista,TAXIDERMISTA,Sem função
3767739,Aposentado,AUXILIAR DE ENFERMAGEM,Sem função
2609213,Pensionista,RECEPCIONISTA,Sem função
2079276,Pensionista,VIGILANTE,Sem função
2602264,Aposentado,SERVENTE DE LIMPEZA,Sem função
2619446,Aposentado,AUXILIAR DE ENFERMAGEM,Sem função
3763582,Ativo,TECNICO EM ENFERMAGEM,Sem função
1496884,Aposentado,AUXILIAR DE ENFERMAGEM,Sem função
1795879,Pensionista,ATENDENTE DE CONSULTORIO-AREA,Sem função
1029931,Aposentado,PROFESSOR DO MAGISTERIO SUPERIOR,Sem função
2961584,Pensionista,MARCENEIRO,Sem função
1581526,Aposentado,AUXILIAR DE SAUDE,Sem função
329528,Aposentado,AUXILIAR DE ENFERMAGEM,Sem função
228856,Aposentado,ASCENSORISTA,Sem função
3282467,Aposentado,PROFESSOR DO MAGISTERIO SUPERIOR,Sem função
191123,Aposentado,NUTRICIONISTA-HABILITACAO,Sem função
1197254,Ativo,VESTIARISTA,Sem função
2709572,Aposentado,PROFESSOR DO MAGISTERIO SUPERIOR,Sem função
3858876,Ativo,ASSISTENTE EM ADMINISTRACAO,Sem função
2416704,Ativo,AUXILIAR DE NUTRICAO E DIETETICA,Sem função
2416704,Ativo,Sem informaç,FG 000.3
3657811,Aposentado,PROFESSOR DO MAGISTERIO SUPERIOR,Sem função
2034312,Ativo,TECNICO DE LABORATORIO AREA,Sem função
2533174,Pensionista,RECEPCIONISTA,Sem função
958372,Pensionista,RECEPCIONISTA,Sem função
886880,Aposentado,PROFESSOR DO MAGISTERIO SUPERIOR,Sem função
1688618,Aposentado,ARQUIVISTA,Sem função
1809090,Ativo,MECANICO,Sem função
2527734,Pensionista,PROFESSOR DE 1  E 2  GRAUS,Sem função
381583,Ativo,FISIOTERAPEUTA,Sem função
1089162,Ativo,BIBLIOTECARIO-DOCUMENTALISTA,Sem função
1073135,Pensionista,RECEPCIONISTA,Sem função
403576,Ativo,AUXILIAR DE ENFERMAGEM,Sem função
283333,Aposentado,SERVENTE DE LIMPEZA,Sem função
410667,Ativo,AUXILIAR DE ENFERMAGEM,Sem função
3411546,Ativo,TECNICO EM CONTABILIDADE,Sem função
115045,Ativo,PROFESSOR DO MAGISTERIO SUPERIOR,Sem função
800950,Aposentado,PROFESSOR DO MAGISTERIO SUPERIOR,Sem função
560354,Aposentado,TECNICO EM ENFERMAGEM,Sem função
1670229,Aposentado,PROFESSOR DO MAGISTERIO SUPERIOR,Sem função
2670136,Aposentado,MEDICO-AREA,Sem função
29234,Aposentado,AUX EM ADMINISTRACAO,Sem função
170858,Pensionista,CONTINUO,Sem função
950246,Aposentado,TECNICO EM ASSUNTOS EDUCACIONAIS,Sem função
849328,Pensionista,RECEPCIONISTA,Sem função
3192931,Aposentado,PROFESSOR DO MAGISTERIO SUPERIOR,Sem função
2661051,Ativo,TECNICO EM CINEMATOGRAFIA,Sem função
1053332,Aposentado,VIGILANTE,Sem função
3383254,Aposentado,AUX EM ADMINISTRACAO,Sem função
1672088,Pensionista,PROFESSOR 3 GRAU,Sem função
2589957,Pensionista,RECEPCIONISTA,Sem função
1777413,Pensionista,RECEPCIONISTA,Sem função
1040807,Ativo,PROFESSOR DO MAGISTERIO SUPERIOR,Sem função
2089470,Ativo,ASSISTENTE EM ADMINISTRACAO,Sem função
2651109,Pensionista,RECEPCIONISTA,Sem função
1098242,Ativo,ASSISTENTE EM ADMINISTRACAO,Sem função
1098242,Ativo,Sem informaç,FG 000.3
2996991,Ativo,SECRETARIO EXECUTIVO,Sem função
1532462,Aposentado,VIGILANTE,Sem função
1855582,Ativo,VIGILANTE,Sem função
868779,Aposentado,VIGILANTE,Sem função
282567,Aposentado,VIGILANTE,Sem função
2505060,Ativo,BIBLIOTECARIO-DOCUMENTALISTA,Sem função
2505060,Ativo,Sem informaç,FG 000.1
1862771,Ativo,PROFESSOR DO MAGISTERIO SUPERIOR,Sem função
2717022,Pensionista,PROF DO ENSINO BASICO TEC TECNOLOGICO,Sem função
1777197,Ativo,AUXILIAR DE ENFERMAGEM,Sem função
24401,Ativo,AUX EM ADMINISTRACAO,Sem função
3614175,Pensionista,AUX EM ADMINISTRACAO,Sem função
3161613,Ativo,ENFERMEIRO-AREA,Sem função
2326649,Ativo,PROFESSOR DO MAGISTERIO SUPERIOR,Sem função
3709668,Ativo,EDITOR DE IMAGENS,Sem função
3709668,Ativo,Sem informaç,FG 000.1
1008523,Ativo,PROFESSOR DO MAGISTERIO SUPERIOR,Sem função
1244209,Aposentado,ASSISTENTE EM ADMINISTRACAO,Sem função
1764174,Aposentado,TECNICO EM ENFERMAGEM,Sem função
2116623,Ativo,AUXILIAR DE ENFERMAGEM,Sem função
1260647,Ativo,ASSISTENTE EM ADMINISTRACAO,Sem função
1769869,Ativo,PROFESSOR DO MAGISTERIO SUPERIOR,Sem função
401504,Aposentado,ASSISTENTE EM ADMINISTRACAO,Sem função
694616,Aposentado,FARMACEUTICO-HABILITACAO,Sem função
1741825,Aposentado,TECNICO EM ENFERMAGEM,Sem função
2580794,Pensionista,CONTRAMESTRE-OFICIO,Sem função
2888416,Aposentado,ASSISTENTE SOCIAL,Sem função
3669981,Aposentado,ENGENHEIRO-AREA,Sem função
3623370,Aposentado,TECNICO EM RADIOLOGIA,Sem função
2159835,Aposentado,VIGILANTE,Sem função
3137498,Aposentado,ASSISTENTE EM ADMINISTRACAO,Sem função
1159619,Ativo,ASSISTENTE EM ADMINISTRACAO,Sem função
3138448,Ativo,VIGILANTE,Sem função
2950691,Ativo,AUX EM ADMINISTRACAO,Sem função
749802,Pensionista,RECEPCIONISTA,Sem função
2789187,Pensionista,ADMINISTRADOR DE EDIFICIOS,Sem função
2108039,Aposentado,SECRETARIO EXECUTIVO,Sem função
2250048,Ativo,PROFESSOR DO MAGISTERIO SUPERIOR,Sem função
2656624,Ativo,MEDICO RESIDENTE,Sem função
725959,Pensionista,AUX EM ADMINISTRACAO,Sem função
433542,Ativo,AUX EM ADMINISTRACAO,Sem função
3718004,Ativo,PROFESSOR MAGISTERIO SUPERIOR-SUBSTITUTO,Sem função
446832,Ativo,PROFESSOR DO MAGISTERIO SUPERIOR,Sem função
815438,Ativo,PROFESSOR DO MAGISTERIO SUPERIOR,Sem função
815438,Ativo,Sem informaç,FUC 000.1
2859287,Ativo,ASSISTENTE EM ADMINISTRACAO,Sem função
2845341,Ativo,OPERADOR DE CAMERA DE CINEMA E TV,Sem função
2845341,Ativo,Sem informaç,CD 000.4
60736,Ativo,TECNICO EM REFRIGERACAO,Sem função
2156926,Aposentado,SERVENTE DE LIMPEZA,Sem função
351754,Ativo,PSICOLOGO-AREA,Sem função
397559,Aposentado,COPEIRO,Sem função
1885467,Ativo,AUXILIAR DE ENFERMAGEM,Sem função
1847007,Pensionista,CONTRAMESTRE-OFICIO,Sem função
3850361,Pensionista,VIGILANTE,Sem função
3328772,Aposentado,PROFESSOR DO MAGISTERIO SUPERIOR,Sem função
118070,Aposentado,PROFESSOR DO MAGISTERIO SUPERIOR,Sem função
722039,Pensionista,SERVENTE DE LIMPEZA,Sem função
2679813,Ativo,AUX EM ADMINISTRACAO,Sem função
3318597,Aposentado,AUXILIAR DE ENFERMAGEM,Sem função
186448,Aposentado,AUX EM ADMINISTRACAO,Sem função
2200058,Pensionista,AUXILIAR OPERACIONAL,Sem função
3679269,Pensionista,ASSISTENTE DE LABORATORIO,Sem função
3197066,Aposentado,ASSISTENTE EM ADMINISTRACAO,Sem função
1361734,Pensionista,TECNICO EM ARTES GRAFICAS,Sem função
3001323,Aposentado,PROFESSOR DO MAGISTERIO SUPERIOR,Sem função
2874705,Ativo,PROFESSOR DO MAGISTERIO SUPERIOR,Sem função
2173235,Pensionista,PROFESSOR DO MAGISTERIO SUPERIOR,Sem função
1573998,Aposentado,ASSISTENTE EM ADMINISTRACAO,Sem função
1960252,Aposentado,AUXILIAR DE ENFERMAGEM,Sem função
2815052,Ativo,PROFESSOR DO MAGISTERIO SUPERIOR,Sem função
3571671,Pensionista,PROFESSOR DO MAGISTERIO SUPERIOR,Sem função
1446878,Ativo,ASSISTENTE EM ADMINISTRACAO,Sem função
2369747,Ativo,AUXILIAR DE ENFERMAGEM,Sem função
3406642,Ativo,PROFESSOR MAGISTERIO SUPERIOR-SUBSTITUTO,Sem função
2854603,Ativo,AUX EM ADMINISTRACAO,Sem função
27812,Ativo,TECNICO EM CONTABILIDADE,Sem função
2872772,Ativo,PROFESSOR DO MAGISTERIO SUPERIOR,Sem função
3475895,Ativo,PROFESSOR DO MAGISTERIO SUPERIOR,Sem função
3475895,Ativo,Sem informaç,FG 000.1
525526,Ativo,PROFESSOR DO MAGISTERIO SUPERIOR,Sem função
213148,Ativo,MEDICO RESIDENTE,Sem função
3001089,Ativo,MEDICO-AREA,Sem função
1132442,Ativo,CONTADOR,Sem função
1132442,Ativo,Sem informaç,CD 000.4
387944,Ativo,BIOLOGO,Sem função
3254442,Ativo,MEDICO RESIDENTE,Sem função
1252064,Ativo,TECNICO EM ASSUNTOS EDUCACIONAIS,Sem função
1616636,Ativo,PROFESSOR MAGISTERIO SUPERIOR-SUBSTITUTO,Sem função
1157240,Ativo,TECNICO EM ENFERMAGEM,Sem função
1646610,Ativo,ENFERMEIRO-AREA,Sem função
2943219,Ativo,TECNICO EM SECRETARIADO,Sem função
1806447,Ativo,ASSISTENTE SOCIAL,Sem função
264578,Ativo,PROFESSOR DO MAGISTERIO SUPERIOR,Sem função
630080,Ativo,MEDICO RESIDENTE,Sem função
3014012,Ativo,ASSISTENTE EM ADMINISTRACAO,Sem função
3324351,Ativo,ASSISTENTE EM ADMINISTRACAO,Sem função
2479468,Ativo,PROFESSOR DO MAGISTERIO SUPERIOR,Sem função
3855933,Ativo,ASSISTENTE EM ADMINISTRACAO,Sem função
3851501,Ativo,MEDICO RESIDENTE,Sem função
1097235,Ativo,PROFESSOR DO MAGISTERIO SUPERIOR,Sem função
1674132,Ativo,ASSISTENTE EM ADMINISTRACAO,Sem função
501673,Ativo,ASSISTENTE EM ADMINISTRACAO,Sem função
1099383,Ativo,AUX EM ADMINISTRACAO,Sem função
2556435,Ativo,PROFESSOR DO MAGISTERIO SUPERIOR,Sem função
456385,Ativo,PROFESSOR DO MAGISTERIO SUPERIOR,Sem função
2474968,Aposentado,ASSISTENTE EM ADMINISTRACAO,Sem função
272730,Ativo,ASSISTENTE EM ADMINISTRACAO,Sem função
3209133,Ativo,ASSISTENTE EM ADMINISTRACAO,Sem função
1069188,Ativo,PROFESSOR DO MAGISTERIO SUPERIOR,Sem função
235930,Ativo,PROFESSOR DO MAGISTERIO SUPERIOR,Sem função
1638709,Ativo,PROFESSOR DO MAGISTERIO SUPERIOR,Sem função
2239074,Ativo,PROFESSOR DO MAGISTERIO SUPERIOR,Sem função
3859620,Ativo,ASSISTENTE EM ADMINISTRACAO,Sem função
453378,Ativo,TECNICO EM ASSUNTOS EDUCACIONAIS,Sem função
1960790,Ativo,TECNICO EM CONTABILIDADE,Sem função
1393127,Ativo,PROFESSOR DO MAGISTERIO SUPERIOR,Sem função
1393127,Ativo,Sem informaç,FG 000.1
890186,Ativo,PROFESSOR DO MAGISTERIO SUPERIOR,Sem função
416555,Ativo,AUXILIAR DE ENFERMAGEM,Sem função
2007887,Pensionista,OPERADOR DE MAQUINA COPIADORA,Sem função
619055,Ativo,TECNOLOGO-FORMACAO,Sem função
619055,Ativo,Sem informaç,FEX 011.0
1077011,Ativo,ASSISTENTE SOCIAL,Sem função
1268134,Ativo,PROFESSOR DO MAGISTERIO SUPERIOR,Sem função
2899418,Ativo,PROFESSOR DO MAGISTERIO SUPERIOR,Sem função
2899418,Ativo,Sem informaç,FUC 000.1
1402930,Ativo,TECNOLOGO-FORMACAO,Sem função
61844,Ativo,MEDICO RESIDENTE,Sem função
599501,Ativo,PROFESSOR DO MAGISTERIO SUPERIOR,Sem função
1007153,Aposentado,PROFESSOR DO MAGISTERIO SUPERIOR,Sem função
3408895,Ativo,RESIDENCIA MULTIPROFISSIONAL,Sem função
3851850,Ativo,MEDICO RESIDENTE,Sem função
1637740,Ativo,PROFESSOR DO MAGISTERIO SUPERIOR,Sem função
244593,Ativo,ASSISTENTE EM ADMINISTRACAO,Sem função
2085561,Aposentado,PROFESSOR DO MAGISTERIO SUPERIOR,Sem função
1376953,Ativo,AUX EM ADMINISTRACAO,Sem função
3343266,Ativo,PROFESSOR MAGISTERIO SUPERIOR-SUBSTITUTO,Sem função
2578782,Ativo,FONOAUDIOLOGO,Sem função
1394270,Ativo,PROFESSOR DO MAGISTERIO SUPERIOR,Sem função
2732965,Aposentado,MEDICO-AREA,Sem função
2125928,Ativo,PROFESSOR DO MAGISTERIO SUPERIOR,Sem função
2125928,Ativo,Sem informaç,FG 000.1
1496010,Ativo,TECNICO DE LABORATORIO AREA,Sem função
2800999,Ativo,MEDICO-AREA,Sem função
1648392,Ativo,TECNICO EM ASSUNTOS EDUCACIONAIS,Sem função
3591847,Pensionista,ENGENHEIRO-AREA,Sem função
3591847,Pensionista,PROFESSOR DO MAGISTERIO SUPERIOR,Sem função
1371968,Ativo,PROFESSOR DO MAGISTERIO SUPERIOR,Sem função
188488,Aposentado,AUXILIAR DE ENFERMAGEM,Sem função
1822291,Ativo,TECNICO DE LABORATORIO AREA,Sem função
1515322,Ativo,ASSISTENTE EM ADMINISTRACAO,Sem função
774564,Aposentado,ESTATISTICO,Sem função
3739636,Ativo,PROFESSOR ENS BASICO TECN TECNOLOGICO,Sem função
819098,Ativo,TECNICO DE LABORATORIO AREA,Sem função
1254952,Ativo,ADMINISTRADOR,Sem função
274488,Ativo,PROFESSOR DO MAGISTERIO SUPERIOR,Sem função
274488,Ativo,Sem informaç,FUC 000.1
3532612,Ativo,PROFESSOR DO MAGISTERIO SUPERIOR,Sem função
3532612,Ativo,Sem informaç,FUC 000.1
1597976,Ativo,TECNICO DE LABORATORIO AREA,Sem função
2972398,Ativo,AUX EM ADMINISTRACAO,Sem função
2972398,Ativo,Sem informaç,FG 000.1
3854065,Ativo,RESIDENCIA MULTIPROFISSIONAL,Sem função
3723708,Ativo,AUX EM ADMINISTRACAO,Sem função
3510248,Ativo,ASSISTENTE EM ADMINISTRACAO,Sem função
2353497,Ativo,MESTRE DE EDIF E INFRAESTRUTURA,Sem função
1910872,Aposentado,TECNICO EM ARQUIVO,Sem função
2319907,Aposentado,ASSISTENTE EM ADMINISTRACAO,Sem função
3250343,Ativo,TECNICO EM ASSUNTOS EDUCACIONAIS,Sem função
1414484,Ativo,TECNICO EM ASSUNTOS EDUCACIONAIS,Sem função
832271,Ativo,PEDAGOGO-AREA,Sem função
3595785,Pensionista,PROFESSOR DO MAGISTERIO SUPERIOR,Sem função
3134529,Ativo,MEDICO RESIDENTE,Sem função
2791232,Ativo,PROFESSOR DO MAGISTERIO SUPERIOR,Sem função
2791232,Ativo,Sem informaç,CD 000.4
3691048,Aposentado,ASSISTENTE EM ADMINISTRACAO,Sem função
1668024,Ativo,PROFESSOR DO MAGISTERIO SUPERIOR,Sem função
1747061,Pensionista,ASSISTENTE EM ADMINISTRACAO,Sem função
270933,Aposentado,PROFESSOR DO MAGISTERIO SUPERIOR,Sem função
3624898,Pensionista,RECEPCIONISTA,Sem função
1941327,Aposentado,CONTADOR,Sem função
1519540,Aposentado,AUX EM ADMINISTRACAO,Sem função
1576472,Aposentado,CONTADOR,Sem função
377529,Ativo,PROFESSOR DO MAGISTERIO SUPERIOR,Sem função
689009,Pensionista,AUXILIAR DE LABORATORIO,Sem função
1965591,Aposentado,OPERADOR DE MAQ DE LAVANDERIA,Sem função
2259042,Aposentado,PROFESSOR DO MAGISTERIO SUPERIOR,Sem função
2259042,Pensionista,TRADUTOR INTERPRETE,Sem função
386831,Ativo,PROFESSOR DO MAGISTERIO SUPERIOR,Sem função
394835,Ativo,TECNICO EM RADIOLOGIA,Sem função
748563,Aposentado,TECNICO EM CONTABILIDADE,Sem função
1389958,Aposentado,PROFESSOR DO MAGISTERIO SUPERIOR,Sem função
1665810,Ativo,PINTOR DE CONST CENICA E PAINEIS,Sem função
88924,Ativo,PROFESSOR DO MAGISTERIO SUPERIOR,Sem função
1200994,Ativo,TECNICO DE LABORATORIO AREA,Sem função
1288511,Ativo,TECNICO DE LABORATORIO AREA,Sem função
87766,Ativo,TECNICO DE LABORATORIO AREA,Sem função
3087216,Ativo,MEDICO RESIDENTE,Sem função
2802388,Ativo,ASSISTENTE EM ADMINISTRACAO,Sem função
1296327,Ativo,BIBLIOTECARIO-DOCUMENTALISTA,Sem função
369589,Ativo,ASSISTENTE EM ADMINISTRACAO,Sem função
2105104,Ativo,ASSISTENTE EM ADMINISTRACAO,Sem função
3190844,Ativo,ASSISTENTE EM ADMINISTRACAO,Sem função
3299910,Ativo,PROFESSOR DO MAGISTERIO SUPERIOR,Sem função
3855050,Ativo,TECNICO EM FARMACIA,Sem função
2695954,Ativo,NUTRICIONISTA-HABILITACAO,Sem função
484691,Ativo,TECNICO EM ENFERMAGEM,Sem função
170863,Ativo,MEDICO RESIDENTE,Sem função
9912,Ativo,TECNICO DE LABORATORIO AREA,Sem função
2368111,Ativo,AUX EM ADMINISTRACAO,Sem função
2368111,Ativo,Inválido,Sem função
1397431,Ativo,PROFESSOR DO MAGISTERIO SUPERIOR,Sem função
3486100,Ativo,PROFESSOR DO MAGISTERIO SUPERIOR,Sem função
1890489,Ativo,AUX EM ADMINISTRACAO,Sem função
3550053,Ativo,ASSISTENTE EM ADMINISTRACAO,Sem função
3123323,Ativo,PROFESSOR DO MAGISTERIO SUPERIOR,Sem função
2344252,Ativo,MEDICO-AREA,Sem função
1261930,Ativo,FARMACEUTICO-HABILITACAO,Sem função
1088742,Ativo,PROFESSOR DO MAGISTERIO SUPERIOR,Sem função
2750076,Ativo,PROFESSOR DO MAGISTERIO SUPERIOR,Sem função
232099,Ativo,AUXILIAR DE ENFERMAGEM,Sem função
2524818,Ativo,PROFESSOR DO MAGISTERIO SUPERIOR,Sem função
1948738,Ativo,AUX EM ADMINISTRACAO,Sem função
206621,Ativo,ASSISTENTE EM ADMINISTRACAO,Sem função
206621,Ativo,Sem informaç,FG 000.3
1179543,Ativo,ASSISTENTE EM ADMINISTRACAO,Sem função
1365744,Ativo,PROFESSOR DO MAGISTERIO SUPERIOR,Sem função
2527318,Ativo,BIBLIOTECARIO-DOCUMENTALISTA,Sem função
2527318,Ativo,Sem informaç,FG 000.1
3226892,Ativo,AUX EM ADMINISTRACAO,Sem função
1050535,Ativo,PORTEIRO,Sem função
2972558,Ativo,TECNICO DE LABORATORIO AREA,Sem função
1547961,Ativo,PROFESSOR DO MAGISTERIO SUPERIOR,Sem função
1547961,Ativo,Sem informaç,FG 000.1
1029460,Ativo,MEDICO-AREA,Sem função
3131050,Ativo,PROFESSOR DO MAGISTERIO SUPERIOR,Sem função
3243592,Ativo,AUX EM ADMINISTRACAO,Sem função
3151972,Ativo,ASSISTENTE EM ADMINISTRACAO,Sem função
3151972,Ativo,Sem informaç,FG 000.1
383705,Ativo,ASSISTENTE EM ADMINISTRACAO,Sem função
2851289,Ativo,PROFESSOR DO MAGISTERIO SUPERIOR,Sem função
2911017,Ativo,PROFESSOR DO MAGISTERIO SUPERIOR,Sem função
1039822,Ativo,ASSISTENTE EM ADMINISTRACAO,Sem função
505101,Ativo,PROFESSOR DO MAGISTERIO SUPERIOR,Sem função
505101,Ativo,Sem informaç,FUC 000.1
3391210,Ativo,TECNICO EM ASSUNTOS EDUCACIONAIS,Sem função
1297202,Ativo,ENFERMEIRO-AREA,Sem função
2699302,Ativo,PROF ENS BAS TEC TECNOLOGICO-SUBSTITUTO,Sem função
515271,Ativo,TECNICO EM ASSUNTOS EDUCACIONAIS,Sem função
2304204,Ativo,ASSISTENTE EM ADMINISTRACAO,Sem função
2264055,Ativo,PROFESSOR DO MAGISTERIO SUPERIOR,Sem função
2081597,Ativo,CONTADOR,Sem função
3361081,Ativo,MEDICO RESIDENTE,Sem função
623380,Ativo,BIBLIOTECARIO-DOCUMENTALISTA,Sem função
3578690,Ativo,BIBLIOTECARIO-DOCUMENTALISTA,Sem função
377315,Ativo,SECRETARIO EXECUTIVO,Sem função
1188429,Ativo,PROFESSOR DO MAGISTERIO SUPERIOR,Sem função
2632515,Ativo,ESTATISTICO,Sem função
3252438,Ativo,ASSISTENTE EM ADMINISTRACAO,Sem função
3252438,Ativo,Sem informaç,FG 000.2
1131690,Ativo,PROFESSOR DO MAGISTERIO SUPERIOR,Sem função
273222,Ativo,PROFESSOR DO MAGISTERIO SUPERIOR,Sem função
5835,Ativo,PROFESSOR DO MAGISTERIO SUPERIOR,Sem função
42534,Ativo,PROFESSOR DO MAGISTERIO SUPERIOR,Sem função
3858625,Ativo,MEDICO RESIDENTE,Sem função
2381147,Ativo,PROFESSOR ENS BASICO TECN TECNOLOGICO,Sem função
2503637,Ativo,PROFESSOR DO MAGISTERIO SUPERIOR,Sem função
2503637,Ativo,Sem informaç,FUC 000.1
251657,Aposentado,ASSISTENTE EM ADMINISTRACAO,Sem função
126884,Ativo,PROFESSOR DO MAGISTERIO SUPERIOR,Sem função
3039028,Aposentado,ASSISTENTE EM ADMINISTRACAO,Sem função
288972,Ativo,ASSISTENTE EM ADMINISTRACAO,Sem função
288972,Ativo,Sem informaç,FG 000.2
1318176,Ativo,PROFESSOR DO MAGISTERIO SUPERIOR,Sem função
2365998,Ativo,PROFESSOR DO MAGISTERIO SUPERIOR,Sem função
2365998,Ativo,Sem informaç,FUC 000.1
1078519,Ativo,TECNICO DE LABORATORIO AREA,Sem função
8758,Ativo,PROFESSOR DO MAGISTERIO SUPERIOR,Sem função
489439,Ativo,PROFESSOR ENS BASICO TECN TECNOLOGICO,Sem função
2552386,Pensionista,PROFESSOR DO MAGISTERIO SUPERIOR,Sem função
1202726,Aposentado,PROFESSOR DO MAGISTERIO SUPERIOR,Sem função
728273,Aposentado,TECNICO EM ASSUNTOS EDUCACIONAIS,Sem função
2978822,Ativo,PROFESSOR DO MAGISTERIO SUPERIOR,Sem função
3148002,Ativo,SECRETARIO EXECUTIVO,Sem função
3219909,Ativo,BIBLIOTECARIO-DOCUMENTALISTA,Sem função
1126653,Ativo,PROFESSOR DO MAGISTERIO SUPERIOR,Sem função
1826080,Aposentado,PROFESSOR DO MAGISTERIO SUPERIOR,Sem função
316802,Ativo,PROFESSOR DO MAGISTERIO SUPERIOR,Sem função
155903,Pensionista,AUXILIAR OPERACIONAL,Sem função
562835,Ativo,AUX EM ADMINISTRACAO,Sem função
2735934,Aposentado,MEDICO-AREA,Sem função
1368704,Pensionista,RECEPCIONISTA,Sem função
2945374,Ativo,AUX EM ADMINISTRACAO,Sem função
891203,Pensionista,PROFESSOR DO MAGISTERIO SUPERIOR,Sem função
891203,Pensionista,PROFESSOR DO MAGISTERIO SUPERIOR,Sem função
577497,Ativo,PROFESSOR DO MAGISTERIO SUPERIOR,Sem função
577497,Ativo,Sem informaç,CD 000.4
2647968,Aposentado,PROFESSOR DO MAGISTERIO SUPERIOR,Sem função
1920615,Ativo,ASSISTENTE EM ADMINISTRACAO,Sem função
2665571,Ativo,ASSISTENTE EM ADMINISTRACAO,Sem função
44027,Ativo,AUXILIAR DE ENFERMAGEM,Sem função
1319322,Ativo,PSICOLOGO-AREA,Sem função
1294080,Ativo,PEDAGOGO-AREA,Sem função
3121665,Ativo,TECNICO EM ENFERMAGEM,Sem função
3221366,Ativo,ASSISTENTE EM ADMINISTRACAO,Sem função
1248204,Aposentado,PROFESSOR DO MAGISTERIO SUPERIOR,Sem função
318013,Ativo,PROFESSOR DO MAGISTERIO SUPERIOR,Sem função
456912,Ativo,PSICOLOGO-AREA,Sem função
372698,Ativo,PROFESSOR DO MAGISTERIO SUPERIOR,Sem função
2416824,Ativo,ASSISTENTE EM ADMINISTRACAO,Sem função
1655766,Ativo,PROFESSOR DO MAGISTERIO SUPERIOR,Sem função
68155,Ativo,PROFESSOR DO MAGISTERIO SUPERIOR,Sem função
2228183,Ativo,PROFESSOR DO MAGISTERIO SUPERIOR,Sem função
3860194,Ativo,PROFESSOR MAGISTERIO SUPERIOR-SUBSTITUTO,Sem função
2782412,Ativo,MEDICO-AREA,Sem função
1340557,Ativo,AUX EM ADMINISTRACAO,Sem função
2757746,Pensionista,PROFESSOR DO MAGISTERIO SUPERIOR,Sem função
362100,Ativo,RESIDENCIA MULTIPROFISSIONAL,Sem função
1758537,Ativo,PROFESSOR DO MAGISTERIO SUPERIOR,Sem função
3738983,Ativo,PROFESSOR DO MAGISTERIO SUPERIOR,Sem função
2092036,Ativo,PROFESSOR DO MAGISTERIO SUPERIOR,Sem função
1695739,Aposentado,OPERADOR DE MAQ DE LAVANDERIA,Sem função
1236015,Ativo,ENFERMEIRO-AREA,Sem função
317296,Ativo,PROFESSOR DO MAGISTERIO SUPERIOR,Sem função
3852120,Ativo,MEDICO RESIDENTE,Sem função
2312331,Ativo,PROFESSOR MAGISTERIO SUPERIOR-SUBSTITUTO,Sem função
2123632,Ativo,PROFESSOR DO MAGISTERIO SUPERIOR,Sem função
1012695,Ativo,TECNICO DE LABORATORIO AREA,Sem função
922760,Pensionista,ASSISTENTE EM ADMINISTRACAO,Sem função
708210,Aposentado,AUX EM ADMINISTRACAO,Sem função
556532,Ativo,ENFERMEIRO-AREA,Sem função
3142420,Ativo,ENFERMEIRO-AREA,Sem função
479169,Ativo,PROFESSOR DO MAGISTERIO SUPERIOR,Sem função
2827271,Ativo,TECNICO DE LABORATORIO AREA,Sem função
1348513,Ativo,TECNICO DE LABORATORIO AREA,Sem função
660995,Ativo,TECNICO DE LABORATORIO AREA,Sem função
482428,Aposentado,ASSISTENTE EM ADMINISTRACAO,Sem função
1294429,Aposentado,VIGILANTE,Sem função
2820073,Ativo,PROFESSOR DO MAGISTERIO SUPERIOR,Sem função
2875513,Ativo,ASSISTENTE EM ADMINISTRACAO,Sem função
2875513,Ativo,Inválido,Sem função
1514973,Ativo,PROFESSOR DO MAGISTERIO SUPERIOR,Sem função
3697232,Ativo,ASSISTENTE EM ADMINISTRACAO,Sem função
2504164,Ativo,TECNICO DE LABORATORIO AREA,Sem função
542824,Ativo,PROFESSOR DO MAGISTERIO SUPERIOR,Sem função
542824,Ativo,Sem informaç,FUC 000.1
591569,Ativo,ASSISTENTE EM ADMINISTRACAO,Sem função
1284714,Ativo,PROFESSOR DO MAGISTERIO SUPERIOR,Sem função
1284714,Ativo,Sem informaç,FUC 000.1
9379,Ativo,ADMINISTRADOR,Sem função
9379,Ativo,Sem informaç,FG 000.2
2372525,Aposentado,ASSISTENTE EM ADMINISTRACAO,Sem função
3062018,Ativo,MEDICO RESIDENTE,Sem função
2791685,Ativo,PROFESSOR DO MAGISTERIO SUPERIOR,Sem função
2791685,Ativo,Sem informaç,FUC 000.1
2291753,Ativo,TECNICO DE LABORATORIO AREA,Sem função
231931,Ativo,ASSISTENTE EM ADMINISTRACAO,Sem função
231931,Ativo,Sem informaç,FG 000.1
1526589,Ativo,ASSISTENTE EM ADMINISTRACAO,Sem função
2929629,Ativo,PRODUTOR CULTURAL,Sem função
2929629,Ativo,Inválido,Sem função
1179466,Ativo,TECNICO EM ARQUIVO,Sem função
1298238,Ativo,PROFESSOR DO MAGISTERIO SUPERIOR,Sem função
1298238,Ativo,Inválido,Sem função
2777317,Ativo,PSICOLOGO-AREA,Sem função
2611617,Pensionista,ASSISTENTE EM ADMINISTRACAO,Sem função
1383179,Ativo,TECNICO DE LABORATORIO AREA,Sem função
3857988,Ativo,ASSISTENTE EM ADMINISTRACAO,Sem função
70180,Ativo,ASSISTENTE EM ADMINISTRACAO,Sem função
1403262,Aposentado,TECNICO EM ENFERMAGEM,Sem função
2203698,Pensionista,PROFESSOR 3 GRAU,Sem função
970258,Ativo,BIBLIOTECARIO-DOCUMENTALISTA,Sem função
1730389,Aposentado,VIGILANTE,Sem função
1581258,Aposentado,PROFESSOR DO MAGISTERIO SUPERIOR,Sem função
1825510,Pensionista,TECNICO DE LABORATORIO AREA,Sem função
1516175,Ativo,MEDICO-AREA,Sem função
1241913,Ativo,PROFESSOR DO MAGISTERIO SUPERIOR,Sem função
301104,Ativo,MEDICO-AREA,Sem função
1218199,Ativo,PROFESSOR DO MAGISTERIO SUPERIOR,Sem função
3434986,Ativo,PROFESSOR DO MAGISTERIO SUPERIOR,Sem função
1241293,Ativo,VIGILANTE,Sem função
3094824,Aposentado,TECNICO DE LABORATORIO AREA,Sem função
2020984,Aposentado,ASSISTENTE EM ADMINISTRACAO,Sem função
1992962,Aposentado,ADMINISTRADOR,Sem função
2806856,Ativo,VIGILANTE,Sem função
1839726,Ativo,PROFESSOR DO MAGISTERIO SUPERIOR,Sem função
232784,Ativo,PROFESSOR DO MAGISTERIO SUPERIOR,Sem função
1482781,Ativo,TECNICO EM ENFERMAGEM,Sem função
1773784,Aposentado,PSICOLOGO-AREA,Sem função
3589189,Pensionista,PROFESSOR DO MAGISTERIO SUPERIOR,Sem função
160849,Ativo,PROFESSOR DO MAGISTERIO SUPERIOR,Sem função
999576,Ativo,BIOLOGO,Sem função
437554,Ativo,ASSISTENTE EM ADMINISTRACAO,Sem função
437554,Ativo,Sem informaç,FG 000.1
438685,Ativo,ASSISTENTE EM ADMINISTRACAO,Sem função
438685,Ativo,Sem informaç,FG 000.3
2455763,Ativo,TECNICO EM ASSUNTOS EDUCACIONAIS,Sem função
3467453,Ativo,ASSISTENTE EM ADMINISTRACAO,Sem função
3467453,Ativo,Sem informaç,FG 000.2
2381514,Ativo,MEDICO RESIDENTE,Sem função
3403818,Ativo,MEDICO RESIDENTE,Sem função
1056081,Aposentado,PROFESSOR DO MAGISTERIO SUPERIOR,Sem função
1056081,Aposentado,PROFESSOR DO MAGISTERIO SUPERIOR,Sem função
1598667,Aposentado,QUIMICO,Sem função
902766,Aposentado,ASSISTENTE EM ADMINISTRACAO,Sem função
985402,Ativo,AUXILIAR DE ENFERMAGEM,Sem função
1779140,Ativo,TECNICO DE LABORATORIO AREA,Sem função
1779140,Ativo,Inválido,Sem função
1486391,Ativo,VIGILANTE,Sem função
1014545,Ativo,PROFESSOR MAGISTERIO SUPERIOR-SUBSTITUTO,Sem função
3855198,Ativo,MEDICO RESIDENTE,Sem função
2369334,Ativo,PROFESSOR DO MAGISTERIO SUPERIOR,Sem função
423621,Ativo,ASSISTENTE EM ADMINISTRACAO,Sem função
2072337,Ativo,MEDICO RESIDENTE,Sem função
225582,Ativo,TECNICO DE LABORATORIO AREA,Sem função
2659128,Ativo,ASSISTENTE DE ALUNO,Sem função
2612649,Ativo,ENGENHEIRO-AREA,Sem função
2556091,Ativo,PROFESSOR MAGISTERIO SUPERIOR-SUBSTITUTO,Sem função
1023479,Ativo,ASSISTENTE EM ADMINISTRACAO,Sem função
3855987,Ativo,RESIDENCIA MULTIPROFISSIONAL,Sem função
1518717,Ativo,MEDICO-AREA,Sem função
1518717,Ativo,Sem informaç,GF 002.7
3900287,Ativo,MEDICO RESIDENTE,Sem função
581245,Ativo,PROFESSOR DO MAGISTERIO SUPERIOR,Sem função
1044878,Ativo,PROFESSOR DO MAGISTERIO SUPERIOR,Sem função
2944972,Ativo,TECNICO EM CONTABILIDADE,Sem função
2534205,Ativo,PROFESSOR DO MAGISTERIO SUPERIOR,Sem função
1118817,Ativo,PROFESSOR DO MAGISTERIO SUPERIOR,Sem função
3049263,Ativo,PROFESSOR MAGISTERIO SUPERIOR-SUBSTITUTO,Sem função
3414436,Ativo,PROFESSOR ENS BASICO TECN TECNOLOGICO,Sem função
3414436,Ativo,Sem informaç,FUC 000.1
1880306,Ativo,PROFESSOR MAGISTERIO SUPERIOR-SUBSTITUTO,Sem função
2269492,Ativo,MEDICO RESIDENTE,Sem função
3715834,Aposentado,ASSISTENTE EM ADMINISTRACAO,Sem função
2243158,Pensionista,LINOTIPISTA,Sem função
3206905,Ativo,MEDICO-AREA,Sem função
2733906,Pensionista,MOTORISTA,Sem função
2220164,Aposentado,PROFESSOR DO MAGISTERIO SUPERIOR,Sem função
2254390,Ativo,ASSISTENTE EM ADMINISTRACAO,Sem função
2924152,Ativo,PROFESSOR DO MAGISTERIO SUPERIOR,Sem função
331083,Ativo,CONTINUO,Sem função
1939155,Ativo,ASSISTENTE EM ADMINISTRACAO,Sem função
1338963,Ativo,MEDICO RESIDENTE,Sem função
2951219,Ativo,PROFESSOR DO MAGISTERIO SUPERIOR,Sem função
1331387,Aposentado,ASSISTENTE SOCIAL,Sem função
319005,Ativo,AUX EM ADMINISTRACAO,Sem função
2728683,Pensionista,RECEPCIONISTA,Sem função
697991,Pensionista,PROFESSOR DO MAGISTERIO SUPERIOR,Sem função
911149,Aposentado,TECNICO EM ASSUNTOS EDUCACIONAIS,Sem função
235385,Ativo,ADMINISTRADOR,Sem função
1350851,Pensionista,PROFESSOR DO MAGISTERIO SUPERIOR,Sem função
1381735,Ativo,PROFESSOR DO MAGISTERIO SUPERIOR,Sem função
320063,Aposentado,PROFESSOR 3 GRAU,Sem função
2588310,Pensionista,COSTUREIRO,Sem função
1074129,Pensionista,PROFESSOR DO MAGISTERIO SUPERIOR,Sem função
2580369,Pensionista,OPERADOR DE MAQUINA COPIADORA,Sem função
2688331,Ativo,PROFESSOR DO MAGISTERIO SUPERIOR,Sem função
11908,Aposentado,AUXILIAR DE ENFERMAGEM,Sem função
3320893,Aposentado,MEDICO-AREA,Sem função
3135850,Ativo,PROFESSOR DO MAGISTERIO SUPERIOR,Sem função
1645942,Pensionista,CARPINTEIRO,Sem função
938214,Aposentado,TECNICO EM CONTABILIDADE,Sem função
3849529,Pensionista,TECNICO DE LABORATORIO AREA,Sem função
781211,Pensionista,RECEPCIONISTA,Sem função
3575763,Pensionista,MARCENEIRO,Sem função
2628080,Aposentado,AUX EM ADMINISTRACAO,Sem função
2514505,Aposentado,ENFERMEIRO-AREA,Sem função
1081410,Ativo,PROFESSOR DO MAGISTERIO SUPERIOR,Sem função
1081410,Ativo,Sem informaç,FUC 000.1
1175067,Ativo,PROFESSOR DO MAGISTERIO SUPERIOR,Sem função
1704957,Ativo,PROFESSOR ENS BASICO TECN TECNOLOGICO,Sem função
710616,Ativo,MEDICO RESIDENTE,Sem função
3326744,Ativo,TECNICO DE LABORATORIO AREA,Sem função
3326744,Ativo,Sem informaç,FEX 010.2
3647686,Ativo,PROFESSOR MAGISTERIO SUPERIOR-SUBSTITUTO,Sem função
215489,Ativo,MEDICO RESIDENTE,Sem função
3746229,Ativo,TECNICO EM ARTES GRAFICAS,Sem função
3854123,Ativo,ASSISTENTE EM ADMINISTRACAO,Sem função
2167751,Pensionista,VIGILANTE,Sem função
2715566,Ativo,PROFESSOR DO MAGISTERIO SUPERIOR,Sem função
834397,Ativo,PROFESSOR DO MAGISTERIO SUPERIOR,Sem função
1055782,Ativo,ASSISTENTE EM ADMINISTRACAO,Sem função
1034430,Ativo,PROFESSOR DO MAGISTERIO SUPERIOR,Sem função
3401643,Ativo,ENGENHEIRO-AREA,Sem função
1886818,Ativo,PROFESSOR DO MAGISTERIO SUPERIOR,Sem função
1870499,Ativo,PROFESSOR DO MAGISTERIO SUPERIOR,Sem função
2799567,Ativo,PROFESSOR DO MAGISTERIO SUPERIOR,Sem função
2972972,Ativo,TECNICO EM AUDIOVISUAL,Sem função
2429634,Ativo,PROFESSOR DO MAGISTERIO SUPERIOR,Sem função
2429634,Ativo,Sem informaç,FUC 000.1
3415039,Aposentado,ASSISTENTE EM ADMINISTRACAO,Sem função
3772218,Aposentado,TECNICO EM CONTABILIDADE,Sem função
1060440,Aposentado,PROFESSOR DO MAGISTERIO SUPERIOR,Sem função
118822,Aposentado,ARQUITETO E URBANISTA,Sem função
701469,Aposentado,PROFESSOR DO MAGISTERIO SUPERIOR,Sem função
1667125,Pensionista,MOTORISTA,Sem função
3581842,Pensionista,PROFESSOR DO MAGISTERIO SUPERIOR,Sem função
1091026,Aposentado,ENFERMEIRO-AREA,Sem função
3199629,Pensionista,PROFESSOR DO MAGISTERIO SUPERIOR,Sem função
3338353,Pensionista,ASSISTENTE EM ADMINISTRACAO,Sem função
1744550,Pensionista,TRADUTOR INTERPRETE,Sem função
3009999,Aposentado,PROFESSOR DO MAGISTERIO SUPERIOR,Sem função
787163,Aposentado,PROFESSOR DO MAGISTERIO SUPERIOR,Sem função
1201133,Ativo,PROFESSOR ENS BASICO TECN TECNOLOGICO,Sem função
2028836,Ativo,ASSISTENTE EM ADMINISTRACAO,Sem função
2028836,Ativo,Sem informaç,FG 000.3
303879,Ativo,PROFESSOR DO MAGISTERIO SUPERIOR,Sem função
2879661,Ativo,PROFESSOR DO MAGISTERIO SUPERIOR,Sem função
10831,Ativo,PROFESSOR DO MAGISTERIO SUPERIOR,Sem função
1232668,Aposentado,AUX EM ADMINISTRACAO,Sem função
45422,Ativo,TECNICO DE LABORATORIO AREA,Sem função
372233,Ativo,PROFESSOR DO MAGISTERIO SUPERIOR,Sem função
1174838,Aposentado,ASSISTENTE EM ADMINISTRACAO,Sem função
1118775,Aposentado,ASSISTENTE EM ADMINISTRACAO,Sem função
2920741,Ativo,ASSISTENTE EM ADMINISTRACAO,Sem função
1764042,Aposentado,COZINHEIRO,Sem função
2607607,Aposentado,ASSISTENTE EM ADMINISTRACAO,Sem função
855529,Pensionista,CONTRAMESTRE-OFICIO,Sem função
2055223,Aposentado,PROFESSOR DO MAGISTERIO SUPERIOR,Sem função
1989741,Pensionista,AUX EM ADMINISTRACAO,Sem função
2114575,Ativo,AUX EM ADMINISTRACAO,Sem função
2908137,Aposentado,TECNICO EM ENFERMAGEM,Sem função
876890,Aposentado,TECNICO DE LABORATORIO AREA,Sem função
3034048,Ativo,ASSISTENTE EM ADMINISTRACAO,Sem função
2652491,Ativo,PROFESSOR MAGISTERIO SUPERIOR-SUBSTITUTO,Sem função
282255,Pensionista,PROFESSOR 3 GRAU,Sem função
2629836,Aposentado,PROFESSOR ENS BASICO TECN TECNOLOGICO,Sem função
2762137,Aposentado,ASSISTENTE EM ADMINISTRACAO,Sem função
3258509,Aposentado,PROFESSOR DO MAGISTERIO SUPERIOR,Sem função
2015087,Aposentado,AUXILIAR DE LABORATORIO,Sem função
941026,Pensionista,ASSISTENTE EM ADMINISTRACAO,Sem função
3496322,Aposentado,AUXILIAR DE ENFERMAGEM,Sem função
69346,Ativo,AUXILIAR DE ENFERMAGEM,Sem função
1495171,Pensionista,ASSISTENTE DE LABORATORIO,Sem função
3713674,Ativo,AUXILIAR DE ENFERMAGEM,Sem função
2360459,Ativo,ASSISTENTE EM ADMINISTRACAO,Sem função
2360459,Ativo,Sem informaç,GF 002.5
359572,Aposentado,TRADUTOR INTERPRETE,Sem função
3753078,Aposentado,PROFESSOR DO MAGISTERIO SUPERIOR,Sem função
269250,Ativo,TECNICO EM ASSUNTOS EDUCACIONAIS,Sem função
290257,Ativo,TECNICO EM ASSUNTOS EDUCACIONAIS,Sem função
1067534,Ativo,VIGILANTE,Sem função
1861111,Pensionista,RECEPCIONISTA,Sem função
1370596,Ativo,PROFESSOR MAGISTERIO SUPERIOR-SUBSTITUTO,Sem função
3568481,Pensionista,SECRETARIO EXECUTIVO,Sem função
945422,Ativo,PROFESSOR DO MAGISTERIO SUPERIOR,Sem função
945422,Ativo,Sem informaç,FG 000.1
3171514,Ativo,MEDICO RESIDENTE,Sem função
2782326,Ativo,PROFESSOR DO MAGISTERIO SUPERIOR,Sem função
1655980,Aposentado,VIGILANTE,Sem função
1326434,Ativo,TECNICO DE LABORATORIO AREA,Sem função
1326434,Ativo,Inválido,Sem função
1947466,Ativo,PROFESSOR DO MAGISTERIO SUPERIOR,Sem função
1548403,Ativo,PROFESSOR DO MAGISTERIO SUPERIOR,Sem função
3212818,Ativo,TECNICO EM ENFERMAGEM,Sem função
1108157,Ativo,AUXILIAR DE ENFERMAGEM,Sem função
3121118,Ativo,PROFESSOR DO MAGISTERIO SUPERIOR,Sem função
2261312,Ativo,PROFESSOR DO MAGISTERIO SUPERIOR,Sem função
2367092,Ativo,DIRETOR DE PRODUCAO,Sem função
2252365,Ativo,MEDICO-AREA,Sem função
2349836,Ativo,ASSISTENTE EM ADMINISTRACAO,Sem função
1171359,Ativo,AUX EM ADMINISTRACAO,Sem função
2258608,Ativo,PROFESSOR DO MAGISTERIO SUPERIOR,Sem função
795879,Ativo,PROFESSOR DO MAGISTERIO SUPERIOR,Sem função
2546595,Ativo,PROFESSOR DO MAGISTERIO SUPERIOR,Sem função
1077688,Ativo,ASSISTENTE EM ADMINISTRACAO,Sem função
2389509,Ativo,PROFESSOR DO MAGISTERIO SUPERIOR,Sem função
2500311,Ativo,ASSISTENTE EM ADMINISTRACAO,Sem função
146636,Aposentado,SERVENTE DE LIMPEZA,Sem função
908765,Pensionista,PROFESSOR DO MAGISTERIO SUPERIOR,Sem função
908765,Pensionista,PROFESSOR DO MAGISTERIO SUPERIOR,Sem função
2820688,Ativo,PROFESSOR DO MAGISTERIO SUPERIOR,Sem função
3207936,Ativo,PROFESSOR DO MAGISTERIO SUPERIOR,Sem função
1102696,Ativo,DESENHISTA DE ARTES GRAFICAS,Sem função
92906,Ativo,PROFESSOR DO MAGISTERIO SUPERIOR,Sem função
1058229,Ativo,TEC DE TECNOLOGIA DA INFORMACAO,Sem função
3765336,Aposentado,RECEPCIONISTA,Sem função
2755091,Aposentado,PROFESSOR DO MAGISTERIO SUPERIOR,Sem função
3199207,Ativo,ASSISTENTE EM ADMINISTRACAO,Sem função
1343617,Ativo,BIOLOGO,Sem função
575224,Ativo,MEDICO RESIDENTE,Sem função
3672342,Ativo,BIBLIOTECARIO-DOCUMENTALISTA,Sem função
3672342,Ativo,Sem informaç,FG 000.1
1538510,Ativo,TECNICO EM AUDIOVISUAL,Sem função
3742952,Aposentado,PROFESSOR DO MAGISTERIO SUPERIOR,Sem função
2315300,Ativo,RESIDENCIA MULTIPROFISSIONAL,Sem função
2558449,Aposentado,ASSISTENTE EM ADMINISTRACAO,Sem função
2306952,Ativo,VIGILANTE,Sem função
2556289,Ativo,PROFESSOR DO MAGISTERIO SUPERIOR,Sem função
2857011,Ativo,PROFESSOR DO MAGISTERIO SUPERIOR,Sem função
2857011,Ativo,Inválido,Sem função
3712101,Pensionista,PROFESSOR DO MAGISTERIO SUPERIOR,Sem função
1259474,Ativo,PROFESSOR DO MAGISTERIO SUPERIOR,Sem função
1259474,Aposentado,PROFESSOR DO MAGISTERIO SUPERIOR,Sem função
2320710,Aposentado,ENFERMEIRO-AREA,Sem função
3489780,Pensionista,PEDREIRO,Sem função
2723995,Pensionista,PROFESSOR DO MAGISTERIO SUPERIOR,Sem função
3046549,Ativo,PROFESSOR DO MAGISTERIO SUPERIOR,Sem função
3046549,Aposentado,NUTRICIONISTA-HABILITACAO,Sem função
3046549,Ativo,Sem informaç,FG 000.1
2220707,Ativo,PROFESSOR DO MAGISTERIO SUPERIOR,Sem função
2220707,Ativo,Sem informaç,FUC 000.1
2435976,Ativo,TECNICO EM CONTABILIDADE,Sem função
2725975,Pensionista,ARMAZENISTA,Sem função
2192695,Aposentado,SECRETARIO EXECUTIVO,Sem função
3267999,Ativo,PROFESSOR DO MAGISTERIO SUPERIOR,Sem função
3518846,Ativo,MEDICO RESIDENTE,Sem função
501918,Ativo,MEDICO RESIDENTE,Sem função
3851289,Ativo,MEDICO RESIDENTE,Sem função
3854073,Ativo,MEDICO RESIDENTE,Sem função
904133,Ativo,PROFESSOR DO MAGISTERIO SUPERIOR,Sem função
927435,Aposentado,ADMINISTRADOR,Sem função
309445,Ativo,PROFESSOR DO MAGISTERIO SUPERIOR,Sem função
309445,Ativo,Sem informaç,FUC 000.1
2723413,Pensionista,TECNICO EM ENFERMAGEM,Sem função
3113427,Ativo,SERVENTE DE LIMPEZA,Sem função
2930771,Ativo,ASSISTENTE EM ADMINISTRACAO,Sem função
2026420,Aposentado,PROFESSOR DO MAGISTERIO SUPERIOR,Sem função
71733,Ativo,TECNICO EM RADIOLOGIA,Sem função
3926085,Ativo,PROFESSOR DO MAGISTERIO SUPERIOR,Sem função
430377,Aposentado,ASSISTENTE EM ADMINISTRACAO,Sem função
2107836,Ativo,MEDICO RESIDENTE,Sem função
1616715,Aposentado,PROFESSOR DO MAGISTERIO SUPERIOR,Sem função
145632,Aposentado,PROFESSOR DO MAGISTERIO SUPERIOR,Sem função
768817,Ativo,PROFESSOR DO MAGISTERIO SUPERIOR,Sem função
537120,Ativo,PROFESSOR DO MAGISTERIO SUPERIOR,Sem função
1877917,Ativo,ASSISTENTE EM ADMINISTRACAO,Sem função
3644229,Pensionista,AUX EM ADMINISTRACAO,Sem função
3619035,Aposentado,ASSISTENTE EM ADMINISTRACAO,Sem função
2497894,Aposentado,MEDICO-AREA,Sem função
2127997,Aposentado,PROFESSOR DO MAGISTERIO SUPERIOR,Sem função
1059527,Ativo,AUXILIAR DE ENFERMAGEM,Sem função
1367950,Ativo,PROFESSOR DO MAGISTERIO SUPERIOR,Sem função
36645,Ativo,PROFESSOR DO MAGISTERIO SUPERIOR,Sem função
36645,Aposentado,PROFESSOR DO MAGISTERIO SUPERIOR,Sem função
1681474,Aposentado,PROFESSOR DO MAGISTERIO SUPERIOR,Sem função
3729573,Ativo,PROFESSOR DO MAGISTERIO SUPERIOR,Sem função
2733084,Aposentado,ASSISTENTE DE ALUNO,Sem função
729950,Ativo,PROFESSOR DO MAGISTERIO SUPERIOR,Sem função
2955124,Ativo,PROFESSOR DO MAGISTERIO SUPERIOR,Sem função
1775301,Pensionista,PROFESSOR DO MAGISTERIO SUPERIOR,Sem função
3640420,Pensionista,CONTINUO,Sem função
3251390,Ativo,NUTRICIONISTA-HABILITACAO,Sem função
3139435,Ativo,ASSISTENTE EM ADMINISTRACAO,Sem função
2932587,Ativo,ASSISTENTE EM ADMINISTRACAO,Sem função
2932587,Ativo,Sem informaç,FG 000.3
3310899,Ativo,ASSISTENTE EM ADMINISTRACAO,Sem função
1935012,Ativo,PROFESSOR MAGISTERIO SUPERIOR-SUBSTITUTO,Sem função
629859,Aposentado,PROFESSOR DO MAGISTERIO SUPERIOR,Sem função
781973,Pensionista,PROFESSOR 3 GRAU,Sem função
954339,Pensionista,RECEPCIONISTA,Sem função
32727,Ativo,PROFESSOR DO MAGISTERIO SUPERIOR,Sem função
2882859,Ativo,PROFESSOR DO MAGISTERIO SUPERIOR,Sem função
2882859,Ativo,Sem informaç,FG 000.1
3589634,Aposentado,FISIOTERAPEUTA,Sem função
2830243,Pensionista,PROFESSOR DO MAGISTERIO SUPERIOR,Sem função
177335,Pensionista,PROFESSOR DO MAGISTERIO SUPERIOR,Sem função
474075,Ativo,PROFESSOR DO MAGISTERIO SUPERIOR,Sem função
1603881,Ativo,BIBLIOTECARIO-DOCUMENTALISTA,Sem função
3851958,Ativo,TECNICO EM CONTABILIDADE,Sem função
1004291,Ativo,PROFESSOR DO MAGISTERIO SUPERIOR,Sem função
1664756,Ativo,ASSISTENTE EM ADMINISTRACAO,Sem função
1199767,Ativo,TECNICO EM ENFERMAGEM,Sem função
2839059,Ativo,PROFESSOR DO MAGISTERIO SUPERIOR,Sem função
3171744,Ativo,BIBLIOTECARIO-DOCUMENTALISTA,Sem função
2474422,Ativo,PROFESSOR MAGISTERIO SUPERIOR-SUBSTITUTO,Sem função
2787954,Aposentado,TECNICO DE LABORATORIO AREA,Sem função
1055009,Aposentado,PROFESSOR DO MAGISTERIO SUPERIOR,Sem função
1331358,Ativo,PROFESSOR DO MAGISTERIO SUPERIOR,Sem função
3336062,Aposentado,NUTRICIONISTA-HABILITACAO,Sem função
3029047,Ativo,PROFESSOR DO MAGISTERIO SUPERIOR,Sem função
2136725,Pensionista,PROFESSOR DO MAGISTERIO SUPERIOR,Sem função
1677652,Ativo,SECRETARIO EXECUTIVO,Sem função
1677652,Ativo,Sem informaç,CD 000.2
1631001,Pensionista,TECNICO EM CONTABILIDADE,Sem função
1940074,Pensionista,PROFESSOR DO MAGISTERIO SUPERIOR,Sem função
3305433,Ativo,ASSISTENTE EM ADMINISTRACAO,Sem função
3305433,Ativo,Sem informaç,FG 000.1
1310917,Ativo,BIBLIOTECARIO-DOCUMENTALISTA,Sem função
2909775,Ativo,MEDICO RESIDENTE,Sem função
296325,Ativo,PROFESSOR DO MAGISTERIO SUPERIOR,Sem função
296325,Ativo,Sem informaç,FUC 000.1
1365424,Ativo,ASSISTENTE EM ADMINISTRACAO,Sem função
1197561,Ativo,ARQUITETO E URBANISTA,Sem função
2284212,Ativo,ASSISTENTE EM ADMINISTRACAO,Sem função
745555,Aposentado,BIBLIOTECARIO-DOCUMENTALISTA,Sem função
336216,Ativo,AUXILIAR DE ENFERMAGEM,Sem função
64253,Ativo,PROFESSOR DO MAGISTERIO SUPERIOR,Sem função
1500589,Ativo,PROFESSOR DO MAGISTERIO SUPERIOR,Sem função
1675169,Ativo,ASSISTENTE EM ADMINISTRACAO,Sem função
3556505,Pensionista,PROFESSOR 3 GRAU,Sem função
2902853,Ativo,ADMINISTRADOR,Sem função
3856290,Ativo,RESIDENCIA MULTIPROFISSIONAL,Sem função
3738692,Pensionista,AUX EM ADMINISTRACAO,Sem função
66784,Ativo,FARMACEUTICO-HABILITACAO,Sem função
1605558,Ativo,TEC DE TECNOLOGIA DA INFORMACAO,Sem função
1605558,Ativo,Sem informaç,FG 000.1
2022767,Pensionista,RECEPCIONISTA,Sem função
2924158,Ativo,ASSISTENTE EM ADMINISTRACAO,Sem função
888670,Pensionista,AUXILIAR DE LABORATORIO,Sem função
141276,Aposentado,AUXILIAR DE ENFERMAGEM,Sem função
1990509,Pensionista,MOTORISTA,Sem função
249377,Aposentado,MEDICO-AREA,Sem função
2602072,Aposentado,AUXILIAR DE SAUDE,Sem função
460294,Aposentado,COPEIRO,Sem função
2167171,Pensionista,AUXILIAR DE LABORATORIO,Sem função
856635,Pensionista,RECEPCIONISTA,Sem função
1180938,Aposentado,SERVENTE DE LIMPEZA,Sem função
807273,Aposentado,TECNICO EM RADIOLOGIA,Sem função
941134,Pensionista,ASSISTENTE DE LABORATORIO,Sem função
179930,Pensionista,OPERADOR DE MAQUINA COPIADORA,Sem função
3621967,Pensionista,ASSISTENTE EM ADMINISTRACAO,Sem função
3543776,Aposentado,SERVENTE DE LIMPEZA,Sem função
2416926,Aposentado,ELETRICISTA,Sem função
213509,Aposentado,TECNICO EM ENFERMAGEM,Sem função
637969,Ativo,PROFESSOR DO MAGISTERIO SUPERIOR,Sem função
637969,Ativo,Sem informaç,FUC 000.1
2779435,Pensionista,ATENDENTE DE ENFERMAGEM,Sem função
1742775,Pensionista,ASSISTENTE DE ALUNO,Sem função
2745291,Pensionista,MESTRE DE EDIF E INFRAESTRUTURA,Sem função
457442,Ativo,AUXILIAR DE ENFERMAGEM,Sem função
2460297,Aposentado,AUXILIAR DE ENFERMAGEM,Sem função
1486709,Ativo,SECRETARIO EXECUTIVO,Sem função
318778,Aposentado,VIGILANTE,Sem função
2155561,Aposentado,SECRETARIO EXECUTIVO,Sem função
3117636,Ativo,PROFESSOR MAGISTERIO SUPERIOR-SUBSTITUTO,Sem função
1867962,Ativo,PROFESSOR MAGISTERIO SUPERIOR-SUBSTITUTO,Sem função
1867962,Aposentado,PROFESSOR DO MAGISTERIO SUPERIOR,Sem função
229764,Ativo,PROFESSOR DO MAGISTERIO SUPERIOR,Sem função
68139,Ativo,MEDICO-AREA,Sem função
102147,Ativo,TECNICO DE LABORATORIO AREA,Sem função
1657631,Ativo,PROFESSOR MAGISTERIO SUPERIOR-SUBSTITUTO,Sem função
1657631,Ativo,TECNICO EM ASSUNTOS EDUCACIONAIS,Sem função
3094091,Ativo,TECNICO DE LABORATORIO AREA,Sem função
321100,Ativo,ENFERMEIRO-AREA,Sem função
3860430,Ativo,MEDICO RESIDENTE,Sem função
1470889,Ativo,MEDICO RESIDENTE,Sem função
1896557,Ativo,PROFESSOR DO MAGISTERIO SUPERIOR,Sem função
1896557,Ativo,Sem informaç,FEX 011.3
2828672,Ativo,PROFESSOR DO MAGISTERIO SUPERIOR,Sem função
1856338,Ativo,PROFESSOR DO MAGISTERIO SUPERIOR,Sem função
2896624,Ativo,PROFESSOR DO MAGISTERIO SUPERIOR,Sem função
3404017,Ativo,PROFESSOR DO MAGISTERIO SUPERIOR,Sem função
1358286,Aposentado,FARMACEUTICO-HABILITACAO,Sem função
3180819,Ativo,AUX EM ADMINISTRACAO,Sem função
1155533,Ativo,NUTRICIONISTA-HABILITACAO,Sem função
1753207,Aposentado,PROFESSOR DO MAGISTERIO SUPERIOR,Sem função
1168734,Ativo,TECNICO DE LABORATORIO AREA,Sem função
3582009,Pensionista,ASSISTENTE EM ADMINISTRACAO,Sem função
3232448,Ativo,ASSISTENTE EM ADMINISTRACAO,Sem função
1914425,Aposentado,PROFESSOR DO MAGISTERIO SUPERIOR,Sem função
3329739,Ativo,MEDICO-AREA,Sem função
3087348,Ativo,MEDICO RESIDENTE,Sem função
3860516,Ativo,PROFESSOR MAGISTERIO SUPERIOR-SUBSTITUTO,Sem função
52837,Ativo,AUX EM ADMINISTRACAO,Sem função
1665308,Ativo,TECNICO EM ENFERMAGEM,Sem função
3100475,Aposentado,PROFESSOR DO MAGISTERIO SUPERIOR,Sem função
458225,Ativo,PROFESSOR MAGISTERIO SUPERIOR-SUBSTITUTO,Sem função
3480984,Ativo,DESENHISTA DE ARTES GRAFICAS,Sem função
3033921,Ativo,PROFESSOR DO MAGISTERIO SUPERIOR,Sem função
771048,Ativo,MEDICO RESIDENTE,Sem função
3761998,Pensionista,RECEPCIONISTA,Sem função
47616,Aposentado,ASSISTENTE EM ADMINISTRACAO,Sem função
248931,Ativo,TECNICO EM ENFERMAGEM,Sem função
2490939,Aposentado,PROFESSOR DO MAGISTERIO SUPERIOR,Sem função
1944895,Aposentado,PROFESSOR DO MAGISTERIO SUPERIOR,Sem função
2301139,Ativo,PROFESSOR DO MAGISTERIO SUPERIOR,Sem função
1492626,Ativo,PROFESSOR DO MAGISTERIO SUPERIOR,Sem função
2126618,Ativo,PROFESSOR DO MAGISTERIO SUPERIOR,Sem função
192273,Aposentado,PROFESSOR DO MAGISTERIO SUPERIOR,Sem função
192273,Pensionista,PROFESSOR DO MAGISTERIO SUPERIOR,Sem função
1482258,Ativo,ASSISTENTE EM ADMINISTRACAO,Sem função
616978,Ativo,PROFESSOR MAGISTERIO SUPERIOR-SUBSTITUTO,Sem função
3238412,Ativo,PROFESSOR MAGISTERIO SUPERIOR-SUBSTITUTO,Sem função
2174057,Ativo,ASSISTENTE EM ADMINISTRACAO,Sem função
2539873,Ativo,SECRETARIO EXECUTIVO,Sem função
1048169,Ativo,ASSISTENTE EM ADMINISTRACAO,Sem função
1623133,Aposentado,PROFESSOR DO MAGISTERIO SUPERIOR,Sem função
2337943,Ativo,PSICOLOGO-AREA,Sem função
3856549,Ativo,ASSISTENTE EM ADMINISTRACAO,Sem função
1227566,Ativo,TECNICO EM CONTABILIDADE,Sem função
3034227,Ativo,PROFESSOR DO MAGISTERIO SUPERIOR,Sem função
1081723,Ativo,PROFESSOR DO MAGISTERIO SUPERIOR,Sem função
3055391,Ativo,PROFESSOR DO MAGISTERIO SUPERIOR,Sem função
2121297,Ativo,SECRETARIO EXECUTIVO,Sem função
488218,Ativo,MEDICO RESIDENTE,Sem função
130113,Ativo,PROFESSOR DO MAGISTERIO SUPERIOR,Sem função
1549374,Ativo,TEC EM ANATOMIA E NECROPSIA,Sem função
1215101,Ativo,PROFESSOR DO MAGISTERIO SUPERIOR,Sem função
1215101,Ativo,Sem informaç,FUC 000.1
3856330,Ativo,MEDICO RESIDENTE,Sem função
3859213,Ativo,MEDICO RESIDENTE,Sem função
2098058,Ativo,MEDICO RESIDENTE,Sem função
3506354,Ativo,MEDICO RESIDENTE,Sem função
1255016,Ativo,TECNICO DE LABORATORIO AREA,Sem função
542510,Ativo,PROFESSOR MAGISTERIO SUPERIOR-SUBSTITUTO,Sem função
3765662,Ativo,ASSISTENTE EM ADMINISTRACAO,Sem função
2296994,Ativo,TECNICO EM QUIMICA,Sem função
2953698,Ativo,MEDICO RESIDENTE,Sem função
1630092,Ativo,DESENHISTA DE ARTES GRAFICAS,Sem função
1465150,Ativo,ESTATISTICO,Sem função
641560,Ativo,TEC DE TECNOLOGIA DA INFORMACAO,Sem função
286814,Ativo,PROFESSOR MAGISTERIO SUPERIOR-SUBSTITUTO,Sem função
2652917,Ativo,PROFESSOR MAGISTERIO SUPERIOR-SUBSTITUTO,Sem função
2742233,Ativo,PROFESSOR DO MAGISTERIO SUPERIOR,Sem função
1362282,Ativo,ASSISTENTE EM ADMINISTRACAO,Sem função
1304163,Ativo,MEDICO RESIDENTE,Sem função
1339060,Ativo,VIGILANTE,Sem função
3416533,Ativo,MEDICO RESIDENTE,Sem função
3446256,Ativo,PROF ENS BAS TEC TECNOLOGICO-SUBSTITUTO,Sem função
3857501,Ativo,MEDICO RESIDENTE,Sem função
3863160,Ativo,TEC DE TECNOLOGIA DA INFORMACAO,Sem função
2274106,Ativo,ASSISTENTE EM ADMINISTRACAO,Sem função
3855844,Ativo,MEDICO RESIDENTE,Sem função
2626566,Aposentado,ASSISTENTE EM ADMINISTRACAO,Sem função
483821,Aposentado,TECNICO EM ASSUNTOS EDUCACIONAIS,Sem função
2255409,Aposentado,PROFESSOR DO MAGISTERIO SUPERIOR,Sem função
877144,Aposentado,SERVENTE DE LIMPEZA,Sem função
3524681,Pensionista,PROFESSOR 3 GRAU,Sem função
404015,Aposentado,ENFERMEIRO-AREA,Sem função
1841552,Pensionista,PROCURADOR FEDERAL,Sem função
15526,Aposentado,PROFESSOR DO MAGISTERIO SUPERIOR,Sem função
3047906,Aposentado,ADMINISTRADOR,Sem função
3333163,Pensionista,PROFESSOR DO MAGISTERIO SUPERIOR,Sem função
454891,Ativo,ENFERMEIRO-AREA,Sem função
158931,Pensionista,PROFESSOR DO MAGISTERIO SUPERIOR,Sem função
158931,Pensionista,PROFESSOR DO MAGISTERIO SUPERIOR,Sem função
2493986,Ativo,ASSISTENTE EM ADMINISTRACAO,Sem função
3070622,Aposentado,PROFESSOR DO MAGISTERIO SUPERIOR,Sem função
266842,Aposentado,PROFESSOR ENS BASICO TECN TECNOLOGICO,Sem função
3517448,Ativo,ENFERMEIRO-AREA,Sem função
3517448,Ativo,Sem informaç,GF 002.7
2901739,Ativo,ENFERMEIRO-AREA,Sem função
1400754,Ativo,ASSISTENTE EM ADMINISTRACAO,Sem função
2128896,Pensionista,PROFESSOR DO MAGISTERIO SUPERIOR,Sem função
877022,Aposentado,SOCIOLOGO,Sem função
3118435,Aposentado,PROFESSOR DO MAGISTERIO SUPERIOR,Sem função
1536713,Pensionista,PROFESSOR DO MAGISTERIO SUPERIOR,Sem função
1998117,Pensionista,PROFESSOR DO MAGISTERIO SUPERIOR,Sem função
2359979,Ativo,ASSISTENTE EM ADMINISTRACAO,Sem função
484867,Ativo,PROFESSOR DO MAGISTERIO SUPERIOR,Sem função
1951846,Aposentado,CONTINUO,Sem função
1951846,Pensionista,ASSISTENTE EM ADMINISTRACAO,Sem função
2628206,Pensionista,TECNICO EM ARTES GRAFICAS,Sem função
1688097,Aposentado,MEDICO-AREA,Sem função
3105591,Ativo,TECNICO DE LABORATORIO AREA,Sem função
364527,Ativo,PROFESSOR MAGISTERIO SUPERIOR-SUBSTITUTO,Sem função
3538926,Ativo,PROFESSOR DO MAGISTERIO SUPERIOR,Sem função
1040782,Ativo,PROFESSOR DO MAGISTERIO SUPERIOR,Sem função
147358,Aposentado,PROFESSOR ENS BASICO TECN TECNOLOGICO,Sem função
1216208,Aposentado,CONTINUO,Sem função
1617772,Aposentado,PROFESSOR DO MAGISTERIO SUPERIOR,Sem função
2318985,Aposentado,PROFESSOR DO MAGISTERIO SUPERIOR,Sem função
3260678,Pensionista,ENGENHEIRO-AREA,Sem função
1483798,Aposentado,SECRETARIO EXECUTIVO,Sem função
3575255,Pensionista,PROFESSOR DO MAGISTERIO SUPERIOR,Sem função
3621047,Aposentado,SECRETARIO EXECUTIVO,Sem função
1855030,Ativo,VESTIARISTA,Sem função
348195,Ativo,PROFESSOR DO MAGISTERIO SUPERIOR,Sem função
348195,Ativo,Sem informaç,FG 000.1
2320605,Aposentado,ASSISTENTE EM ADMINISTRACAO,Sem função
1637123,Ativo,AUXILIAR DE ENFERMAGEM,Sem função
3276471,Aposentado,ASSISTENTE EM ADMINISTRACAO,Sem função
471041,Ativo,PROFESSOR DO MAGISTERIO SUPERIOR,Sem função
471041,Ativo,Sem informaç,FG 000.1
721669,Pensionista,VIGILANTE,Sem função
808808,Aposentado,RECEPCIONISTA,Sem função
3306517,Pensionista,PROFESSOR DO MAGISTERIO SUPERIOR,Sem função
778696,Aposentado,ASSISTENTE EM ADMINISTRACAO,Sem função
1403425,Aposentado,PROFESSOR DO MAGISTERIO SUPERIOR,Sem função
3653387,Aposentado,PROFESSOR DO MAGISTERIO SUPERIOR,Sem função
2256336,Aposentado,PROFESSOR DO MAGISTERIO SUPERIOR,Sem função
809030,Aposentado,PROFESSOR DO MAGISTERIO SUPERIOR,Sem função
2968595,Pensionista,MEDICO-AREA,Sem função
1439216,Pensionista,PROFESSOR DO MAGISTERIO SUPERIOR,Sem função
2587499,Pensionista,PROFESSOR DO MAGISTERIO SUPERIOR,Sem função
1122473,Aposentado,BIOMEDICO,Sem função
2087796,Aposentado,TEC EM NUTRICAO E DIETETICA,Sem função
42475,Ativo,ASSISTENTE EM ADMINISTRACAO,Sem função
372993,Aposentado,AUX EM ADMINISTRACAO,Sem função
372993,Pensionista,AUX EM ADMINISTRACAO,Sem função
2859332,Aposentado,PRODUTOR CULTURAL,Sem função
9531,Aposentado,ENFERMEIRO-AREA,Sem função
160457,Aposentado,PROFESSOR DO MAGISTERIO SUPERIOR,Sem função
343946,Ativo,ENFERMEIRO-AREA,Sem função
343946,Ativo,Sem informaç,GF 002.5
2655939,Ativo,PROFESSOR DO MAGISTERIO SUPERIOR,Sem função
2188317,Pensionista,PROFESSOR 3 GRAU,Sem função
3127644,Ativo,ASSISTENTE EM ADMINISTRACAO,Sem função
3127644,Ativo,Sem informaç,FG 000.3
725422,Aposentado,ASSISTENTE EM ADMINISTRACAO,Sem função
2949489,Ativo,ENFERMEIRO-AREA,Sem função
2950079,Ativo,PROFESSOR MAGISTERIO SUPERIOR-SUBSTITUTO,Sem função
459888,Ativo,PROFESSOR DO MAGISTERIO SUPERIOR,Sem função
2090919,Pensionista,RECEPCIONISTA,Sem função
3122196,Ativo,TECNICO EM ENFERMAGEM,Sem função
1498502,Ativo,PROFESSOR DO MAGISTERIO SUPERIOR,Sem função
1916366,Ativo,PROFESSOR MAGISTERIO SUPERIOR-SUBSTITUTO,Sem função
53686,Ativo,PROFESSOR DO MAGISTERIO SUPERIOR,Sem função
959246,Ativo,MEDICO-AREA,Sem função
408057,Ativo,ENFERMEIRO-AREA,Sem função
2913157,Ativo,ASSISTENTE EM ADMINISTRACAO,Sem função
258504,Ativo,PROFESSOR DO MAGISTERIO SUPERIOR,Sem função
2340886,Ativo,ASSISTENTE EM ADMINISTRACAO,Sem função
1838201,Ativo,ASSISTENTE EM ADMINISTRACAO,Sem função
1838201,Ativo,Sem informaç,FG 000.3
3263056,Ativo,PROFESSOR MAGISTERIO SUPERIOR-SUBSTITUTO,Sem função
1576559,Ativo,TECNICO DE LABORATORIO AREA,Sem função
419388,Ativo,PROFESSOR DO MAGISTERIO SUPERIOR,Sem função
2515334,Ativo,ENFERMEIRO-AREA,Sem função
2515334,Ativo,Sem informaç,CD 000.4
3174210,Ativo,ASSISTENTE EM ADMINISTRACAO,Sem função
2605184,Pensionista,PROFESSOR DO MAGISTERIO SUPERIOR,Sem função
3858385,Ativo,MEDICO RESIDENTE,Sem função
3780961,Pensionista,AUXILIAR DE ENFERMAGEM,Sem função
3923628,Ativo,PROFESSOR DO MAGISTERIO SUPERIOR,Sem função
311788,Ativo,PROFESSOR DO MAGISTERIO SUPERIOR,Sem função
3288937,Ativo,ASSISTENTE EM ADMINISTRACAO,Sem função
886976,Ativo,TECNICO DE LABORATORIO AREA,Sem função
1316544,Ativo,PROFESSOR DO MAGISTERIO SUPERIOR,Sem função
3326,Ativo,PROFESSOR DO MAGISTERIO SUPERIOR,Sem função
2868036,Ativo,PROFESSOR DO MAGISTERIO SUPERIOR,Sem função
397524,Ativo,PROFESSOR DO MAGISTERIO SUPERIOR,Sem função
397524,Ativo,Sem informaç,FUC 000.1
3475904,Ativo,PROFESSOR DO MAGISTERIO SUPERIOR,Sem função
1038853,Ativo,ASSISTENTE EM ADMINISTRACAO,Sem função
603807,Ativo,PROFESSOR DO MAGISTERIO SUPERIOR,Sem função
517088,Ativo,PROFESSOR DO MAGISTERIO SUPERIOR,Sem função
291379,Ativo,MEDICO-AREA,Sem função
2641215,Aposentado,ASSISTENTE DE LABORATORIO,Sem função
2214866,Ativo,PROFESSOR DO MAGISTERIO SUPERIOR,Sem função
1357557,Ativo,AUXILIAR DE ENFERMAGEM,Sem função
3740125,Ativo,SANITARISTA,Sem função
2831947,Ativo,ASSISTENTE SOCIAL,Sem função
2376568,Ativo,PROFESSOR DO MAGISTERIO SUPERIOR,Sem função
2630301,Pensionista,RECEPCIONISTA,Sem função
1033980,Ativo,PROFESSOR MAGISTERIO SUPERIOR-SUBSTITUTO,Sem função
3315969,Ativo,PROFESSOR DO MAGISTERIO SUPERIOR,Sem função
436094,Ativo,JORNALISTA,Sem função
436094,Ativo,Sem informaç,FG 000.1
393312,Ativo,PROFESSOR DO MAGISTERIO SUPERIOR,Sem função
393312,Ativo,Sem informaç,CD 000.4
2460924,Ativo,PROFESSOR DO MAGISTERIO SUPERIOR,Sem função
3767548,Pensionista,PROFESSOR DO MAGISTERIO SUPERIOR,Sem função
1502850,Ativo,PROFESSOR DO MAGISTERIO SUPERIOR,Sem função
1502850,Ativo,Sem informaç,CCX 011.3
2647178,Ativo,ASSISTENTE EM ADMINISTRACAO,Sem função
2526369,Ativo,PROFESSOR DO MAGISTERIO SUPERIOR,Sem função
2049763,Ativo,ASSISTENTE EM ADMINISTRACAO,Sem função
418797,Ativo,AUX EM ADMINISTRACAO,Sem função
1961642,Ativo,PROFESSOR DO MAGISTERIO SUPERIOR,Sem função
2713629,Ativo,ENFERMEIRO-AREA,Sem função
2123652,Pensionista,PORTEIRO,Sem função
2305841,Ativo,ASSISTENTE EM ADMINISTRACAO,Sem função
42799,Aposentado,PROFESSOR DO MAGISTERIO SUPERIOR,Sem função
2136279,Ativo,DIAGRAMADOR,Sem função
1539317,Aposentado,ASSISTENTE EM ADMINISTRACAO,Sem função
3173066,Ativo,MOTORISTA,Sem função
1755612,Ativo,COPEIRO,Sem função
62453,Aposentado,PROFESSOR DO MAGISTERIO SUPERIOR,Sem função
259939,Ativo,PROFESSOR DO MAGISTERIO SUPERIOR,Sem função
259939,Ativo,Sem informaç,FUC 000.1
2358518,Ativo,PROFESSOR DO MAGISTERIO SUPERIOR,Sem função
2699078,Ativo,ASSISTENTE EM ADMINISTRACAO,Sem função
609888,Ativo,ASSISTENTE EM ADMINISTRACAO,Sem função
3674126,Ativo,PROFESSOR DO MAGISTERIO SUPERIOR,Sem função
2957634,Ativo,PROFESSOR DO MAGISTERIO SUPERIOR,Sem função
3264483,Ativo,SERVENTE DE LIMPEZA,Sem função
1378353,Ativo,PROFESSOR DO MAGISTERIO SUPERIOR,Sem função
1045914,Aposentado,PROFESSOR DO MAGISTERIO SUPERIOR,Sem função
1766763,Ativo,PROFESSOR DO MAGISTERIO SUPERIOR,Sem função
3681402,Ativo,ASSISTENTE EM ADMINISTRACAO,Sem função
119993,Ativo,TECNICO EM RADIOLOGIA,Sem função
1608948,Ativo,BIOLOGO,Sem função
1701203,Ativo,PROFESSOR DO MAGISTERIO SUPERIOR,Sem função
1654870,Ativo,PROFESSOR DO MAGISTERIO SUPERIOR,Sem função
3273810,Ativo,EDITOR DE IMAGENS,Sem função
2794803,Pensionista,ASSISTENTE EM ADMINISTRACAO,Sem função
1248780,Ativo,ASSISTENTE SOCIAL,Sem função
1193848,Aposentado,ASSISTENTE EM ADMINISTRACAO,Sem função
1076543,Pensionista,AUX EM ADMINISTRACAO,Sem função
1397535,Aposentado,PROFESSOR DO MAGISTERIO SUPERIOR,Sem função
1747669,Aposentado,TEC DE TECNOLOGIA DA INFORMACAO,Sem função
2193388,Pensionista,AUX EM ADMINISTRACAO,Sem função
364193,Aposentado,SONOPLASTA,Sem função
1736506,Pensionista,RECEPCIONISTA,Sem função
3403277,Pensionista,ASSISTENTE EM ADMINISTRACAO,Sem função
3619948,Pensionista,MECANICO,Sem função
2840000,Ativo,AUX EM ADMINISTRACAO,Sem função
2932325,Ativo,MEDICO-AREA,Sem função
1297723,Aposentado,ASSISTENTE EM ADMINISTRACAO,Sem função
3063025,Ativo,AUXILIAR DE ENFERMAGEM,Sem função
1237091,Ativo,PROFESSOR DO MAGISTERIO SUPERIOR,Sem função
1826722,Aposentado,ASSISTENTE EM ADMINISTRACAO,Sem função
1027878,Aposentado,PROFESSOR DO MAGISTERIO SUPERIOR,Sem função
1379661,Ativo,AUXILIAR DE ENFERMAGEM,Sem função
607809,Aposentado,AUX EM ADMINISTRACAO,Sem função
3770250,Pensionista,TECNICO EM ARTES GRAFICAS,Sem função
213286,Ativo,PROFESSOR DO MAGISTERIO SUPERIOR,Sem função
213286,Aposentado,MEDICO-AREA,Sem função
2767159,Pensionista,REDATOR,Sem função
1015146,Aposentado,TECNICO EM ASSUNTOS EDUCACIONAIS,Sem função
1576473,Ativo,AUXILIAR DE ENFERMAGEM,Sem função
3221968,Ativo,PROFESSOR DO MAGISTERIO SUPERIOR,Sem função
2709039,Aposentado,PROFESSOR DO MAGISTERIO SUPERIOR,Sem função
1864645,Pensionista,RECEPCIONISTA,Sem função
1704389,Ativo,VIGILANTE,Sem função
2960710,Pensionista,VIGILANTE,Sem função
1036916,Aposentado,PROFESSOR DO MAGISTERIO SUPERIOR,Sem função
148866,Aposentado,PROFESSOR DO MAGISTERIO SUPERIOR,Sem função
148866,Aposentado,PROFESSOR 3 GRAU,Sem função
1663072,Ativo,PROFESSOR DO MAGISTERIO SUPERIOR,Sem função
291267,Ativo,PROFESSOR DO MAGISTERIO SUPERIOR,Sem função
1478907,Aposentado,AUX EM ADMINISTRACAO,Sem função
144634,Aposentado,SANITARISTA,Sem função
39914,Aposentado,PROFESSOR DO MAGISTERIO SUPERIOR,Sem função
1295834,Ativo,ANALISTA DE TEC DA INFORMACAO,Sem função
1674592,Ativo,PROFESSOR DO MAGISTERIO SUPERIOR,Sem função
1039766,Aposentado,PROFESSOR DO MAGISTERIO SUPERIOR,Sem função
2959736,Ativo,TECNICO EM ASSUNTOS EDUCACIONAIS,Sem função
2959736,Ativo,Inválido,Sem função
2123423,Ativo,TECNICO DE LABORATORIO AREA,Sem função
328725,Aposentado,QUIMICO,Sem função
1085834,Ativo,PROFESSOR DO MAGISTERIO SUPERIOR,Sem função
1203151,Ativo,PROFESSOR DO MAGISTERIO SUPERIOR,Sem função
1682833,Aposentado,PROFESSOR DO MAGISTERIO SUPERIOR,Sem função
2381888,Ativo,FARMACEUTICO-HABILITACAO,Sem função
3860872,Ativo,MEDICO RESIDENTE,Sem função
625245,Ativo,PROFESSOR MAGISTERIO SUPERIOR-SUBSTITUTO,Sem função
1073975,Aposentado,PROFESSOR DO MAGISTERIO SUPERIOR,Sem função
1090015,Ativo,TECNICO EM ENFERMAGEM,Sem função
3277444,Pensionista,AUXILIAR DE ENFERMAGEM,Sem função
190208,Aposentado,PROCURADOR FEDERAL,Sem função
2484380,Aposentado,PROFESSOR DO MAGISTERIO SUPERIOR,Sem função
2484380,Pensionista,PROFESSOR DO MAGISTERIO SUPERIOR,Sem função
1490768,Ativo,ASSISTENTE EM ADMINISTRACAO,Sem função
3191945,Pensionista,MEDICO-AREA,Sem função
1065307,Ativo,AUXILIAR DE ENFERMAGEM,Sem função
2130321,Ativo,AUX EM ADMINISTRACAO,Sem função
2468771,Ativo,PROFESSOR DO MAGISTERIO SUPERIOR,Sem função
3756692,Ativo,TECNICO DE LABORATORIO AREA,Sem função
2277649,Aposentado,PROFESSOR DO MAGISTERIO SUPERIOR,Sem função
1108204,Ativo,TECNICO DE LABORATORIO AREA,Sem função
3875504,Ativo,PROFESSOR MAGISTERIO SUPERIOR -VISITANTE,Sem função
3862710,Ativo,MEDICO RESIDENTE,Sem função
852759,Ativo,PROFESSOR DO MAGISTERIO SUPERIOR,Sem função
1345417,Ativo,ENGENHEIRO-AREA,Sem função
1345417,Ativo,Sem informaç,FG 000.2
235508,Ativo,PROFESSOR DO MAGISTERIO SUPERIOR,Sem função
3855074,Ativo,MEDICO RESIDENTE,Sem função
1056515,Ativo,PROFESSOR DO MAGISTERIO SUPERIOR,Sem função
1056515,Ativo,Sem informaç,FUC 000.1
1315660,Ativo,PROFESSOR DO MAGISTERIO SUPERIOR,Sem função
655648,Aposentado,AUXILIAR DE LABORATORIO,Sem função
938130,Pensionista,COZINHEIRO,Sem função
2673175,Ativo,ASSISTENTE EM ADMINISTRACAO,Sem função
548926,Ativo,MEDICO RESIDENTE,Sem função
1378606,Ativo,CONTADOR,Sem função
1378606,Ativo,Sem informaç,CD 000.4
823148,Aposentado,AUXILIAR DE ENFERMAGEM,Sem função
1105114,Ativo,AUX EM ADMINISTRACAO,Sem função
2290568,Ativo,PROFESSOR DO MAGISTERIO SUPERIOR,Sem função
612646,Ativo,PROFESSOR DO MAGISTERIO SUPERIOR,Sem função
3856126,Ativo,ASSISTENTE EM ADMINISTRACAO,Sem função
3350406,Pensionista,TECNICO EM ASSUNTOS EDUCACIONAIS,Sem função
1096273,Ativo,PROFESSOR DO MAGISTERIO SUPERIOR,Sem função
945959,Aposentado,PROFESSOR DO MAGISTERIO SUPERIOR,Sem função
1143189,Ativo,MEDICO-AREA,Sem função
1143189,Ativo,PROFESSOR DO MAGISTERIO SUPERIOR,Sem função
1143189,Ativo,Sem informaç,CD 000.3
1533509,Ativo,PROFESSOR DO MAGISTERIO SUPERIOR,Sem função
145399,Aposentado,PROFESSOR DO MAGISTERIO SUPERIOR,Sem função
2628438,Aposentado,PROFESSOR DO MAGISTERIO SUPERIOR,Sem função
1196362,Ativo,ASSISTENTE EM ADMINISTRACAO,Sem função
1531538,Aposentado,MEDICO-AREA,Sem função
1211944,Aposentado,PROFESSOR DO MAGISTERIO SUPERIOR,Sem função
908415,Ativo,PROFESSOR DO MAGISTERIO SUPERIOR,Sem função
1312794,Aposentado,PROFESSOR DO MAGISTERIO SUPERIOR,Sem função
1803913,Aposentado,PROFESSOR DO MAGISTERIO SUPERIOR,Sem função
2955944,Ativo,PROFESSOR DO MAGISTERIO SUPERIOR,Sem função
3902757,Ativo,PROFESSOR DO MAGISTERIO SUPERIOR,Sem função
2921145,Aposentado,TECNICO EM ASSUNTOS EDUCACIONAIS,Sem função
582122,Ativo,ASSISTENTE EM ADMINISTRACAO,Sem função
2070348,Aposentado,ASSISTENTE EM ADMINISTRACAO,Sem função
2706690,Aposentado,PROFESSOR DO MAGISTERIO SUPERIOR,Sem função
765905,Aposentado,PROFESSOR DO MAGISTERIO SUPERIOR,Sem função
587288,Pensionista,AUXILIAR DE ENFERMAGEM,Sem função
962475,Ativo,AUX EM ADMINISTRACAO,Sem função
1057026,Ativo,SERVENTE DE LIMPEZA,Sem função
1613214,Ativo,TELEFONISTA,Sem função
1867701,Pensionista,RECEPCIONISTA,Sem função
993092,Ativo,ASSISTENTE EM ADMINISTRACAO,Sem função
993092,Ativo,Sem informaç,FG 000.2
3258775,Ativo,ASSISTENTE EM ADMINISTRACAO,Sem função
3099174,Aposentado,VIGILANTE,Sem função
2334247,Ativo,ASSISTENTE EM ADMINISTRACAO,Sem função
447448,Ativo,ASSISTENTE DE ALUNO,Sem função
3710378,Ativo,PROFESSOR DO MAGISTERIO SUPERIOR,Sem função
3021858,Ativo,PROFESSOR DO MAGISTERIO SUPERIOR,Sem função
3021858,Ativo,Sem informaç,FUC 000.1
3279000,Ativo,AUXILIAR DE ENFERMAGEM,Sem função
9062,Ativo,PROFESSOR DO MAGISTERIO SUPERIOR,Sem função
316671,Aposentado,PROFESSOR DO MAGISTERIO SUPERIOR,Sem função
1460582,Ativo,PROFESSOR DO MAGISTERIO SUPERIOR,Sem função
2406779,Ativo,PROFESSOR DO MAGISTERIO SUPERIOR,Sem função
2616087,Pensionista,ASSISTENTE DE ALUNO,Sem função
2078422,Aposentado,PROFESSOR DO MAGISTERIO SUPERIOR,Sem função
3154070,Aposentado,MEDICO-AREA,Sem função
454693,Ativo,ASSISTENTE EM ADMINISTRACAO,Sem função
2287993,Pensionista,PROFESSOR DO MAGISTERIO SUPERIOR,Sem função
2758716,Ativo,ASSISTENTE EM ADMINISTRACAO,Sem função
2049277,Ativo,ASSISTENTE EM ADMINISTRACAO,Sem função
2049277,Ativo,Sem informaç,FG 000.3
3114629,Aposentado,MEDICO-AREA,Sem função
1158542,Aposentado,MOTORISTA,Sem função
2190197,Ativo,PROFESSOR DO MAGISTERIO SUPERIOR,Sem função
3245588,Ativo,PROFESSOR DO MAGISTERIO SUPERIOR,Sem função
897530,Ativo,ELETRICISTA,Sem função
2076165,Ativo,TRADUTOR INTERPRETE DE LINGUAGEM SINAIS,Sem função
225459,Ativo,PROFESSOR DO MAGISTERIO SUPERIOR,Sem função
1168070,Ativo,TECNICO EM ELETROTECNICA,Sem função
2859033,Ativo,ASSISTENTE EM ADMINISTRACAO,Sem função
1942817,Pensionista,PROFESSOR 3 GRAU,Sem função
3861005,Ativo,MEDICO RESIDENTE,Sem função
3169655,Ativo,AUXILIAR DE LABORATORIO,Sem função
243557,Ativo,PROFESSOR DO MAGISTERIO SUPERIOR,Sem função
243557,Ativo,Sem informaç,FG 000.1
1270592,Aposentado,PROFESSOR DO MAGISTERIO SUPERIOR,Sem função
2335166,Ativo,PROFESSOR DO MAGISTERIO SUPERIOR,Sem função
718863,Aposentado,PROFESSOR DO MAGISTERIO SUPERIOR,Sem função
1962693,Ativo,CONTINUO,Sem função
1244689,Aposentado,PROFESSOR DO MAGISTERIO SUPERIOR,Sem função
693566,Aposentado,ASSISTENTE EM ADMINISTRACAO,Sem função
2215500,Ativo,VIGILANTE,Sem função
2098061,Aposentado,PROFESSOR DO MAGISTERIO SUPERIOR,Sem função
850091,Aposentado,PROFESSOR DO MAGISTERIO SUPERIOR,Sem função
850091,Pensionista,PROFESSOR DO MAGISTERIO SUPERIOR,Sem função
574513,Ativo,PROFESSOR MAGISTERIO SUPERIOR-SUBSTITUTO,Sem função
954870,Aposentado,TECNICO EM CONTABILIDADE,Sem função
1756719,Ativo,PROFESSOR DO MAGISTERIO SUPERIOR,Sem função
1011269,Ativo,PROFESSOR DO MAGISTERIO SUPERIOR,Sem função
354493,Aposentado,PROFESSOR DO MAGISTERIO SUPERIOR,Sem função
267097,Aposentado,TEC DE TECNOLOGIA DA INFORMACAO,Sem função
1497433,Ativo,PROFESSOR DO MAGISTERIO SUPERIOR,Sem função
1103317,Aposentado,AUX EM ADMINISTRACAO,Sem função
2098337,Ativo,PROFESSOR DO MAGISTERIO SUPERIOR,Sem função
3855004,Ativo,TEC DE TECNOLOGIA DA INFORMACAO,Sem função
3588903,Pensionista,ASSISTENTE EM ADMINISTRACAO,Sem função
3692953,Ativo,PROFESSOR DO MAGISTERIO SUPERIOR,Sem função
2721456,Aposentado,ASSISTENTE EM ADMINISTRACAO,Sem função
884153,Pensionista,ASSISTENTE EM ADMINISTRACAO,Sem função
3383827,Aposentado,PROFESSOR DO MAGISTERIO SUPERIOR,Sem função
1476010,Ativo,PROFESSOR DO MAGISTERIO SUPERIOR,Sem função
2178614,Aposentado,FARMACEUTICO-HABILITACAO,Sem função
2260128,Ativo,ARMAZENISTA,Sem função
302709,Ativo,DIRETOR DE IMAGEM,Sem função
341343,Aposentado,PROFESSOR DO MAGISTERIO SUPERIOR,Sem função
1681860,Aposentado,PROFESSOR DO MAGISTERIO SUPERIOR,Sem função
1681860,Pensionista,PROFESSOR 3 GRAU,Sem função
984900,Ativo,PROFESSOR DO MAGISTERIO SUPERIOR,Sem função
1221419,Aposentado,VIGILANTE,Sem função
2653937,Aposentado,MEDICO-AREA,Sem função
2653937,Pensionista,MEDICO-AREA,Sem função
3310910,Ativo,MEDICO RESIDENTE,Sem função
1334258,Ativo,ASSISTENTE EM ADMINISTRACAO,Sem função
209708,Ativo,PROFESSOR DO MAGISTERIO SUPERIOR,Sem função
3042768,Ativo,TECNICO EM AUDIOVISUAL,Sem função
774590,Pensionista,PROFESSOR DO MAGISTERIO SUPERIOR,Sem função
573056,Ativo,ASSISTENTE EM ADMINISTRACAO,Sem função
2860999,Ativo,VIGILANTE,Sem função
1507828,Aposentado,OPERADOR DE CAMERA DE CINEMA E TV,Sem função
488038,Ativo,PROFESSOR DO MAGISTERIO SUPERIOR,Sem função
1304451,Ativo,PROFESSOR DO MAGISTERIO SUPERIOR,Sem função
146663,Aposentado,AUXILIAR DE ENFERMAGEM,Sem função
2378135,Ativo,VIGILANTE,Sem função
1221405,Ativo,VIGILANTE,Sem função
3631110,Pensionista,AUXILIAR DE LABORATORIO,Sem função
2357363,Ativo,PROFESSOR MAGISTERIO SUPERIOR-SUBSTITUTO,Sem função
3855005,Ativo,MEDICO RESIDENTE,Sem função
272196,Aposentado,FARMACEUTICO-HABILITACAO,Sem função
2226516,Aposentado,PROFESSOR DO MAGISTERIO SUPERIOR,Sem função
825956,Pensionista,PROFESSOR 3 GRAU,Sem função
825956,Pensionista,PROFESSOR DO MAGISTERIO SUPERIOR,Sem função
2178080,Pensionista,PORTEIRO,Sem função
239028,Ativo,BIBLIOTECARIO-DOCUMENTALISTA,Sem função
244716,Aposentado,SOCIOLOGO,Sem função
2851163,Ativo,PROFESSOR DO MAGISTERIO SUPERIOR,Sem função
279601,Ativo,AUX EM ADMINISTRACAO,Sem função
884004,Pensionista,AUXILIAR DE LABORATORIO,Sem função
3427628,Aposentado,ASSISTENTE EM ADMINISTRACAO,Sem função
1589591,Pensionista,OPERADOR DE LUZ,Sem função
2627606,Aposentado,ASSISTENTE EM ADMINISTRACAO,Sem função
2915937,Aposentado,PINTOR-AREA,Sem função
1793376,Aposentado,PROFESSOR DO MAGISTERIO SUPERIOR,Sem função
2649231,Pensionista,VIGILANTE,Sem função
2832145,Ativo,AUXILIAR DE ENFERMAGEM,Sem função
244382,Ativo,PROFESSOR MAGISTERIO SUPERIOR-SUBSTITUTO,Sem função
3573662,Pensionista,AUX EM ADMINISTRACAO,Sem função
1339832,Aposentado,COZINHEIRO,Sem função
2569786,Pensionista,PROFESSOR DO MAGISTERIO SUPERIOR,Sem função
2949285,Ativo,TECNICO EM ENFERMAGEM,Sem função
1760881,Ativo,AUXILIAR DE ENFERMAGEM,Sem função
2494317,Aposentado,COPEIRO,Sem função
1959190,Ativo,ASSISTENTE EM ADMINISTRACAO,Sem função
2631389,Pensionista,MARCENEIRO,Sem função
3327332,Pensionista,TECNICO DE LABORATORIO AREA,Sem função
3243211,Ativo,ENFERMEIRO-AREA,Sem função
1156639,Ativo,ASSISTENTE EM ADMINISTRACAO,Sem função
1544812,Aposentado,TECNICO DE LABORATORIO AREA,Sem função
2893308,Ativo,PROFESSOR DO MAGISTERIO SUPERIOR,Sem função
2195720,Aposentado,MEDICO-AREA,Sem função
3543756,Aposentado,AUXILIAR DE SAUDE,Sem função
1121521,Aposentado,PROFESSOR DO MAGISTERIO SUPERIOR,Sem função
2610935,Aposentado,PROFESSOR DO MAGISTERIO SUPERIOR,Sem função
2243309,Ativo,AUXILIAR DE ENFERMAGEM,Sem função
508990,Ativo,AUXILIAR DE ENFERMAGEM,Sem função
508990,Pensionista,SERVENTE DE LIMPEZA,Sem função
3412699,Pensionista,ASSISTENTE EM ADMINISTRACAO,Sem função
2195659,Pensionista,ASSISTENTE EM ADMINISTRACAO,Sem função
930805,Pensionista,ELETRICISTA,Sem função
851179,Pensionista,JORNALISTA,Sem função
851179,Pensionista,PROFESSOR DO MAGISTERIO SUPERIOR,Sem função
334892,Aposentado,TECNICO EM ASSUNTOS EDUCACIONAIS,Sem função
944430,Pensionista,VIGILANTE,Sem função
867887,Pensionista,TECNICO EM CONTABILIDADE,Sem função
3156177,Aposentado,SERVENTE DE LIMPEZA,Sem função
2281950,Aposentado,AUXILIAR DE ENFERMAGEM,Sem função
2097489,Pensionista,AUXILIAR DE ENFERMAGEM,Sem função
3315398,Ativo,ASSISTENTE SOCIAL,Sem função
2724297,Pensionista,PROFESSOR DO MAGISTERIO SUPERIOR,Sem função
2402685,Ativo,ASSISTENTE EM ADMINISTRACAO,Sem função
2897235,Ativo,AUDITOR,Sem função
2897235,Ativo,Sem informaç,FG 000.1
3395173,Ativo,PROFESSOR DO MAGISTERIO SUPERIOR,Sem função
2305531,Aposentado,PROFESSOR DO MAGISTERIO SUPERIOR,Sem função
942915,Aposentado,PROFESSOR DO MAGISTERIO SUPERIOR,Sem função
2629661,Pensionista,PROFESSOR 3 GRAU,Sem função
1973281,Ativo,ASSISTENTE SOCIAL,Sem função
2214063,Ativo,FISICO,Sem função
26247,Ativo,ENGENHEIRO-AREA,Sem função
26247,Ativo,Sem informaç,FG 000.3
3852073,Ativo,ASSISTENTE EM ADMINISTRACAO,Sem função
652935,Aposentado,PROFESSOR DO MAGISTERIO SUPERIOR,Sem função
281225,Ativo,PROFESSOR DO MAGISTERIO SUPERIOR,Sem função
1647996,Pensionista,PINTOR-AREA,Sem função
3294499,Pensionista,TECNICO DE LABORATORIO AREA,Sem função
1056632,Ativo,BIOMEDICO,Sem função
2998373,Ativo,AUXILIAR DE ENFERMAGEM,Sem função
722381,Ativo,TECNICO DE LABORATORIO AREA,Sem função
1063051,Ativo,PROFESSOR ENS BASICO TECN TECNOLOGICO,Sem função
1063051,Ativo,Sem informaç,CD 000.4
1024293,Aposentado,PROFESSOR DO MAGISTERIO SUPERIOR,Sem função
2598875,Pensionista,ASSISTENTE DE LABORATORIO,Sem função
1062302,Aposentado,VIGILANTE,Sem função
3315699,Aposentado,ASSISTENTE EM ADMINISTRACAO,Sem função
2522922,Aposentado,ASSISTENTE EM ADMINISTRACAO,Sem função
307589,Aposentado,ASSISTENTE EM ADMINISTRACAO,Sem função
2873960,Ativo,PROFESSOR DO MAGISTERIO SUPERIOR,Sem função
2873960,Ativo,Sem informaç,FG 000.1
1038540,Ativo,AUX EM ADMINISTRACAO,Sem função
1089731,Ativo,PROFESSOR DO MAGISTERIO SUPERIOR,Sem função
2956693,Ativo,PROFESSOR DO MAGISTERIO SUPERIOR,Sem função
2956693,Ativo,Sem informaç,CD 000.2
1433126,Ativo,PROFESSOR DO MAGISTERIO SUPERIOR,Sem função
342905,Pensionista,PROFESSOR 3 GRAU,Sem função
1487347,Aposentado,ASSISTENTE EM ADMINISTRACAO,Sem função
877642,Pensionista,PROFESSOR 3 GRAU,Sem função
3387839,Ativo,PROFESSOR MAGISTERIO SUPERIOR-SUBSTITUTO,Sem função
210604,Ativo,RESIDENCIA MULTIPROFISSIONAL,Sem função
1882513,Ativo,ASSISTENTE EM ADMINISTRACAO,Sem função
1768317,Ativo,PROFESSOR DO MAGISTERIO SUPERIOR,Sem função
1350404,Ativo,ENFERMEIRO-AREA,Sem função
1350404,Ativo,Sem informaç,GF 002.6
1678557,Ativo,PROFESSOR DO MAGISTERIO SUPERIOR,Sem função
251435,Aposentado,ASSISTENTE EM ADMINISTRACAO,Sem função
1210000,Ativo,PROFESSOR DO MAGISTERIO SUPERIOR,Sem função
2302833,Ativo,AUX EM ADMINISTRACAO,Sem função
3133811,Aposentado,PROFESSOR DO MAGISTERIO SUPERIOR,Sem função
3133811,Aposentado,PROFESSOR DO MAGISTERIO SUPERIOR,Sem função
2258917,Ativo,ASSISTENTE EM ADMINISTRACAO,Sem função
2258917,Ativo,Sem informaç,FG 000.1
2737501,Pensionista,ASSISTENTE EM ADMINISTRACAO,Sem função
2861080,Ativo,ASSISTENTE EM ADMINISTRACAO,Sem função
3419550,Ativo,TECNICO DE LABORATORIO AREA,Sem função
2315449,Ativo,TECNICO EM RADIOLOGIA,Sem função
2431295,Ativo,AUX EM ADMINISTRACAO,Sem função
3179225,Aposentado,ASSISTENTE EM ADMINISTRACAO,Sem função
409439,Ativo,PROFESSOR DO MAGISTERIO SUPERIOR,Sem função
2541705,Aposentado,PROFESSOR DO MAGISTERIO SUPERIOR,Sem função
1136330,Aposentado,PROFESSOR DO MAGISTERIO SUPERIOR,Sem função
3561279,Aposentado,ASCENSORISTA,Sem função
1332596,Aposentado,OPERADOR DE MAQ DE LAVANDERIA,Sem função
1044106,Aposentado,PROFESSOR DO MAGISTERIO SUPERIOR,Sem função
2186942,Aposentado,TECNICO DE LABORATORIO AREA,Sem função
823489,Aposentado,TECNICO EM ASSUNTOS EDUCACIONAIS,Sem função
550575,Aposentado,VIGILANTE,Sem função
202197,Ativo,ASSISTENTE EM ADMINISTRACAO,Sem função
307456,Aposentado,PEDREIRO,Sem função
391481,Ativo,AUXILIAR OPERACIONAL,Sem função
2347745,Ativo,VIGILANTE,Sem função
2843016,Ativo,VIGILANTE,Sem função
986736,Aposentado,ASCENSORISTA,Sem função
1688053,Aposentado,PROFESSOR DO MAGISTERIO SUPERIOR,Sem função
3360157,Aposentado,MOTORISTA,Sem função
3351572,Ativo,PROFESSOR DO MAGISTERIO SUPERIOR,Sem função
2942486,Ativo,MECANICO,Sem função
2387352,Ativo,DESENHISTA DE ARTES GRAFICAS,Sem função
2183887,Aposentado,PROFESSOR DO MAGISTERIO SUPERIOR,Sem função
40886,Ativo,TECNICO DE LABORATORIO AREA,Sem função
1900124,Aposentado,PROFESSOR DO MAGISTERIO SUPERIOR,Sem função
1167393,Ativo,PROFESSOR DO MAGISTERIO SUPERIOR,Sem função
1079547,Ativo,ASSISTENTE EM ADMINISTRACAO,Sem função
733450,Aposentado,AUX EM ADMINISTRACAO,Sem função
1351338,Ativo,PROFESSOR DO MAGISTERIO SUPERIOR,Sem função
1209290,Ativo,PROFESSOR MAGISTERIO SUPERIOR-SUBSTITUTO,Sem função
2521398,Ativo,VIGILANTE,Sem função
1896470,Ativo,MEDICO-AREA,Sem função
1663609,Aposentado,TECNICO DE LABORATORIO AREA,Sem função
863811,Aposentado,JORNALISTA,Sem função
2596702,Aposentado,JORNALISTA,Sem função
2802606,Ativo,ASSISTENTE EM ADMINISTRACAO,Sem função
2759897,Aposentado,PROFESSOR DO MAGISTERIO SUPERIOR,Sem função
1577422,Aposentado,ATENDENTE DE ENFERMAGEM,Sem função
131703,Ativo,PROFESSOR DO MAGISTERIO SUPERIOR,Sem função
1141448,Ativo,ASSISTENTE EM ADMINISTRACAO,Sem função
2261952,Ativo,ANALISTA DE TEC DA INFORMACAO,Sem função
3136047,Ativo,ASSISTENTE EM ADMINISTRACAO,Sem função
1839949,Aposentado,PROFESSOR DO MAGISTERIO SUPERIOR,Sem função
878348,Ativo,ASSISTENTE EM ADMINISTRACAO,Sem função
878348,Ativo,Sem informaç,FG 000.3
3603552,Pensionista,MECANICO,Sem função
971540,Aposentado,PROFESSOR DO MAGISTERIO SUPERIOR,Sem função
2968828,Ativo,MEDICO RESIDENTE,Sem função
481925,Ativo,PROFESSOR DO MAGISTERIO SUPERIOR,Sem função
1750031,Aposentado,ASSISTENTE EM ADMINISTRACAO,Sem função
2871707,Ativo,PROFESSOR DO MAGISTERIO SUPERIOR,Sem função
3191480,Ativo,PROFESSOR DO MAGISTERIO SUPERIOR,Sem função
2377332,Ativo,PROFESSOR DO MAGISTERIO SUPERIOR,Sem função
3049014,Ativo,PROFESSOR DO MAGISTERIO SUPERIOR,Sem função
1483188,Ativo,PROFESSOR MAGISTERIO SUPERIOR-SUBSTITUTO,Sem função
3784932,Ativo,PROFESSOR MAGISTERIO SUPERIOR -VISITANTE,Sem função
2364744,Ativo,PROFESSOR DO MAGISTERIO SUPERIOR,Sem função
2760920,Ativo,PROFESSOR MAGISTERIO SUPERIOR-SUBSTITUTO,Sem função
2119524,Ativo,PROFESSOR DO MAGISTERIO SUPERIOR,Sem função
3354505,Ativo,PSICOLOGO-AREA,Sem função
61181,Ativo,ASSISTENTE EM ADMINISTRACAO,Sem função
2357151,Ativo,MEDICO RESIDENTE,Sem função
2296320,Ativo,TECNICO DE LABORATORIO AREA,Sem função
1689157,Ativo,TECNICO EM ENFERMAGEM,Sem função
60554,Ativo,ADMINISTRADOR,Sem função
9423,Ativo,TECNICO EM ASSUNTOS EDUCACIONAIS,Sem função
9423,Ativo,Sem informaç,FG 000.3
2255426,Ativo,PROFESSOR DO MAGISTERIO SUPERIOR,Sem função
2945918,Ativo,ASSISTENTE EM ADMINISTRACAO,Sem função
3301015,Ativo,TECNICO EM ENFERMAGEM,Sem função
1338586,Ativo,BIBLIOTECARIO-DOCUMENTALISTA,Sem função
1338586,Ativo,Sem informaç,FG 000.1
1362531,Ativo,PROFESSOR DO MAGISTERIO SUPERIOR,Sem função
3101226,Ativo,PROFESSOR DO MAGISTERIO SUPERIOR,Sem função
3101226,Ativo,Sem informaç,FUC 000.1
235660,Ativo,PROFESSOR DO MAGISTERIO SUPERIOR,Sem função
2415176,Ativo,PROFESSOR MAGISTERIO SUPERIOR-SUBSTITUTO,Sem função
3195922,Ativo,PROFESSOR DO MAGISTERIO SUPERIOR,Sem função
1870326,Pensionista,PROFESSOR DO MAGISTERIO SUPERIOR,Sem função
2383033,Ativo,ASSISTENTE EM ADMINISTRACAO,Sem função
1595736,Ativo,TECNICO EM CONTABILIDADE,Sem função
3704932,Ativo,ASSISTENTE EM ADMINISTRACAO,Sem função
2999055,Ativo,PROFESSOR MAGISTERIO SUPERIOR-SUBSTITUTO,Sem função
170751,Ativo,PROFESSOR DO MAGISTERIO SUPERIOR,Sem função
2003685,Ativo,NUTRICIONISTA-HABILITACAO,Sem função
1613223,Ativo,ASSISTENTE EM ADMINISTRACAO,Sem função
3010349,Ativo,PROFESSOR MAGISTERIO SUPERIOR-SUBSTITUTO,Sem função
23826,Ativo,ASSISTENTE SOCIAL,Sem função
17552,Ativo,ASSISTENTE EM ADMINISTRACAO,Sem função
3123912,Ativo,MEDICO RESIDENTE,Sem função
2907883,Ativo,VIGILANTE,Sem função
2686121,Aposentado,PROFESSOR DO MAGISTERIO SUPERIOR,Sem função
2708515,Aposentado,PROFESSOR DO MAGISTERIO SUPERIOR,Sem função
1277650,Ativo,PROFESSOR DO MAGISTERIO SUPERIOR,Sem função
1356118,Ativo,PROFESSOR DO MAGISTERIO SUPERIOR,Sem função
3689887,Pensionista,PROFESSOR DO MAGISTERIO SUPERIOR,Sem função
2828549,Ativo,TRADUTOR INTERPRETE DE LINGUAGEM SINAIS,Sem função
3074391,Ativo,ASSISTENTE EM ADMINISTRACAO,Sem função
3310106,Pensionista,BIBLIOTECARIO-DOCUMENTALISTA,Sem função
2698991,Ativo,TECNICO DE LABORATORIO AREA,Sem função
1364555,Ativo,PROFESSOR ENS BASICO TECN TECNOLOGICO,Sem função
3266375,Ativo,PROFESSOR DO MAGISTERIO SUPERIOR,Sem função
1968366,Aposentado,PRODUTOR CULTURAL,Sem função
3060142,Ativo,MEDICO-AREA,Sem função
3707594,Ativo,PROFESSOR DO MAGISTERIO SUPERIOR,Sem função
3707594,Ativo,Sem informaç,FG 000.1
986700,Ativo,PROFESSOR DO MAGISTERIO SUPERIOR,Sem função
2958212,Aposentado,PROFESSOR ENS BASICO TECN TECNOLOGICO,Sem função
1162670,Ativo,PROFESSOR DO MAGISTERIO SUPERIOR,Sem função
261704,Ativo,TEC DE TECNOLOGIA DA INFORMACAO,Sem função
261704,Ativo,Sem informaç,FG 000.3
1110010,Ativo,TECNICO DE LABORATORIO AREA,Sem função
1509984,Ativo,PROFESSOR DO MAGISTERIO SUPERIOR,Sem função
1337482,Ativo,PROFESSOR DO MAGISTERIO SUPERIOR,Sem função
139801,Aposentado,PROFESSOR DO MAGISTERIO SUPERIOR,Sem função
1231087,Ativo,PROFESSOR DO MAGISTERIO SUPERIOR,Sem função
3087955,Ativo,PROFESSOR DO MAGISTERIO SUPERIOR,Sem função
1577094,Ativo,TECNICO DE LABORATORIO AREA,Sem função
807858,Aposentado,PROFESSOR DO MAGISTERIO SUPERIOR,Sem função
1214879,Ativo,ANALISTA DE TEC DA INFORMACAO,Sem função
1063840,Ativo,PROFESSOR DO MAGISTERIO SUPERIOR,Sem função
20867,Ativo,AUX EM ADMINISTRACAO,Sem função
1857960,Ativo,ENGENHEIRO-AREA,Sem função
2082046,Ativo,PROFESSOR DO MAGISTERIO SUPERIOR,Sem função
2082046,Ativo,Sem informaç,FUC 000.1
1229459,Ativo,ASSISTENTE EM ADMINISTRACAO,Sem função
54523,Ativo,PROFESSOR DO MAGISTERIO SUPERIOR,Sem função
130935,Aposentado,PROFESSOR DO MAGISTERIO SUPERIOR,Sem função
828125,Ativo,VIGILANTE,Sem função
1905083,Ativo,PROFESSOR DO MAGISTERIO SUPERIOR,Sem função
420756,Ativo,ASSISTENTE EM ADMINISTRACAO,Sem função
420756,Ativo,Sem informaç,FG 000.1
1574000,Ativo,PROFESSOR DO MAGISTERIO SUPERIOR,Sem função
1266580,Ativo,PROFESSOR DO MAGISTERIO SUPERIOR,Sem função
3622156,Aposentado,PROFESSOR DO MAGISTERIO SUPERIOR,Sem função
1085589,Aposentado,PROFESSOR DO MAGISTERIO SUPERIOR,Sem função
2637581,Ativo,AUX EM ADMINISTRACAO,Sem função
2799573,Ativo,PROFESSOR DO MAGISTERIO SUPERIOR,Sem função
2799573,Ativo,Sem informaç,FUC 000.1
2552488,Aposentado,PROFESSOR DO MAGISTERIO SUPERIOR,Sem função
259110,Ativo,PROFESSOR DO MAGISTERIO SUPERIOR,Sem função
3668818,Ativo,ASSISTENTE EM ADMINISTRACAO,Sem função
3538168,Ativo,MEDICO RESIDENTE,Sem função
2484237,Pensionista,TECNICO DE LABORATORIO AREA,Sem função
3140051,Ativo,ASSISTENTE EM ADMINISTRACAO,Sem função
1376334,Ativo,AUX EM ADMINISTRACAO,Sem função
1133348,Aposentado,PROFESSOR DO MAGISTERIO SUPERIOR,Sem função
228825,Ativo,PROFESSOR DO MAGISTERIO SUPERIOR,Sem função
228825,Ativo,Sem informaç,FUC 000.1
1314457,Ativo,ASSISTENTE EM ADMINISTRACAO,Sem função
2561413,Pensionista,TEC EM ANATOMIA E NECROPSIA,Sem função
1403735,Ativo,PROFESSOR DO MAGISTERIO SUPERIOR,Sem função
308448,Aposentado,PROFESSOR ENS BASICO TECN TECNOLOGICO,Sem função
1967942,Ativo,PROFESSOR DO MAGISTERIO SUPERIOR,Sem função
1524097,Ativo,PROFESSOR DO MAGISTERIO SUPERIOR,Sem função
397364,Ativo,PROFESSOR DO MAGISTERIO SUPERIOR,Sem função
1319022,Ativo,PROFESSOR DO MAGISTERIO SUPERIOR,Sem função
1027589,Ativo,PROFESSOR DO MAGISTERIO SUPERIOR,Sem função
2779773,Aposentado,PROFESSOR DO MAGISTERIO SUPERIOR,Sem função
172131,Aposentado,PROFESSOR DO MAGISTERIO SUPERIOR,Sem função
1394791,Ativo,ADMINISTRADOR DE EDIFICIOS,Sem função
389007,Aposentado,PROFESSOR DO MAGISTERIO SUPERIOR,Sem função
389007,Aposentado,PROFESSOR DO MAGISTERIO SUPERIOR,Sem função
2076430,Aposentado,PROFESSOR DO MAGISTERIO SUPERIOR,Sem função
2929046,Ativo,AUXILIAR DE ENFERMAGEM,Sem função
834764,Aposentado,PROFESSOR DO MAGISTERIO SUPERIOR,Sem função
3335170,Ativo,AUX EM ADMINISTRACAO,Sem função
740256,Ativo,PROFESSOR MAGISTERIO SUPERIOR-SUBSTITUTO,Sem função
2403515,Ativo,BIOMEDICO,Sem função
3441240,Ativo,FARMACEUTICO BIOQUIMICO,Sem função
2184699,Pensionista,PROFESSOR DO MAGISTERIO SUPERIOR,Sem função
2793477,Ativo,TECNICO EM ENFERMAGEM,Sem função
2190642,Aposentado,PROFESSOR DO MAGISTERIO SUPERIOR,Sem função
1310154,Aposentado,ARQUIVISTA,Sem função
472534,Aposentado,ASSISTENTE EM ADMINISTRACAO,Sem função
20336,Ativo,AUX EM ADMINISTRACAO,Sem função
1195558,Aposentado,AUX EM ADMINISTRACAO,Sem função
3524127,Aposentado,ENFERMEIRO-AREA,Sem função
1863361,Ativo,PROFESSOR DO MAGISTERIO SUPERIOR,Sem função
3539102,Pensionista,PROFESSOR DO MAGISTERIO SUPERIOR,Sem função
378062,Ativo,MEDICO-AREA,Sem função
1301495,Ativo,PROFESSOR DO MAGISTERIO SUPERIOR,Sem função
1301495,Ativo,Sem informaç,FUC 000.1
188432,Aposentado,AUX EM ADMINISTRACAO,Sem função
3522582,Pensionista,ASSISTENTE EM ADMINISTRACAO,Sem função
918999,Aposentado,PROFESSOR DO MAGISTERIO SUPERIOR,Sem função
2139329,Ativo,MEDICO-AREA,Sem função
970241,Pensionista,RECEPCIONISTA,Sem função
3662842,Aposentado,PROFESSOR DO MAGISTERIO SUPERIOR,Sem função
2169905,Pensionista,RECEPCIONISTA,Sem função
982822,Aposentado,CONTADOR,Sem função
2887256,Ativo,PROFESSOR DO MAGISTERIO SUPERIOR,Sem função
1011222,Aposentado,PROFESSOR DO MAGISTERIO SUPERIOR,Sem função
454551,Ativo,MEDICO-AREA,Sem função
200830,Aposentado,ASSISTENTE EM ADMINISTRACAO,Sem função
3137844,Ativo,PROFESSOR DO MAGISTERIO SUPERIOR,Sem função
2923519,Ativo,PEDAGOGO-AREA,Sem função
1940955,Pensionista,TEC EM ANATOMIA E NECROPSIA,Sem função
1768428,Pensionista,MOTORISTA,Sem função
3745086,Pensionista,VIGILANTE,Sem função
39299,Ativo,PROFESSOR DO MAGISTERIO SUPERIOR,Sem função
3128737,Aposentado,TECNICO DE LABORATORIO AREA,Sem função
242375,Ativo,TECNICO EM QUIMICA,Sem função
961714,Pensionista,PROFESSOR DO MAGISTERIO SUPERIOR,Sem função
2261140,Aposentado,PROFESSOR DO MAGISTERIO SUPERIOR,Sem função
2341619,Ativo,FARMACEUTICO-HABILITACAO,Sem função
2778762,Pensionista,ASSISTENTE DE LABORATORIO,Sem função
2810247,Ativo,PROFESSOR DO MAGISTERIO SUPERIOR,Sem função
398856,Ativo,PROFESSOR DO MAGISTERIO SUPERIOR,Sem função
580002,Aposentado,ASSISTENTE EM ADMINISTRACAO,Sem função
3651796,Ativo,ASSISTENTE EM ADMINISTRACAO,Sem função
1261185,Ativo,ASSISTENTE EM ADMINISTRACAO,Sem função
378019,Ativo,PROFESSOR DO MAGISTERIO SUPERIOR,Sem função
378019,Ativo,Sem informaç,FG 000.1
390404,Ativo,PROFESSOR DO MAGISTERIO SUPERIOR,Sem função
3614418,Aposentado,ADMINISTRADOR,Sem função
306721,Ativo,TECNICO EM ENFERMAGEM,Sem função
54197,Ativo,PROFESSOR DO MAGISTERIO SUPERIOR,Sem função
1358900,Ativo,AUX EM ADMINISTRACAO,Sem função
2621980,Aposentado,CONTINUO,Sem função
1053175,Aposentado,PROFESSOR DO MAGISTERIO SUPERIOR,Sem função
1290720,Ativo,ENGENHEIRO-AREA,Sem função
2246802,Aposentado,ASSISTENTE EM ADMINISTRACAO,Sem função
3090742,Ativo,PROFESSOR DO MAGISTERIO SUPERIOR,Sem função
2026149,Ativo,CONTADOR,Sem função
841574,Ativo,VIGILANTE,Sem função
2401112,Ativo,PROFESSOR DO MAGISTERIO SUPERIOR,Sem função
2568607,Aposentado,PROCURADOR FEDERAL,Sem função
2604416,Pensionista,FARMACEUTICO-HABILITACAO,Sem função
2654436,Ativo,PROFESSOR DO MAGISTERIO SUPERIOR,Sem função
3220140,Aposentado,PROFESSOR DO MAGISTERIO SUPERIOR,Sem função
552278,Ativo,TECNICO EM CONTABILIDADE,Sem função
1268089,Ativo,ASCENSORISTA,Sem função
2550127,Pensionista,RECEPCIONISTA,Sem função
1203791,Aposentado,PROFESSOR DO MAGISTERIO SUPERIOR,Sem função
3360682,Ativo,AUXILIAR DE ENFERMAGEM,Sem função
1662671,Aposentado,PROFESSOR DO MAGISTERIO SUPERIOR,Sem função
1755659,Ativo,PROFESSOR ENS BASICO TECN TECNOLOGICO,Sem função
2230439,Aposentado,PROFESSOR 3 GRAU,Sem função
367228,Ativo,AUXILIAR DE LABORATORIO,Sem função
2942036,Ativo,ASSISTENTE EM ADMINISTRACAO,Sem função
252543,Aposentado,PROFESSOR DO MAGISTERIO SUPERIOR,Sem função
517051,Ativo,PROFESSOR DO MAGISTERIO SUPERIOR,Sem função
869850,Pensionista,RECEPCIONISTA,Sem função
2975538,Ativo,PROFESSOR DO MAGISTERIO SUPERIOR,Sem função
285691,Aposentado,ENGENHEIRO-AREA,Sem função
3496082,Ativo,PROFESSOR MAGISTERIO SUPERIOR-SUBSTITUTO,Sem função
1297854,Ativo,PROFESSOR DO MAGISTERIO SUPERIOR,Sem função
2987208,Ativo,PROFESSOR DO MAGISTERIO SUPERIOR,Sem função
247365,Ativo,PROFESSOR DO MAGISTERIO SUPERIOR,Sem função
247365,Ativo,Sem informaç,FG 000.1
1839086,Ativo,PROFESSOR DO MAGISTERIO SUPERIOR,Sem função
1334282,Ativo,PROFESSOR DO MAGISTERIO SUPERIOR,Sem função
1745857,Aposentado,AUX EM ADMINISTRACAO,Sem função
988364,Aposentado,ASSISTENTE EM ADMINISTRACAO,Sem função
1212814,Ativo,ASSISTENTE EM ADMINISTRACAO,Sem função
3400451,Ativo,PROFESSOR MAGISTERIO SUPERIOR-SUBSTITUTO,Sem função
1640986,Ativo,PROFESSOR DO MAGISTERIO SUPERIOR,Sem função
2843555,Ativo,PROFESSOR DO MAGISTERIO SUPERIOR,Sem função
407689,Ativo,PROFESSOR DO MAGISTERIO SUPERIOR,Sem função
3225944,Aposentado,PROFESSOR DO MAGISTERIO SUPERIOR,Sem função
2817231,Ativo,TECNICO EM SOM,Sem função
426148,Ativo,PROFESSOR DO MAGISTERIO SUPERIOR,Sem função
2917234,Ativo,PROFESSOR DO MAGISTERIO SUPERIOR,Sem função
3086270,Ativo,PROFESSOR DO MAGISTERIO SUPERIOR,Sem função
2368341,Ativo,PROFESSOR DO MAGISTERIO SUPERIOR,Sem função
1305991,Ativo,SECRETARIO EXECUTIVO,Sem função
1015981,Ativo,ASSISTENTE EM ADMINISTRACAO,Sem função
2592348,Ativo,PROFESSOR DO MAGISTERIO SUPERIOR,Sem função
2592348,Ativo,Sem informaç,CD 000.3
43309,Ativo,ASSISTENTE EM ADMINISTRACAO,Sem função
2886312,Ativo,PROFESSOR DO MAGISTERIO SUPERIOR,Sem função
462122,Ativo,PROFESSOR DO MAGISTERIO SUPERIOR,Sem função
146251,Aposentado,PROFESSOR DO MAGISTERIO SUPERIOR,Sem função
2579030,Aposentado,PROFESSOR DO MAGISTERIO SUPERIOR,Sem função
66040,Aposentado,PROFESSOR DO MAGISTERIO SUPERIOR,Sem função
411760,Ativo,PROFESSOR MAGISTERIO SUPERIOR-SUBSTITUTO,Sem função
231478,Ativo,PROFESSOR DO MAGISTERIO SUPERIOR,Sem função
72341,Ativo,AUX EM ADMINISTRACAO,Sem função
1849918,Ativo,VESTIARISTA,Sem função
2812140,Ativo,AUX EM ADMINISTRACAO,Sem função
3677360,Aposentado,AUXILIAR DE ENFERMAGEM,Sem função
3571513,Aposentado,TECNICO DE LABORATORIO AREA,Sem função
2821306,Ativo,PROFESSOR DO MAGISTERIO SUPERIOR,Sem função
94612,Ativo,PROFESSOR DO MAGISTERIO SUPERIOR,Sem função
94612,Ativo,Sem informaç,FUC 000.1
2438347,Aposentado,PROFESSOR DO MAGISTERIO SUPERIOR,Sem função
48785,Aposentado,PROFESSOR DO MAGISTERIO SUPERIOR,Sem função
1268391,Ativo,PROFESSOR DO MAGISTERIO SUPERIOR,Sem função
2888294,Ativo,PROFESSOR DO MAGISTERIO SUPERIOR,Sem função
139056,Ativo,TECNICO DE LABORATORIO AREA,Sem função
3266169,Ativo,FOTOGRAVADOR,Sem função
2230348,Ativo,PROFESSOR DO MAGISTERIO SUPERIOR,Sem função
2282292,Ativo,PROFESSOR ENS BASICO TECN TECNOLOGICO,Sem função
2983665,Ativo,PROFESSOR DO MAGISTERIO SUPERIOR,Sem função
2126898,Ativo,ASSISTENTE EM ADMINISTRACAO,Sem função
2126898,Ativo,Sem informaç,FG 000.2
3517670,Ativo,VIGILANTE,Sem função
2869060,Ativo,PROFESSOR DO MAGISTERIO SUPERIOR,Sem função
2869060,Ativo,Sem informaç,FUC 000.1
2659233,Ativo,TEC EM ELETROELETRONICA,Sem função
3182405,Ativo,ARMAZENISTA,Sem função
320247,Ativo,TECNICO EM ENFERMAGEM,Sem função
1102699,Ativo,QUIMICO,Sem função
564003,Ativo,PROFESSOR DO MAGISTERIO SUPERIOR,Sem função
1156632,Aposentado,MEDICO-AREA,Sem função
467059,Ativo,ASSISTENTE EM ADMINISTRACAO,Sem função
1399868,Aposentado,PROFESSOR DO MAGISTERIO SUPERIOR,Sem função
1849015,Aposentado,OPERADOR DE CAMERA DE CINEMA E TV,Sem função
2935440,Ativo,PROFESSOR DO MAGISTERIO SUPERIOR,Sem função
929829,Aposentado,PROFESSOR DO MAGISTERIO SUPERIOR,Sem função
926015,Aposentado,ASCENSORISTA,Sem função
1250994,Aposentado,PROFESSOR DO MAGISTERIO SUPERIOR,Sem função
3077129,Ativo,TECNICO EM CONTABILIDADE,Sem função
2935428,Aposentado,VIGILANTE,Sem função
2898960,Ativo,PROFESSOR DO MAGISTERIO SUPERIOR,Sem função
2895635,Ativo,VIGILANTE,Sem função
1302207,Ativo,EDITOR DE IMAGENS,Sem função
283649,Ativo,BIBLIOTECARIO-DOCUMENTALISTA,Sem função
2505667,Ativo,ASSISTENTE EM ADMINISTRACAO,Sem função
50620,Ativo,ASSISTENTE EM ADMINISTRACAO,Sem função
50620,Ativo,Sem informaç,FG 000.3
2294658,Ativo,PROFESSOR DO MAGISTERIO SUPERIOR,Sem função
2907734,Ativo,BIBLIOTECARIO-DOCUMENTALISTA,Sem função
1071354,Ativo,PROFESSOR DO MAGISTERIO SUPERIOR,Sem função
2688182,Ativo,ASSISTENTE EM ADMINISTRACAO,Sem função
730054,Aposentado,ASSISTENTE EM ADMINISTRACAO,Sem função
866381,Aposentado,MEDICO-AREA,Sem função
1087696,Ativo,AUX EM ADMINISTRACAO,Sem função
3608260,Pensionista,DESENHISTA DE ARTES GRAFICAS,Sem função
2522765,Ativo,TECNICO EM ASSUNTOS EDUCACIONAIS,Sem função
1970481,Aposentado,VIGILANTE,Sem função
517930,Ativo,AUX EM ADMINISTRACAO,Sem função
332242,Aposentado,MEDICO-AREA,Sem função
27380,Aposentado,ASSISTENTE EM ADMINISTRACAO,Sem função
1561796,Ativo,TECNICO DE LABORATORIO AREA,Sem função
403318,Ativo,PROFESSOR DO MAGISTERIO SUPERIOR,Sem função
2508184,Ativo,PROFESSOR DO MAGISTERIO SUPERIOR,Sem função
900156,Ativo,CONTINUO,Sem função
1434720,Ativo,PROFESSOR ENS BASICO TECN TECNOLOGICO,Sem função
1103790,Aposentado,ASSISTENTE EM ADMINISTRACAO,Sem função
1109416,Aposentado,MESTRE DE EDIF E INFRAESTRUTURA,Sem função
2149328,Pensionista,AUXILIAR DE ENFERMAGEM,Sem função
459071,Aposentado,ASSISTENTE EM ADMINISTRACAO,Sem função
1738919,Ativo,AUXILIAR DE ENFERMAGEM,Sem função
1022528,Ativo,AUX EM ADMINISTRACAO,Sem função
2357833,Aposentado,AUX EM ADMINISTRACAO,Sem função
528516,Aposentado,PROFESSOR DO MAGISTERIO SUPERIOR,Sem função
3077037,Ativo,AUX EM ADMINISTRACAO,Sem função
1278147,Ativo,MEDICO RESIDENTE,Sem função
3492450,Aposentado,PROFESSOR 3 GRAU,Sem função
222613,Ativo,PROFESSOR DO MAGISTERIO SUPERIOR,Sem função
3325656,Ativo,AUX EM ADMINISTRACAO,Sem função
1257941,Ativo,AUX EM ADMINISTRACAO,Sem função
1462060,Ativo,PROFESSOR DO MAGISTERIO SUPERIOR,Sem função
2573358,Aposentado,MEDICO-AREA,Sem função
3004960,Aposentado,ASSISTENTE EM ADMINISTRACAO,Sem função
1444990,Ativo,PROFESSOR DO MAGISTERIO SUPERIOR,Sem função
1444990,Ativo,Sem informaç,FG 000.1
3356820,Ativo,PROFESSOR DO MAGISTERIO SUPERIOR,Sem função
3356820,Ativo,Sem informaç,FUC 000.1
2177570,Ativo,ASSISTENTE EM ADMINISTRACAO,Sem função
3300913,Ativo,PROFESSOR DO MAGISTERIO SUPERIOR,Sem função
2393746,Ativo,OPERADOR DE CAMERA DE CINEMA E TV,Sem função
3713457,Ativo,MEDICO-AREA,Sem função
2716304,Ativo,PROFESSOR DO MAGISTERIO SUPERIOR,Sem função
2296087,Ativo,VIGILANTE,Sem função
1399449,Ativo,PROFESSOR DO MAGISTERIO SUPERIOR,Sem função
207106,Ativo,PROFESSOR DO MAGISTERIO SUPERIOR,Sem função
1342404,Ativo,ADMINISTRADOR,Sem função
3149035,Ativo,PROFESSOR DO MAGISTERIO SUPERIOR,Sem função
2290195,Ativo,PROFESSOR DO MAGISTERIO SUPERIOR,Sem função
1703175,Ativo,PROFESSOR ENS BASICO TECN TECNOLOGICO,Sem função
3307590,Ativo,PROFESSOR DO MAGISTERIO SUPERIOR,Sem função
3125065,Ativo,TEC DE TECNOLOGIA DA INFORMACAO,Sem função
1040361,Ativo,PROFESSOR DO MAGISTERIO SUPERIOR,Sem função
296202,Aposentado,PROFESSOR DO MAGISTERIO SUPERIOR,Sem função
2340090,Ativo,DESENHISTA-PROJETISTA,Sem função
2855391,Ativo,ASSISTENTE EM ADMINISTRACAO,Sem função
2692709,Ativo,PROFESSOR DO MAGISTERIO SUPERIOR,Sem função
687636,Ativo,ASSISTENTE EM ADMINISTRACAO,Sem função
2227608,Ativo,ASSISTENTE EM ADMINISTRACAO,Sem função
1115240,Ativo,TECNICO DE LABORATORIO AREA,Sem função
2912267,Ativo,VIGILANTE,Sem função
3093538,Aposentado,PROFESSOR ENS BASICO TECN TECNOLOGICO,Sem função
3134139,Ativo,BIBLIOTECARIO-DOCUMENTALISTA,Sem função
3134139,Ativo,Sem informaç,FG 000.1
1621552,Aposentado,PROFESSOR DO MAGISTERIO SUPERIOR,Sem função
1335616,Ativo,PROFESSOR DO MAGISTERIO SUPERIOR,Sem função
885253,Pensionista,TECNICO DE LABORATORIO AREA,Sem função
1010337,Aposentado,PROFESSOR DO MAGISTERIO SUPERIOR,Sem função
1501996,Pensionista,PROFESSOR 3 GRAU,Sem função
3148909,Pensionista,SERVENTE DE LIMPEZA,Sem função
743541,Aposentado,PROFESSOR DO MAGISTERIO SUPERIOR,Sem função
743541,Pensionista,PROFESSOR 3 GRAU,Sem função
2116554,Pensionista,PROFESSOR DO MAGISTERIO SUPERIOR,Sem função
1046615,Ativo,AUX EM ADMINISTRACAO,Sem função
3696594,Aposentado,PSICOLOGO-AREA,Sem função
254154,Ativo,PROFESSOR DO MAGISTERIO SUPERIOR,Sem função
1699945,Pensionista,PROFESSOR DO MAGISTERIO SUPERIOR,Sem função
2802595,Aposentado,AUXILIAR DE ENFERMAGEM,Sem função
3791197,Aposentado,ASSISTENTE EM ADMINISTRACAO,Sem função
2680117,Aposentado,PROFESSOR DO MAGISTERIO SUPERIOR,Sem função
923896,Pensionista,ELETRICISTA,Sem função
1115880,Ativo,PROFESSOR DO MAGISTERIO SUPERIOR,Sem função
2825241,Ativo,TECNICO EM ASSUNTOS EDUCACIONAIS,Sem função
948150,Pensionista,PROFESSOR 3 GRAU,Sem função
396906,Aposentado,NUTRICIONISTA-HABILITACAO,Sem função
964079,Aposentado,PROFESSOR DO MAGISTERIO SUPERIOR,Sem função
964079,Pensionista,PROFESSOR DO MAGISTERIO SUPERIOR,Sem função
964079,Pensionista,PROFESSOR DO MAGISTERIO SUPERIOR,Sem função
3203594,Pensionista,PROFESSOR DO MAGISTERIO SUPERIOR,Sem função
1615648,Pensionista,PROFESSOR DO MAGISTERIO SUPERIOR,Sem função
2254952,Ativo,PROFESSOR DO MAGISTERIO SUPERIOR,Sem função
2254952,Ativo,Sem informaç,FG 000.1
742622,Aposentado,ASSISTENTE SOCIAL,Sem função
3193952,Aposentado,PSICOLOGO-AREA,Sem função
1999346,Aposentado,TECNICO EM ASSUNTOS EDUCACIONAIS,Sem função
1557725,Ativo,ASSISTENTE EM ADMINISTRACAO,Sem função
3168847,Ativo,PROFESSOR DO MAGISTERIO SUPERIOR,Sem função
2338925,Ativo,TECNICO EM ASSUNTOS EDUCACIONAIS,Sem função
21829,Ativo,ASSISTENTE EM ADMINISTRACAO,Sem função
1742809,Ativo,AUXILIAR DE ENFERMAGEM,Sem função
821527,Aposentado,TECNICO EM CONTABILIDADE,Sem função
2124732,Ativo,BIBLIOTECARIO-DOCUMENTALISTA,Sem função
2535350,Pensionista,OPERADOR DE MAQUINA COPIADORA,Sem função
1336311,Aposentado,PROFESSOR DO MAGISTERIO SUPERIOR,Sem função
3805703,Pensionista,PROFESSOR DO MAGISTERIO SUPERIOR,Sem função
66470,Ativo,PROFESSOR DO MAGISTERIO SUPERIOR,Sem função
3858606,Ativo,RESIDENCIA MULTIPROFISSIONAL,Sem função
141286,Aposentado,MEDICO-AREA,Sem função
1436847,Pensionista,AUXILIAR DE ENFERMAGEM,Sem função
880557,Aposentado,PROFESSOR DO MAGISTERIO SUPERIOR,Sem função
1980770,Pensionista,DESENHISTA DE ARTES GRAFICAS,Sem função
3340598,Ativo,PROFESSOR DO MAGISTERIO SUPERIOR,Sem função
885661,Ativo,PROFESSOR DO MAGISTERIO SUPERIOR,Sem função
885661,Pensionista,PROFESSOR DO MAGISTERIO SUPERIOR,Sem função
1883342,Pensionista,RECEPCIONISTA,Sem função
1616953,Aposentado,TECNICO DE LABORATORIO AREA,Sem função
850920,Aposentado,AUXILIAR DE ENFERMAGEM,Sem função
46925,Ativo,TECNICO EM ENFERMAGEM,Sem função
3008951,Ativo,AUXILIAR DE ENFERMAGEM,Sem função
2958098,Ativo,TECNICO EM ASSUNTOS EDUCACIONAIS,Sem função
790922,Pensionista,PROFESSOR 3 GRAU,Sem função
1073393,Aposentado,PROFESSOR DO MAGISTERIO SUPERIOR,Sem função
1741133,Aposentado,PROFESSOR DO MAGISTERIO SUPERIOR,Sem função
1753818,Aposentado,ASSISTENTE EM ADMINISTRACAO,Sem função
1648685,Aposentado,BIBLIOTECARIO-DOCUMENTALISTA,Sem função
3485229,Aposentado,TECNICO EM ASSUNTOS EDUCACIONAIS,Sem função
1267392,Ativo,PROFESSOR DO MAGISTERIO SUPERIOR,Sem função
3290036,Ativo,ASSISTENTE EM ADMINISTRACAO,Sem função
3470984,Aposentado,SERVENTE DE LIMPEZA,Sem função
3001309,Aposentado,ASSISTENTE EM ADMINISTRACAO,Sem função
2177927,Aposentado,ASSISTENTE EM ADMINISTRACAO,Sem função
2177927,Pensionista,PROFESSOR ENS BASICO TECN TECNOLOGICO,Sem função
1151729,Ativo,PROFESSOR DO MAGISTERIO SUPERIOR,Sem função
275320,Ativo,PROFESSOR DO MAGISTERIO SUPERIOR,Sem função
275320,Ativo,Sem informaç,FG 000.1
1433998,Pensionista,MEDICO-AREA,Sem função
1433998,Pensionista,PROFESSOR DO MAGISTERIO SUPERIOR,Sem função
2720176,Pensionista,RECEPCIONISTA,Sem função
1960111,Aposentado,PROFESSOR DO MAGISTERIO SUPERIOR,Sem função
763888,Pensionista,ASSISTENTE EM ADMINISTRACAO,Sem função
3327462,Pensionista,PROFESSOR DO MAGISTERIO SUPERIOR,Sem função
2618700,Aposentado,ENFERMEIRO-AREA,Sem função
2288136,Ativo,AUXILIAR DE ENFERMAGEM,Sem função
3590159,Pensionista,PROFESSOR DO MAGISTERIO SUPERIOR,Sem função
1001897,Ativo,TECNICO DE LABORATORIO AREA,Sem função
1804062,Aposentado,PROFESSOR DO MAGISTERIO SUPERIOR,Sem função
1267548,Pensionista,PROFESSOR 3 GRAU,Sem função
1645681,Pensionista,AUX EM ADMINISTRACAO,Sem função
643024,Aposentado,ASSISTENTE EM ADMINISTRACAO,Sem função
2651711,Pensionista,TECNICO DE LABORATORIO AREA,Sem função
1316082,Ativo,AUXILIAR DE ENFERMAGEM,Sem função
1560036,Aposentado,PROFESSOR ENS BASICO TECN TECNOLOGICO,Sem função
3247775,Aposentado,TECNICO DE LABORATORIO AREA,Sem função
940010,Pensionista,PROFESSOR DO MAGISTERIO SUPERIOR,Sem função
2879625,Aposentado,PROFESSOR DO MAGISTERIO SUPERIOR,Sem função
787732,Aposentado,ENFERMEIRO-AREA,Sem função
2945038,Aposentado,NUTRICIONISTA-HABILITACAO,Sem função
2426384,Aposentado,ASSISTENTE SOCIAL,Sem função
1480430,Aposentado,PROFESSOR DO MAGISTERIO SUPERIOR,Sem função
3405521,Aposentado,PROFESSOR DO MAGISTERIO SUPERIOR,Sem função
3391948,Ativo,PROFESSOR DO MAGISTERIO SUPERIOR,Sem função
2178403,Pensionista,RECEPCIONISTA,Sem função
1453135,Aposentado,AUXILIAR DE ENFERMAGEM,Sem função
1438829,Aposentado,PROFESSOR DO MAGISTERIO SUPERIOR,Sem função
2022383,Aposentado,ASSISTENTE EM ADMINISTRACAO,Sem função
2022383,Pensionista,PROFESSOR DO MAGISTERIO SUPERIOR,Sem função
92133,Aposentado,ASSISTENTE EM ADMINISTRACAO,Sem função
308130,Pensionista,PROFESSOR 3 GRAU,Sem função
1579868,Aposentado,AUX EM ADMINISTRACAO,Sem função
2148689,Pensionista,PROFESSOR DO MAGISTERIO SUPERIOR,Sem função
1361937,Aposentado,TECNICO DE LABORATORIO AREA,Sem função
1023196,Ativo,ASSISTENTE EM ADMINISTRACAO,Sem função
2307960,Aposentado,ASSISTENTE EM ADMINISTRACAO,Sem função
110012,Ativo,PROFESSOR DO MAGISTERIO SUPERIOR,Sem função
110012,Ativo,Sem informaç,FG 000.1
2957707,Pensionista,PROFESSOR DO MAGISTERIO SUPERIOR,Sem função
3502596,Aposentado,CONTINUO,Sem função
2769795,Pensionista,VIGILANTE,Sem função
996526,Ativo,PROFESSOR DO MAGISTERIO SUPERIOR,Sem função
958827,Pensionista,PROFESSOR 3 GRAU,Sem função
3860512,Ativo,MEDICO RESIDENTE,Sem função
1804959,Ativo,PROFESSOR DO MAGISTERIO SUPERIOR,Sem função
751146,Aposentado,PROFESSOR DO MAGISTERIO SUPERIOR,Sem função
751146,Pensionista,PROFESSOR 3 GRAU,Sem função
434324,Aposentado,ENFERMEIRO-AREA,Sem função
2987959,Aposentado,AUXILIAR DE SAUDE,Sem função
865253,Aposentado,AUXILIAR DE ENFERMAGEM,Sem função
3650195,Pensionista,RECEPCIONISTA,Sem função
2228460,Ativo,ASSISTENTE EM ADMINISTRACAO,Sem função
1029750,Ativo,AUXILIAR DE ENFERMAGEM,Sem função
1184732,Ativo,PROFESSOR DO MAGISTERIO SUPERIOR,Sem função
3812197,Pensionista,PROFESSOR DO MAGISTERIO SUPERIOR,Sem função
1780952,Pensionista,RECEPCIONISTA,Sem função
918030,Aposentado,ASSISTENTE EM ADMINISTRACAO,Sem função
1589333,Aposentado,FARMACEUTICO-HABILITACAO,Sem função
299226,Aposentado,PROFESSOR DO MAGISTERIO SUPERIOR,Sem função
548088,Ativo,SECRETARIO EXECUTIVO,Sem função
1694139,Aposentado,ENFERMEIRO-AREA,Sem função
2155638,Pensionista,ASSISTENTE EM ADMINISTRACAO,Sem função
972086,Ativo,AUXILIAR DE ENFERMAGEM,Sem função
3690283,Ativo,TECNICO EM ENFERMAGEM,Sem função
1953469,Ativo,ASSISTENTE EM ADMINISTRACAO,Sem função
392406,Ativo,BIBLIOTECARIO-DOCUMENTALISTA,Sem função
1376607,Ativo,PROFESSOR DO MAGISTERIO SUPERIOR,Sem função
1503833,Ativo,PROFESSOR DO MAGISTERIO SUPERIOR,Sem função
483948,Ativo,TEC DE TECNOLOGIA DA INFORMACAO,Sem função
1727119,Ativo,PROFESSOR DO MAGISTERIO SUPERIOR,Sem função
509987,Ativo,ASSISTENTE EM ADMINISTRACAO,Sem função
604525,Ativo,ASSISTENTE EM ADMINISTRACAO,Sem função
793306,Pensionista,ASSISTENTE EM ADMINISTRACAO,Sem função
700610,Aposentado,ASSISTENTE EM ADMINISTRACAO,Sem função
357909,Aposentado,PROFESSOR DO MAGISTERIO SUPERIOR,Sem função
1349823,Aposentado,AUXILIAR DE ENFERMAGEM,Sem função
245352,Ativo,PROFESSOR DO MAGISTERIO SUPERIOR,Sem função
3860018,Ativo,MEDICO RESIDENTE,Sem função
1045527,Ativo,ASSISTENTE EM ADMINISTRACAO,Sem função
3853903,Ativo,MEDICO RESIDENTE,Sem função
1904101,Pensionista,PROFESSOR DO MAGISTERIO SUPERIOR,Sem função
1842997,Ativo,ASSISTENTE EM ADMINISTRACAO,Sem função
3148590,Ativo,PROFESSOR DO MAGISTERIO SUPERIOR,Sem função
2907039,Ativo,PROFESSOR DO MAGISTERIO SUPERIOR,Sem função
3534466,Ativo,MEDICO RESIDENTE,Sem função
502678,Ativo,ASSISTENTE EM ADMINISTRACAO,Sem função
502678,Ativo,Sem informaç,FG 000.3
3069725,Ativo,MEDICO-AREA,Sem função
2657344,Aposentado,RECEPCIONISTA,Sem função
1484755,Ativo,ASSISTENTE SOCIAL,Sem função
3706108,Aposentado,AUX EM ADMINISTRACAO,Sem função
1212027,Ativo,MEDICO RESIDENTE,Sem função
2535874,Aposentado,AUX EM ADMINISTRACAO,Sem função
3777754,Pensionista,VIGILANTE,Sem função
1997394,Pensionista,PROFESSOR DO MAGISTERIO SUPERIOR,Sem função
1997394,Pensionista,PROFESSOR DO MAGISTERIO SUPERIOR,Sem função
2061692,Aposentado,PROFESSOR DO MAGISTERIO SUPERIOR,Sem função
3691548,Pensionista,MOTORISTA,Sem função
1996909,Aposentado,COPEIRO,Sem função
1594843,Aposentado,PROFESSOR DO MAGISTERIO SUPERIOR,Sem função
1369866,Aposentado,PROFESSOR DO MAGISTERIO SUPERIOR,Sem função
1403563,Aposentado,AUXILIAR DE ENFERMAGEM,Sem função
2342768,Ativo,PROFESSOR DO MAGISTERIO SUPERIOR,Sem função
2418730,Aposentado,SECRETARIO EXECUTIVO,Sem função
2418730,Pensionista,PROFESSOR DO MAGISTERIO SUPERIOR,Sem função
2291861,Aposentado,ASSISTENTE SOCIAL,Sem função
1948879,Aposentado,BIBLIOTECARIO-DOCUMENTALISTA,Sem função
153129,Pensionista,RECEPCIONISTA,Sem função
2320360,Aposentado,PROFESSOR DO MAGISTERIO SUPERIOR,Sem função
1128841,Aposentado,PROFESSOR DO MAGISTERIO SUPERIOR,Sem função
2762729,Ativo,PROFESSOR MAGISTERIO SUPERIOR-SUBSTITUTO,Sem função
2290949,Aposentado,SERVENTE DE LIMPEZA,Sem função
1395635,Aposentado,REDATOR,Sem função
3025860,Ativo,NUTRICIONISTA-HABILITACAO,Sem função
2540280,Ativo,MEDICO RESIDENTE,Sem função
1942043,Pensionista,PROFESSOR DO MAGISTERIO SUPERIOR,Sem função
1962312,Ativo,MEDICO RESIDENTE,Sem função
605730,Ativo,ADMINISTRADOR,Sem função
3854231,Ativo,MEDICO RESIDENTE,Sem função
1706160,Pensionista,PROFESSOR DO MAGISTERIO SUPERIOR,Sem função
2744564,Aposentado,SERVENTE DE LIMPEZA,Sem função
2938259,Ativo,AUXILIAR DE ENFERMAGEM,Sem função
1141113,Aposentado,TECNICO EM RADIOLOGIA,Sem função
3649192,Pensionista,PROFESSOR DO MAGISTERIO SUPERIOR,Sem função
1605880,Pensionista,PROFESSOR DO MAGISTERIO SUPERIOR,Sem função
1783802,Ativo,PROFESSOR DO MAGISTERIO SUPERIOR,Sem função
1176684,Aposentado,AUXILIAR DE ENFERMAGEM,Sem função
2631587,Pensionista,PROFESSOR 3 GRAU,Sem função
3686528,Ativo,TEC EM ANATOMIA E NECROPSIA,Sem função
265707,Ativo,AUXILIAR DE ENFERMAGEM,Sem função
2123608,Aposentado,ASSISTENTE EM ADMINISTRACAO,Sem função
1002041,Ativo,TECNICO EM ASSUNTOS EDUCACIONAIS,Sem função
1002041,Ativo,Sem informaç,FG 000.1
3640751,Pensionista,PROFESSOR 3 GRAU,Sem função
3640751,Pensionista,PROFESSOR 3 GRAU,Sem função
13581,Ativo,AUXILIAR DE ENFERMAGEM,Sem função
2211768,Aposentado,ASSISTENTE EM ADMINISTRACAO,Sem função
495706,Ativo,TECNICO EM ARQUIVO,Sem função
1849695,Aposentado,ASSISTENTE EM ADMINISTRACAO,Sem função
1849695,Pensionista,TECNICO EM ELETROMECANICA,Sem função
3682866,Pensionista,VIGILANTE,Sem função
1375198,Aposentado,TECNICO EM CONTABILIDADE,Sem função
2219732,Aposentado,PROFESSOR DO MAGISTERIO SUPERIOR,Sem função
2729535,Aposentado,PROFESSOR DO MAGISTERIO SUPERIOR,Sem função
3165136,Aposentado,PROFESSOR DO MAGISTERIO SUPERIOR,Sem função
2084278,Ativo,AUXILIAR DE ENFERMAGEM,Sem função
2562634,Pensionista,PROFESSOR DO MAGISTERIO SUPERIOR,Sem função
2968978,Aposentado,PROFESSOR DO MAGISTERIO SUPERIOR,Sem função
3710026,Ativo,MUSEOLOGO,Sem função
290668,Ativo,ASSISTENTE EM ADMINISTRACAO,Sem função
1235096,Ativo,ASSISTENTE EM ADMINISTRACAO,Sem função
1235096,Ativo,Sem informaç,FG 000.1
3517771,Aposentado,PROFESSOR ENS BASICO TECN TECNOLOGICO,Sem função
1135651,Ativo,PROFESSOR DO MAGISTERIO SUPERIOR,Sem função
1135651,Ativo,Sem informaç,FG 000.1
3691146,Pensionista,TECNICO EM MICROFILMAGEM,Sem função
2438900,Aposentado,PROFESSOR DO MAGISTERIO SUPERIOR,Sem função
3430093,Aposentado,ASSISTENTE EM ADMINISTRACAO,Sem função
700580,Aposentado,PROFESSOR DO MAGISTERIO SUPERIOR,Sem função
2160698,Aposentado,PROFESSOR DO MAGISTERIO SUPERIOR,Sem função
2386503,Ativo,PROFESSOR DO MAGISTERIO SUPERIOR,Sem função
410328,Ativo,AUXILIAR DE ENFERMAGEM,Sem função
2112029,Aposentado,NUTRICIONISTA-HABILITACAO,Sem função
2302513,Ativo,AUXILIAR DE ENFERMAGEM,Sem função
943406,Pensionista,PROFESSOR DO MAGISTERIO SUPERIOR,Sem função
140198,Aposentado,PROFESSOR DO MAGISTERIO SUPERIOR,Sem função
3806805,Pensionista,TECNICO EM MICROFILMAGEM,Sem função
1908585,Pensionista,PROFESSOR DO MAGISTERIO SUPERIOR,Sem função
742743,Ativo,PROFESSOR MAGISTERIO SUPERIOR-SUBSTITUTO,Sem função
516833,Aposentado,ASSISTENTE EM ADMINISTRACAO,Sem função
357892,Aposentado,ASSISTENTE EM ADMINISTRACAO,Sem função
2736933,Aposentado,ASSISTENTE EM ADMINISTRACAO,Sem função
1821708,Pensionista,DESENHISTA DE ARTES GRAFICAS,Sem função
3043649,Ativo,AUX EM ADMINISTRACAO,Sem função
2451485,Aposentado,PROFESSOR DO MAGISTERIO SUPERIOR,Sem função
758782,Aposentado,PROFESSOR DO MAGISTERIO SUPERIOR,Sem função
1919998,Aposentado,PROFESSOR ENS BASICO TECN TECNOLOGICO,Sem função
3551786,Pensionista,TECNICO EM ARTES GRAFICAS,Sem função
2926491,Ativo,PROFESSOR DO MAGISTERIO SUPERIOR,Sem função
2110806,Pensionista,RECEPCIONISTA,Sem função
961488,Ativo,PROFESSOR DO MAGISTERIO SUPERIOR,Sem função
247330,Ativo,ASSISTENTE EM ADMINISTRACAO,Sem função
3569409,Pensionista,MEDICO-AREA,Sem função
328282,Ativo,ASSISTENTE EM ADMINISTRACAO,Sem função
3543465,Aposentado,AUXILIAR DE ENFERMAGEM,Sem função
270179,Aposentado,ASSISTENTE EM ADMINISTRACAO,Sem função
2470537,Pensionista,PROFESSOR DO MAGISTERIO SUPERIOR,Sem função
2635378,Pensionista,JORNALISTA,Sem função
1563556,Aposentado,ASSISTENTE EM ADMINISTRACAO,Sem função
849134,Aposentado,TECNICO EM ASSUNTOS EDUCACIONAIS,Sem função
1164235,Ativo,PROFESSOR DO MAGISTERIO SUPERIOR,Sem função
1877126,Pensionista,TORNEIRO MECANICO,Sem função
773857,Pensionista,TECNICO DE LABORATORIO AREA,Sem função
70741,Ativo,VIGILANTE,Sem função
70741,Pensionista,VIGILANTE,Sem função
1980192,Pensionista,PROFESSOR DO MAGISTERIO SUPERIOR,Sem função
3567180,Pensionista,OPERADOR DE CALDEIRA,Sem função
2728428,Aposentado,PROFESSOR DO MAGISTERIO SUPERIOR,Sem função
901636,Ativo,PROFESSOR DO MAGISTERIO SUPERIOR,Sem função
901636,Ativo,Sem informaç,CD 000.2
191134,Aposentado,AUX EM ADMINISTRACAO,Sem função
1371180,Aposentado,ASSISTENTE EM ADMINISTRACAO,Sem função
201703,Aposentado,ASSISTENTE EM ADMINISTRACAO,Sem função
743339,Aposentado,AUX EM ADMINISTRACAO,Sem função
3734770,Pensionista,SERVENTE DE LIMPEZA,Sem função
1113366,Ativo,AUXILIAR DE ENFERMAGEM,Sem função
884467,Aposentado,COPEIRO,Sem função
3349970,Ativo,AUXILIAR DE LABORATORIO,Sem função
1339132,Ativo,PROFESSOR DO MAGISTERIO SUPERIOR,Sem função
1339132,Ativo,Sem informaç,CD 000.3
695633,Pensionista,PROFESSOR DO MAGISTERIO SUPERIOR,Sem função
1887895,Aposentado,ASSISTENTE EM ADMINISTRACAO,Sem função
848865,Aposentado,PROFESSOR DO MAGISTERIO SUPERIOR,Sem função
1817105,Aposentado,PROFESSOR DO MAGISTERIO SUPERIOR,Sem função
924933,Aposentado,ASSISTENTE SOCIAL,Sem função
736063,Aposentado,ASSISTENTE EM ADMINISTRACAO,Sem função
2120730,Pensionista,PROFESSOR DO MAGISTERIO SUPERIOR,Sem função
865083,Pensionista,PROFESSOR DO MAGISTERIO SUPERIOR,Sem função
1790897,Pensionista,ENGENHEIRO-AREA,Sem função
2145439,Pensionista,PROFESSOR DO MAGISTERIO SUPERIOR,Sem função
2112151,Aposentado,ASSISTENTE EM ADMINISTRACAO,Sem função
3038481,Pensionista,PROFESSOR DO MAGISTERIO SUPERIOR,Sem função
3038481,Pensionista,PROFESSOR DO MAGISTERIO SUPERIOR,Sem função
2633247,Ativo,ASSISTENTE DE LABORATORIO,Sem função
3197770,Aposentado,ASSISTENTE EM ADMINISTRACAO,Sem função
2193330,Aposentado,COSTUREIRO,Sem função
2169139,Pensionista,RECEPCIONISTA,Sem função
2914496,Aposentado,ASSISTENTE EM ADMINISTRACAO,Sem função
2641734,Ativo,ASSISTENTE EM ADMINISTRACAO,Sem função
2641734,Ativo,Inválido,Sem função
2328016,Ativo,PROFESSOR DO MAGISTERIO SUPERIOR,Sem função
217589,Pensionista,MESTRE DE EDIF E INFRAESTRUTURA,Sem função
303602,Aposentado,AUXILIAR DE ENFERMAGEM,Sem função
2034173,Pensionista,PROFESSOR DO MAGISTERIO SUPERIOR,Sem função
1073073,Aposentado,SECRETARIO EXECUTIVO,Sem função
1848307,Aposentado,TECNICO DE LABORATORIO AREA,Sem função
739376,Aposentado,PROFESSOR DO MAGISTERIO SUPERIOR,Sem função
1269863,Aposentado,BIBLIOTECARIO-DOCUMENTALISTA,Sem função
434963,Ativo,AUX EM ADMINISTRACAO,Sem função
434963,Ativo,Inválido,Sem função
114953,Aposentado,ASSISTENTE EM ADMINISTRACAO,Sem função
2813886,Ativo,AUX EM ADMINISTRACAO,Sem função
1719076,Aposentado,PROFESSOR ENS BASICO TECN TECNOLOGICO,Sem função
838288,Aposentado,ATENDENTE DE ENFERMAGEM,Sem função
312747,Aposentado,PROFESSOR DO MAGISTERIO SUPERIOR,Sem função
312747,Pensionista,PROFESSOR DO MAGISTERIO SUPERIOR,Sem função
1944541,Ativo,COPEIRO,Sem função
3234626,Ativo,PROFESSOR DO MAGISTERIO SUPERIOR,Sem função
2048623,Aposentado,ASSISTENTE EM ADMINISTRACAO,Sem função
1337922,Aposentado,ASSISTENTE EM ADMINISTRACAO,Sem função
3611585,Aposentado,PROFESSOR DO MAGISTERIO SUPERIOR,Sem função
2007496,Pensionista,PROFESSOR DO MAGISTERIO SUPERIOR,Sem função
1623261,Aposentado,PROFESSOR ENS BASICO TECN TECNOLOGICO,Sem função
1015896,Ativo,AUXILIAR DE ENFERMAGEM,Sem função
1428787,Pensionista,RECEPCIONISTA,Sem função
2067812,Pensionista,PROFESSOR DO MAGISTERIO SUPERIOR,Sem função
36326,Aposentado,AUXILIAR DE ENFERMAGEM,Sem função
2282433,Aposentado,TECNICO EM ASSUNTOS EDUCACIONAIS,Sem função
142379,Aposentado,PROFESSOR DO MAGISTERIO SUPERIOR,Sem função
2648931,Pensionista,PROFESSOR DO MAGISTERIO SUPERIOR,Sem função
735242,Aposentado,ATENDENTE DE ENFERMAGEM,Sem função
1510320,Aposentado,COPEIRO,Sem função
273010,Aposentado,PROFESSOR DO MAGISTERIO SUPERIOR,Sem função
273010,Aposentado,ENFERMEIRO-AREA,Sem função
2128360,Aposentado,ASSISTENTE EM ADMINISTRACAO,Sem função
3371046,Aposentado,ASSISTENTE DE ALUNO,Sem função
695280,Aposentado,TECNICO EM ENFERMAGEM,Sem função
789349,Aposentado,PROFESSOR DO MAGISTERIO SUPERIOR,Sem função
3729739,Pensionista,PROFESSOR 3 GRAU,Sem função
3422700,Aposentado,ASSISTENTE EM ADMINISTRACAO,Sem função
2538827,Ativo,TRADUTOR INTERPRETE DE LINGUAGEM SINAIS,Sem função
2771331,Pensionista,MESTRE DE EDIF E INFRAESTRUTURA,Sem função
2236868,Aposentado,BIBLIOTECARIO-DOCUMENTALISTA,Sem função
3687206,Aposentado,AUX EM ADMINISTRACAO,Sem função
631237,Ativo,PROFESSOR DO MAGISTERIO SUPERIOR,Sem função
3636349,Ativo,RESIDENCIA MULTIPROFISSIONAL,Sem função
3693463,Pensionista,TECNICO DE LABORATORIO AREA,Sem função
3849287,Pensionista,AUXILIAR DE ENFERMAGEM,Sem função
3569490,Aposentado,ASSISTENTE EM ADMINISTRACAO,Sem função
2118445,Pensionista,RECEPCIONISTA,Sem função
3497230,Pensionista,RECEPCIONISTA,Sem função
2745977,Pensionista,RECEPCIONISTA,Sem função
2631119,Pensionista,VIGILANTE,Sem função
194849,Pensionista,PROFESSOR DO MAGISTERIO SUPERIOR,Sem função
183141,Aposentado,ENFERMEIRO-AREA,Sem função
1302859,Aposentado,AUXILIAR DE ENFERMAGEM,Sem função
2778468,Pensionista,FOTOGRAVADOR,Sem função
1390288,Ativo,ASSISTENTE EM ADMINISTRACAO,Sem função
1390288,Ativo,Inválido,Sem função
2333451,Pensionista,ODONTOLOGO - 30 HORAS - DL 1445-76,Sem função
3175147,Pensionista,PORTEIRO,Sem função
2164091,Aposentado,ASSISTENTE EM ADMINISTRACAO,Sem função
1776838,Pensionista,PROFESSOR DO MAGISTERIO SUPERIOR,Sem função
1776838,Pensionista,PROFESSOR DO MAGISTERIO SUPERIOR,Sem função
3178297,Aposentado,FARMACEUTICO-HABILITACAO,Sem função
1020948,Aposentado,PROFESSOR DO MAGISTERIO SUPERIOR,Sem função
3655606,Pensionista,VIGILANTE,Sem função
2605791,Aposentado,PROFESSOR DO MAGISTERIO SUPERIOR,Sem função
3614076,Pensionista,ASSISTENTE EM ADMINISTRACAO,Sem função
1071056,Ativo,AUXILIAR DE ENFERMAGEM,Sem função
2462311,Pensionista,RECEPCIONISTA,Sem função
2763168,Pensionista,RECEPCIONISTA,Sem função
3418321,Pensionista,RECEPCIONISTA,Sem função
306201,Ativo,FISIOTERAPEUTA,Sem função
2749672,Aposentado,AUX EM ADMINISTRACAO,Sem função
1225519,Ativo,AUX EM ADMINISTRACAO,Sem função
1018063,Aposentado,AUXILIAR DE NUTRICAO E DIETETICA,Sem função
1041046,Aposentado,TECNICO EM ASSUNTOS EDUCACIONAIS,Sem função
1610008,Ativo,ASSISTENTE EM ADMINISTRACAO,Sem função
199698,Aposentado,ASSISTENTE EM ADMINISTRACAO,Sem função
666937,Aposentado,PROFESSOR DO MAGISTERIO SUPERIOR,Sem função
884323,Aposentado,COZINHEIRO,Sem função
1084686,Pensionista,RECEPCIONISTA,Sem função
12745,Ativo,PROFESSOR DO MAGISTERIO SUPERIOR,Sem função
1783737,Pensionista,PROFESSOR DO MAGISTERIO SUPERIOR,Sem função
184895,Aposentado,PROFESSOR DO MAGISTERIO SUPERIOR,Sem função
2706846,Aposentado,ASSISTENTE EM ADMINISTRACAO,Sem função
412383,Aposentado,ENGENHEIRO-AREA,Sem função
1345236,Ativo,TECNICO EM RADIOLOGIA,Sem função
141001,Aposentado,CONTINUO,Sem função
30141,Ativo,MEDICO-AREA,Sem função
1817548,Aposentado,TECNICO DE LABORATORIO AREA,Sem função
1479227,Aposentado,ASSISTENTE EM ADMINISTRACAO,Sem função
2794384,Aposentado,RELACOES PUBLICAS,Sem função
259858,Ativo,PROFESSOR DO MAGISTERIO SUPERIOR,Sem função
2252367,Aposentado,ASSISTENTE EM ADMINISTRACAO,Sem função
1214239,Aposentado,BIBLIOTECARIO-DOCUMENTALISTA,Sem função
289056,Ativo,PROFESSOR DO MAGISTERIO SUPERIOR,Sem função
1711513,Pensionista,AUX EM ADMINISTRACAO,Sem função
1300528,Ativo,SERVENTE DE LIMPEZA,Sem função
1411155,Aposentado,ASSISTENTE EM ADMINISTRACAO,Sem função
2012264,Pensionista,DESENHISTA DE ARTES GRAFICAS,Sem função
1307711,Ativo,ENFERMEIRO-AREA,Sem função
182072,Aposentado,ASSISTENTE EM ADMINISTRACAO,Sem função
182072,Pensionista,PROFESSOR DO MAGISTERIO SUPERIOR,Sem função
971350,Aposentado,TECNICO EM ASSUNTOS EDUCACIONAIS,Sem função
486772,Ativo,PROFESSOR DO MAGISTERIO SUPERIOR,Sem função
486772,Ativo,Sem informaç,FUC 000.1
1099146,Pensionista,VIGILANTE,Sem função
1537653,Aposentado,ASSISTENTE EM ADMINISTRACAO,Sem função
957512,Pensionista,PROFESSOR 3 GRAU,Sem função
701498,Aposentado,SECRETARIO EXECUTIVO,Sem função
118804,Aposentado,ASSISTENTE EM ADMINISTRACAO,Sem função
118804,Pensionista,AUX EM ADMINISTRACAO,Sem função
3630968,Pensionista,PRODUTOR CULTURAL,Sem função
1016323,Ativo,AUX EM ADMINISTRACAO,Sem função
952906,Pensionista,RECEPCIONISTA,Sem função
2587996,Pensionista,TEC EM ELETROELETRONICA,Sem função
844633,Ativo,PROFESSOR DO MAGISTERIO SUPERIOR,Sem função
1260424,Aposentado,ASSISTENTE SOCIAL,Sem função
1631868,Aposentado,ASSISTENTE EM ADMINISTRACAO,Sem função
484262,Aposentado,ASSISTENTE EM ADMINISTRACAO,Sem função
2134613,Pensionista,RECEPCIONISTA,Sem função
378309,Aposentado,ENFERMEIRO-AREA,Sem função
2776859,Aposentado,PSICOLOGO-AREA,Sem função
21914,Ativo,BIOMEDICO,Sem função
1171056,Ativo,AUXILIAR DE ENFERMAGEM,Sem função
1694799,Aposentado,ECONOMISTA,Sem função
1505567,Aposentado,ASSISTENTE EM ADMINISTRACAO,Sem função
3679583,Aposentado,ASSISTENTE EM ADMINISTRACAO,Sem função
726595,Aposentado,PROFESSOR DO MAGISTERIO SUPERIOR,Sem função
3588421,Pensionista,RECEPCIONISTA,Sem função
875939,Aposentado,AUXILIAR DE ENFERMAGEM,Sem função
535916,Aposentado,ADMINISTRADOR,Sem função
343791,Ativo,AUXILIAR DE ENFERMAGEM,Sem função
1451831,Aposentado,ASSISTENTE EM ADMINISTRACAO,Sem função
3642801,Pensionista,ASSISTENTE EM ADMINISTRACAO,Sem função
474153,Ativo,FISIOTERAPEUTA,Sem função
1039189,Ativo,TECNICO EM CONTABILIDADE,Sem função
50937,Aposentado,AUXILIAR DE ENFERMAGEM,Sem função
1696214,Pensionista,CONTINUO,Sem função
2578660,Pensionista,VIGILANTE,Sem função
2205939,Aposentado,ASSISTENTE EM ADMINISTRACAO,Sem função
929839,Pensionista,PROFESSOR DO MAGISTERIO SUPERIOR,Sem função
1207174,Ativo,PROFESSOR DO MAGISTERIO SUPERIOR,Sem função
2448567,Aposentado,PROFESSOR ENS BASICO TECN TECNOLOGICO,Sem função
853825,Aposentado,PROFESSOR DO MAGISTERIO SUPERIOR,Sem função
2300680,Ativo,VIGILANTE,Sem função
1072853,Ativo,PROFESSOR DO MAGISTERIO SUPERIOR,Sem função
3355543,Pensionista,AUX EM ADMINISTRACAO,Sem função
1808414,Aposentado,MEDICO-AREA,Sem função
3855419,Ativo,RESIDENCIA MULTIPROFISSIONAL,Sem função
2712283,Aposentado,ENFERMEIRO-AREA,Sem função
1594256,Aposentado,ASSISTENTE EM ADMINISTRACAO,Sem função
639898,Aposentado,PROFESSOR DO MAGISTERIO SUPERIOR,Sem função
803102,Ativo,VESTIARISTA,Sem função
366060,Aposentado,TECNICO DE LABORATORIO AREA,Sem função
1648188,Pensionista,ELETRICISTA,Sem função
3130109,Ativo,ASSISTENTE EM ADMINISTRACAO,Sem função
2534258,Ativo,PROFESSOR DO MAGISTERIO SUPERIOR,Sem função
372710,Ativo,AUXILIAR DE ENFERMAGEM,Sem função
2759941,Aposentado,AUXILIAR DE ENFERMAGEM,Sem função
382160,Ativo,PROFESSOR DO MAGISTERIO SUPERIOR,Sem função
2308222,Aposentado,MEDICO-AREA,Sem função
2462729,Aposentado,AUXILIAR DE ENFERMAGEM,Sem função
1556016,Aposentado,ASSISTENTE EM ADMINISTRACAO,Sem função
932553,Aposentado,PROFESSOR DO MAGISTERIO SUPERIOR,Sem função
2140424,Pensionista,MOTORISTA,Sem função
588433,Aposentado,ASSISTENTE EM ADMINISTRACAO,Sem função
1284101,Aposentado,VIGILANTE,Sem função
1653765,Aposentado,AUX EM ADMINISTRACAO,Sem função
3336107,Ativo,AUXILIAR DE ENFERMAGEM,Sem função
2962979,Aposentado,ASSISTENTE EM ADMINISTRACAO,Sem função
67082,Aposentado,ASSISTENTE EM ADMINISTRACAO,Sem função
2980271,Aposentado,TECNICO DE LABORATORIO AREA,Sem função
1844700,Aposentado,ARQUITETO E URBANISTA,Sem função
2861980,Ativo,ASSISTENTE EM ADMINISTRACAO,Sem função
1588689,Pensionista,TEC DE TECNOLOGIA DA INFORMACAO,Sem função
2896858,Ativo,AUX EM ADMINISTRACAO,Sem função
2896858,Ativo,Sem informaç,FG 000.1
2575164,Pensionista,RECEPCIONISTA,Sem função
1742218,Pensionista,AUX EM ADMINISTRACAO,Sem função
1998229,Aposentado,PROFESSOR DO MAGISTERIO SUPERIOR,Sem função
921047,Aposentado,PROFESSOR DO MAGISTERIO SUPERIOR,Sem função
779021,Ativo,ASSISTENTE EM ADMINISTRACAO,Sem função
754846,Pensionista,PROFESSOR DO MAGISTERIO SUPERIOR,Sem função
497122,Aposentado,ASSISTENTE EM ADMINISTRACAO,Sem função
1434423,Aposentado,PROFESSOR DO MAGISTERIO SUPERIOR,Sem função
939035,Aposentado,FARMACEUTICO-HABILITACAO,Sem função
1395281,Ativo,VIGILANTE,Sem função
1395281,Ativo,Sem informaç,FG 000.1
2644872,Pensionista,PROFESSOR DO MAGISTERIO SUPERIOR,Sem função
2801772,Ativo,AUXILIAR DE ENFERMAGEM,Sem função
332316,Pensionista,VIGILANTE,Sem função
2712029,Ativo,ASSISTENTE EM ADMINISTRACAO,Sem função
1578644,Ativo,PROFESSOR DO MAGISTERIO SUPERIOR,Sem função
1503962,Aposentado,VIGILANTE,Sem função
938886,Pensionista,RECEPCIONISTA,Sem função
3662325,Aposentado,TECNICO DE LABORATORIO AREA,Sem função
2658920,Aposentado,PROFESSOR DO MAGISTERIO SUPERIOR,Sem função
3367391,Ativo,ASSISTENTE EM ADMINISTRACAO,Sem função
3086009,Ativo,PROFESSOR DO MAGISTERIO SUPERIOR,Sem função
1105656,Ativo,TECNICO EM ENFERMAGEM,Sem função
1088364,Ativo,PROFESSOR DO MAGISTERIO SUPERIOR,Sem função
1088364,Pensionista,PROFESSOR DO MAGISTERIO SUPERIOR,Sem função
1088364,Ativo,Sem informaç,FG 000.1
1604275,Aposentado,ASSISTENTE EM ADMINISTRACAO,Sem função
2093785,Pensionista,ASSISTENTE EM ADMINISTRACAO,Sem função
64107,Aposentado,AUX EM ADMINISTRACAO,Sem função
3853531,Ativo,ASSISTENTE EM ADMINISTRACAO,Sem função
3563853,Aposentado,PROFESSOR DO MAGISTERIO SUPERIOR,Sem função
276405,Pensionista,PROFESSOR 3 GRAU,Sem função
1234234,Ativo,PROFESSOR DO MAGISTERIO SUPERIOR,Sem função
659820,Pensionista,ASSISTENTE EM ADMINISTRACAO,Sem função
2745872,Aposentado,PROFESSOR DO MAGISTERIO SUPERIOR,Sem função
710926,Pensionista,PROFESSOR DO MAGISTERIO SUPERIOR,Sem função
2902921,Ativo,AUXILIAR DE ENFERMAGEM,Sem função
627352,Pensionista,PROFESSOR 3 GRAU,Sem função
1376872,Pensionista,VIGILANTE,Sem função
3028806,Aposentado,AUXILIAR DE ENFERMAGEM,Sem função
3931397,Pensionista,OPERADOR DE LUZ,Sem função
197281,Pensionista,ASSISTENTE DE LABORATORIO,Sem função
1514587,Ativo,PROFESSOR DO MAGISTERIO SUPERIOR,Sem função
1514587,Ativo,Sem informaç,FUC 000.1
2797462,Aposentado,PROFESSOR DO MAGISTERIO SUPERIOR,Sem função
933708,Aposentado,AUXILIAR DE ENFERMAGEM,Sem função
933708,Pensionista,COPEIRO,Sem função
3285417,Ativo,AUXILIAR DE ENFERMAGEM,Sem função
2809749,Pensionista,TECNICO EM CONTABILIDADE,Sem função
3190805,Aposentado,ASSISTENTE EM ADMINISTRACAO,Sem função
1110101,Aposentado,ASSISTENTE EM ADMINISTRACAO,Sem função
2102336,Aposentado,AUX EM ADMINISTRACAO,Sem função
2080217,Pensionista,TECNICO EM ARTES GRAFICAS,Sem função
2184086,Pensionista,RECEPCIONISTA,Sem função
3712275,Pensionista,ASSISTENTE DE LABORATORIO,Sem função
1823948,Pensionista,MOTORISTA,Sem função
2043570,Aposentado,COPEIRO,Sem função
162041,Ativo,PROFESSOR DO MAGISTERIO SUPERIOR,Sem função
162041,Aposentado,PROFESSOR DO MAGISTERIO SUPERIOR,Sem função
2080555,Aposentado,BIBLIOTECARIO-DOCUMENTALISTA,Sem função
3585427,Pensionista,PROFESSOR DO MAGISTERIO SUPERIOR,Sem função
1755987,Pensionista,RECEPCIONISTA,Sem função
2465094,Aposentado,PROFESSOR DO MAGISTERIO SUPERIOR,Sem função
1703484,Aposentado,ENFERMEIRO-AREA,Sem função
1307062,Aposentado,ENFERMEIRO-AREA,Sem função
1679363,Pensionista,PROFESSOR DO MAGISTERIO SUPERIOR,Sem função
3761848,Pensionista,ELETRICISTA,Sem função
367429,Aposentado,ASSISTENTE EM ADMINISTRACAO,Sem função
890527,Aposentado,PSICOLOGO-AREA,Sem função
568611,Aposentado,ASSISTENTE EM ADMINISTRACAO,Sem função
3589052,Aposentado,ASSISTENTE EM ADMINISTRACAO,Sem função
433066,Aposentado,ASSISTENTE EM ADMINISTRACAO,Sem função
2334159,Pensionista,PROFESSOR DO MAGISTERIO SUPERIOR,Sem função
1228997,Ativo,ECONOMISTA,Sem função
1469391,Aposentado,ODONTOLOGO - 30 HORAS - DL 1445-76,Sem função
2642658,Pensionista,TECNICO DE LABORATORIO AREA,Sem função
22300,Aposentado,PROFESSOR DO MAGISTERIO SUPERIOR,Sem função
2319935,Pensionista,RECEPCIONISTA,Sem função
2741916,Pensionista,RECEPCIONISTA,Sem função
1414766,Aposentado,AUX EM ADMINISTRACAO,Sem função
3578899,Aposentado,ATENDENTE DE ENFERMAGEM,Sem função
63874,Aposentado,ATENDENTE DE ENFERMAGEM,Sem função
1044987,Aposentado,COSTUREIRO DE ESPETACULO-CENARIO,Sem função
1941020,Aposentado,AUXILIAR DE ENFERMAGEM,Sem função
1090572,Pensionista,SERVENTE DE LIMPEZA,Sem função
2149704,Aposentado,SERVENTE DE LIMPEZA,Sem função
773792,Aposentado,ASSISTENTE EM ADMINISTRACAO,Sem função
2134468,Pensionista,PROFESSOR DO MAGISTERIO SUPERIOR,Sem função
1966031,Ativo,BIBLIOTECARIO-DOCUMENTALISTA,Sem função
1081024,Pensionista,PROFESSOR 3 GRAU,Sem função
1656268,Pensionista,PROFESSOR DO MAGISTERIO SUPERIOR,Sem função
1656268,Pensionista,PROFESSOR DO MAGISTERIO SUPERIOR,Sem função
1911161,Aposentado,PROFESSOR DO MAGISTERIO SUPERIOR,Sem função
1132602,Ativo,PROFESSOR DO MAGISTERIO SUPERIOR,Sem função
2655540,Aposentado,BIBLIOTECARIO-DOCUMENTALISTA,Sem função
3447438,Aposentado,COPEIRO,Sem função
147716,Pensionista,PROFESSOR DO MAGISTERIO SUPERIOR,Sem função
3062195,Ativo,MEDICO-AREA,Sem função
632143,Aposentado,TECNICO EM CONTABILIDADE,Sem função
916051,Ativo,PROFESSOR MAGISTERIO SUPERIOR -VISITANTE,Sem função
915948,Aposentado,COPEIRO,Sem função
2955099,Ativo,PROFESSOR DO MAGISTERIO SUPERIOR,Sem função
2448853,Aposentado,PROFESSOR DO MAGISTERIO SUPERIOR,Sem função
1349575,Aposentado,PROFESSOR DO MAGISTERIO SUPERIOR,Sem função
3185115,Ativo,TECNICO EM ENFERMAGEM,Sem função
2069108,Aposentado,TECNICO DE LABORATORIO AREA,Sem função
2307107,Ativo,PROFESSOR DO MAGISTERIO SUPERIOR,Sem função
786648,Aposentado,ASSISTENTE EM ADMINISTRACAO,Sem função
3673475,Aposentado,PROFESSOR DO MAGISTERIO SUPERIOR,Sem função
1952872,Pensionista,ELETRICISTA,Sem função
2573596,Pensionista,PROFESSOR DO MAGISTERIO SUPERIOR,Sem função
930772,Pensionista,PROFESSOR DO MAGISTERIO SUPERIOR,Sem função
1741994,Pensionista,RECEPCIONISTA,Sem função
2512410,Aposentado,ASSISTENTE EM ADMINISTRACAO,Sem função
2746525,Aposentado,ARQUIVISTA,Sem função
103486,Ativo,TECNICO EM ENFERMAGEM,Sem função
2509891,Aposentado,PROFESSOR DO MAGISTERIO SUPERIOR,Sem função
2190894,Aposentado,PROFESSOR DO MAGISTERIO SUPERIOR,Sem função
264696,Pensionista,BOMBEIRO HIDRAULICO,Sem função
2609895,Aposentado,AUXILIAR DE ENFERMAGEM,Sem função
3523532,Pensionista,AUX EM ADMINISTRACAO,Sem função
650062,Aposentado,SERVENTE DE LIMPEZA,Sem função
3590948,Pensionista,RECEPCIONISTA,Sem função
920799,Pensionista,RECEPCIONISTA,Sem função
2740106,Pensionista,OPERADOR DE MAQUINA COPIADORA,Sem função
1418234,Pensionista,COPEIRO,Sem função
181853,Pensionista,TECNICO DE LABORATORIO AREA,Sem função
2194912,Pensionista,PROFESSOR DO MAGISTERIO SUPERIOR,Sem função
1635220,Aposentado,ENFERMEIRO-AREA,Sem função
1130859,Aposentado,ASSISTENTE DE LABORATORIO,Sem função
1262090,Aposentado,COPEIRO,Sem função
3063029,Ativo,PROFESSOR DO MAGISTERIO SUPERIOR,Sem função
149650,Aposentado,ASSISTENTE EM ADMINISTRACAO,Sem função
1059186,Ativo,BIBLIOTECARIO-DOCUMENTALISTA,Sem função
3131177,Aposentado,PROFESSOR DO MAGISTERIO SUPERIOR,Sem função
2661336,Aposentado,NUTRICIONISTA-HABILITACAO,Sem função
2714208,Pensionista,AUX EM ADMINISTRACAO,Sem função
2221464,Pensionista,RECEPCIONISTA,Sem função
942049,Aposentado,AUX EM ADMINISTRACAO,Sem função
2578048,Pensionista,ASSISTENTE DE LABORATORIO,Sem função
1601275,Aposentado,AUXILIAR DE ENFERMAGEM,Sem função
838484,Aposentado,ASSISTENTE EM ADMINISTRACAO,Sem função
146335,Aposentado,SECRETARIO EXECUTIVO,Sem função
351861,Ativo,PROFESSOR DO MAGISTERIO SUPERIOR,Sem função
1633287,Pensionista,PROFESSOR DO MAGISTERIO SUPERIOR,Sem função
1736471,Ativo,ENFERMEIRO-AREA,Sem função
3200403,Pensionista,VIGILANTE,Sem função
165924,Aposentado,AUXILIAR DE ENFERMAGEM,Sem função
1249616,Ativo,AUXILIAR DE LABORATORIO,Sem função
611114,Ativo,PROFESSOR DO MAGISTERIO SUPERIOR,Sem função
2264943,Aposentado,PROFESSOR DO MAGISTERIO SUPERIOR,Sem função
2264943,Aposentado,PROFESSOR DO MAGISTERIO SUPERIOR,Sem função
2483754,Aposentado,TECNICO EM ENFERMAGEM,Sem função
339092,Ativo,FARMACEUTICO-HABILITACAO,Sem função
3322381,Ativo,AUX EM ADMINISTRACAO,Sem função
3593417,Pensionista,PROFESSOR DO MAGISTERIO SUPERIOR,Sem função
3593417,Pensionista,PROFESSOR DO MAGISTERIO SUPERIOR,Sem função
2545034,Ativo,ASSISTENTE EM ADMINISTRACAO,Sem função
2853970,Ativo,AUXILIAR DE ENFERMAGEM,Sem função
3546561,Pensionista,ASSISTENTE EM ADMINISTRACAO,Sem função
948734,Pensionista,ASSISTENTE EM ADMINISTRACAO,Sem função
1354695,Aposentado,BIBLIOTECARIO-DOCUMENTALISTA,Sem função
2236654,Pensionista,ASSISTENTE EM ADMINISTRACAO,Sem função
2323325,Aposentado,ASSISTENTE EM ADMINISTRACAO,Sem função
859786,Aposentado,AUX EM ADMINISTRACAO,Sem função
581970,Aposentado,AUXILIAR DE ENFERMAGEM,Sem função
2116716,Pensionista,MOTORISTA,Sem função
3290798,Ativo,PROFESSOR DO MAGISTERIO SUPERIOR,Sem função
1109909,Aposentado,PROFESSOR DO MAGISTERIO SUPERIOR,Sem função
2501476,Aposentado,AUXILIAR DE ENFERMAGEM,Sem função
878538,Pensionista,PROFESSOR 3 GRAU,Sem função
2060071,Pensionista,COZINHEIRO,Sem função
188897,Aposentado,BIBLIOTECARIO-DOCUMENTALISTA,Sem função
1643167,Ativo,PROFESSOR DO MAGISTERIO SUPERIOR,Sem função
1429827,Ativo,PROFESSOR DO MAGISTERIO SUPERIOR,Sem função
1667606,Ativo,TECNICO DE LABORATORIO AREA,Sem função
2665869,Aposentado,AUXILIAR DE ENFERMAGEM,Sem função
1843743,Pensionista,CONTRAMESTRE-OFICIO,Sem função
1199025,Aposentado,ASSISTENTE EM ADMINISTRACAO,Sem função
8224,Aposentado,TECNICO EM REFRIGERACAO,Sem função
3676472,Pensionista,TECNICO EM MICROFILMAGEM,Sem função
180125,Aposentado,AUXILIAR DE ENFERMAGEM,Sem função
180125,Pensionista,RECEPCIONISTA,Sem função
830365,Aposentado,ASSISTENTE EM ADMINISTRACAO,Sem função
2232139,Pensionista,ASSISTENTE DE LABORATORIO,Sem função
244926,Aposentado,PROFESSOR 3 GRAU,Sem função
3312765,Pensionista,PROFESSOR DO MAGISTERIO SUPERIOR,Sem função
959891,Pensionista,PROFESSOR 3 GRAU,Sem função
529145,Ativo,FARMACEUTICO-HABILITACAO,Sem função
529145,Pensionista,PROFESSOR DO MAGISTERIO SUPERIOR,Sem função
790721,Aposentado,PROFESSOR DO MAGISTERIO SUPERIOR,Sem função
735877,Pensionista,PROFESSOR DO MAGISTERIO SUPERIOR,Sem função
1843244,Aposentado,MEDICO-AREA,Sem função
1223090,Aposentado,NUTRICIONISTA-HABILITACAO,Sem função
2919482,Ativo,ASSISTENTE DE ALUNO,Sem função
328183,Aposentado,TECNICO EM REFRIGERACAO,Sem função
3711159,Ativo,PROFESSOR DO MAGISTERIO SUPERIOR,Sem função
827710,Aposentado,PROFESSOR ENS BASICO TECN TECNOLOGICO,Sem função
3011997,Pensionista,PROFESSOR DO MAGISTERIO SUPERIOR,Sem função
1634667,Aposentado,ASSISTENTE SOCIAL,Sem função
2204829,Pensionista,VIGILANTE,Sem função
1399202,Ativo,ASSISTENTE EM ADMINISTRACAO,Sem função
3672896,Ativo,PROFESSOR DO MAGISTERIO SUPERIOR,Sem função
2172538,Pensionista,TECNICO DE LABORATORIO AREA,Sem função
2917739,Ativo,TECNICO EM ASSUNTOS EDUCACIONAIS,Sem função
3073640,Ativo,ASSISTENTE EM ADMINISTRACAO,Sem função
3558003,Aposentado,TELEFONISTA,Sem função
3740768,Pensionista,ASSISTENTE EM ADMINISTRACAO,Sem função
3291193,Pensionista,VIGILANTE,Sem função
3220438,Pensionista,AUXILIAR DE ENFERMAGEM,Sem função
2585966,Pensionista,ASCENSORISTA,Sem função
2666700,Aposentado,PROFESSOR DO MAGISTERIO SUPERIOR,Sem função
2204988,Aposentado,PROFESSOR DO MAGISTERIO SUPERIOR,Sem função
3396670,Aposentado,AUXILIAR DE FARMACIA,Sem função
1101253,Pensionista,TECNICO EM RADIOLOGIA,Sem função
3600910,Pensionista,ADMINISTRADOR DE EDIFICIOS,Sem função
582312,Ativo,ASSISTENTE EM ADMINISTRACAO,Sem função
3373671,Pensionista,PROFESSOR DO MAGISTERIO SUPERIOR,Sem função
1838575,Aposentado,TECNICO EM ENFERMAGEM,Sem função
994132,Aposentado,ASSISTENTE EM ADMINISTRACAO,Sem função
803013,Aposentado,ASSISTENTE EM ADMINISTRACAO,Sem função
1687468,Aposentado,AUX EM ADMINISTRACAO,Sem função
2134511,Aposentado,PROFESSOR DO MAGISTERIO SUPERIOR,Sem função
2134511,Aposentado,PROFESSOR ENS BASICO TECN TECNOLOGICO,Sem função
1940575,Ativo,TECNICO EM CONTABILIDADE,Sem função
339544,Pensionista,PROFESSOR DO MAGISTERIO SUPERIOR,Sem função
3304929,Pensionista,VIGILANTE,Sem função
1753470,Aposentado,AUXILIAR DE ENFERMAGEM,Sem função
2534141,Ativo,ASSISTENTE SOCIAL,Sem função
940473,Aposentado,ASSISTENTE SOCIAL,Sem função
3464437,Aposentado,BIBLIOTECARIO-DOCUMENTALISTA,Sem função
1777877,Aposentado,AUXILIAR DE COZINHA,Sem função
172993,Pensionista,ASSISTENTE EM ADMINISTRACAO,Sem função
386528,Ativo,AUXILIAR DE ENFERMAGEM,Sem função
951122,Pensionista,ASSISTENTE EM ADMINISTRACAO,Sem função
1297284,Aposentado,PROFESSOR DO MAGISTERIO SUPERIOR,Sem função
733172,Aposentado,COZINHEIRO,Sem função
1621599,Pensionista,ASSISTENTE EM ADMINISTRACAO,Sem função
1203644,Ativo,ASSISTENTE SOCIAL,Sem função
975239,Pensionista,TECNICO DE LABORATORIO AREA,Sem função
2739412,Aposentado,PROFESSOR DO MAGISTERIO SUPERIOR,Sem função
948030,Pensionista,VIGILANTE,Sem função
2718562,Aposentado,PROFESSOR DO MAGISTERIO SUPERIOR,Sem função
693100,Pensionista,PROFESSOR DO MAGISTERIO SUPERIOR,Sem função
851596,Aposentado,SERVENTE DE LIMPEZA,Sem função
487560,Aposentado,ASSISTENTE EM ADMINISTRACAO,Sem função
2228040,Aposentado,ASSISTENTE EM ADMINISTRACAO,Sem função
2993919,Pensionista,AUX EM ADMINISTRACAO,Sem função
667680,Pensionista,DESENHISTA DE ARTES GRAFICAS,Sem função
1665197,Aposentado,TECNICO EM ENFERMAGEM,Sem função
1679276,Pensionista,MECANICO,Sem função
2193375,Pensionista,MESTRE DE EDIF E INFRAESTRUTURA,Sem função
3631991,Pensionista,OPERADOR DE MAQUINA COPIADORA,Sem função
3310472,Pensionista,PROFESSOR DO MAGISTERIO SUPERIOR,Sem função
872209,Pensionista,MOTORISTA,Sem função
1811693,Pensionista,AUX EM ADMINISTRACAO,Sem função
1048892,Aposentado,AUXILIAR DE SAUDE,Sem função
372744,Pensionista,PROFESSOR DO MAGISTERIO SUPERIOR,Sem função
2477646,Ativo,PROFESSOR DO MAGISTERIO SUPERIOR,Sem função
1372012,Ativo,AUXILIAR DE ENFERMAGEM,Sem função
116963,Aposentado,TELEFONISTA,Sem função
2608286,Pensionista,AUX EM ADMINISTRACAO,Sem função
2565937,Pensionista,PROFESSOR 3 GRAU,Sem função
1134604,Ativo,AUXILIAR DE ENFERMAGEM,Sem função
3238924,Ativo,MEDICO RESIDENTE,Sem função
3863282,Ativo,ASSISTENTE EM ADMINISTRACAO,Sem função
2805927,Ativo,PROFESSOR DO MAGISTERIO SUPERIOR,Sem função
3862992,Ativo,MEDICO RESIDENTE,Sem função
2227701,Ativo,EDITOR DE IMAGENS,Sem função
1924456,Ativo,MEDICO RESIDENTE,Sem função
3006988,Ativo,PROFESSOR MAGISTERIO SUPERIOR-SUBSTITUTO,Sem função
38544,Ativo,PROFESSOR DO MAGISTERIO SUPERIOR,Sem função
693355,Ativo,MEDICO RESIDENTE,Sem função
3883410,Ativo,MEDICO RESIDENTE,Sem função
3461900,Ativo,MEDICO RESIDENTE,Sem função
3876509,Ativo,MEDICO RESIDENTE,Sem função
2790340,Pensionista,PROFESSOR DO MAGISTERIO SUPERIOR,Sem função
3725662,Ativo,TECNICO DE LABORATORIO AREA,Sem função
1557120,Aposentado,PROFESSOR DO MAGISTERIO SUPERIOR,Sem função
1453246,Aposentado,ESTATISTICO,Sem função
129716,Aposentado,PROFESSOR DO MAGISTERIO SUPERIOR,Sem função
129716,Aposentado,PROFESSOR DO MAGISTERIO SUPERIOR,Sem função
977491,Pensionista,PROFESSOR DO MAGISTERIO SUPERIOR,Sem função
2892419,Aposentado,ASSISTENTE EM ADMINISTRACAO,Sem função
2892419,Pensionista,ASSISTENTE EM ADMINISTRACAO,Sem função
1250182,Ativo,AUXILIAR DE ENFERMAGEM,Sem função
670299,Aposentado,PROFESSOR DO MAGISTERIO SUPERIOR,Sem função
1512966,Ativo,SECRETARIO EXECUTIVO,Sem função
373736,Aposentado,ASSISTENTE EM ADMINISTRACAO,Sem função
2478332,Ativo,AUXILIAR DE ENFERMAGEM,Sem função
841102,Pensionista,ASSISTENTE DE LABORATORIO,Sem função
515330,Aposentado,TECNICO EM RADIOLOGIA,Sem função
2734137,Aposentado,PROFESSOR DO MAGISTERIO SUPERIOR,Sem função
2734137,Aposentado,PROFESSOR DO MAGISTERIO SUPERIOR,Sem função
3488144,Ativo,ASSISTENTE EM ADMINISTRACAO,Sem função
3488144,Ativo,Sem informaç,FG 000.1
2928538,Ativo,PROFESSOR DO MAGISTERIO SUPERIOR,Sem função
1411850,Ativo,TRANSCRITOR DE SIST BRAILLE,Sem função
3539752,Pensionista,ASSISTENTE DE ALUNO,Sem função
2778003,Pensionista,ASSISTENTE EM ADMINISTRACAO,Sem função
2196246,Ativo,PROFESSOR DO MAGISTERIO SUPERIOR,Sem função
1336753,Ativo,TECNICO DE LABORATORIO AREA,Sem função
117046,Aposentado,PROFESSOR DO MAGISTERIO SUPERIOR,Sem função
1703259,Pensionista,MEDICO-AREA,Sem função
2169994,Pensionista,PROFESSOR 3 GRAU,Sem função
960867,Aposentado,VIGILANTE,Sem função
3499512,Pensionista,AUXILIAR DE ENFERMAGEM,Sem função
1059995,Aposentado,ASSISTENTE DE ALUNO,Sem função
2820447,Ativo,ASSISTENTE EM ADMINISTRACAO,Sem função
621065,Ativo,TECNOLOGO-FORMACAO,Sem função
2321441,Ativo,TECNICO EM CONTABILIDADE,Sem função
3309935,Pensionista,PROFESSOR DO MAGISTERIO SUPERIOR,Sem função
2221518,Aposentado,PROFESSOR DO MAGISTERIO SUPERIOR,Sem função
2800332,Aposentado,PROFESSOR DO MAGISTERIO SUPERIOR,Sem função
3225124,Pensionista,PROFESSOR DO MAGISTERIO SUPERIOR,Sem função
3223396,Pensionista,ASSISTENTE DE LABORATORIO,Sem função
3015381,Pensionista,RECEPCIONISTA,Sem função
987895,Pensionista,ODONTOLOGO - 30 HORAS - DL 1445-76,Sem função
1555147,Ativo,PROFESSOR DO MAGISTERIO SUPERIOR,Sem função
408046,Ativo,AUXILIAR DE ENFERMAGEM,Sem função
2312945,Aposentado,BIBLIOTECARIO-DOCUMENTALISTA,Sem função
582002,Ativo,PROFESSOR DO MAGISTERIO SUPERIOR,Sem função
256453,Ativo,PROFESSOR DO MAGISTERIO SUPERIOR,Sem função
269444,Ativo,PROFESSOR DO MAGISTERIO SUPERIOR,Sem função
3855176,Ativo,RESIDENCIA MULTIPROFISSIONAL,Sem função
2703510,Ativo,PROFESSOR DO MAGISTERIO SUPERIOR,Sem função
2217505,Pensionista,ELETRICISTA,Sem função
1262433,Aposentado,AUXILIAR DE ENFERMAGEM,Sem função
3097842,Ativo,VIGILANTE,Sem função
3627735,Pensionista,RECEPCIONISTA,Sem função
3677732,Pensionista,ASSISTENTE EM ADMINISTRACAO,Sem função
1674600,Aposentado,ATENDENTE DE ENFERMAGEM,Sem função
935646,Pensionista,RECEPCIONISTA,Sem função
930662,Pensionista,ATENDENTE DE ENFERMAGEM,Sem função
2587868,Aposentado,PROFESSOR DO MAGISTERIO SUPERIOR,Sem função
2587868,Pensionista,PROFESSOR 3 GRAU,Sem função
1964178,Pensionista,MARCENEIRO,Sem função
950517,Pensionista,ASSISTENTE EM ADMINISTRACAO,Sem função
3734224,Aposentado,PROFESSOR DO MAGISTERIO SUPERIOR,Sem função
3734224,Pensionista,PROFESSOR 3 GRAU,Sem função
3734224,Pensionista,PROFESSOR 3 GRAU,Sem função
724476,Pensionista,PROFESSOR DO MAGISTERIO SUPERIOR,Sem função
3015268,Pensionista,PROFESSOR DO MAGISTERIO SUPERIOR,Sem função
2036278,Ativo,ASSISTENTE EM ADMINISTRACAO,Sem função
1505896,Aposentado,ATENDENTE DE CONSULTORIO-AREA,Sem função
2510105,Aposentado,AUX EM ADMINISTRACAO,Sem função
3721659,Pensionista,IMPRESSOR,Sem função
983199,Ativo,ASSISTENTE EM ADMINISTRACAO,Sem função
632335,Aposentado,TEC EM NUTRICAO E DIETETICA,Sem função
3797305,Pensionista,RECEPCIONISTA,Sem função
296869,Aposentado,JORNALISTA,Sem função
426621,Aposentado,PROFESSOR DO MAGISTERIO SUPERIOR,Sem função
135376,Aposentado,AUX EM ADMINISTRACAO,Sem função
1312190,Ativo,PROFESSOR DO MAGISTERIO SUPERIOR,Sem função
2462759,Pensionista,OPERADOR DE CALDEIRA,Sem função
1821411,Pensionista,PROFESSOR ENS BASICO TECN TECNOLOGICO,Sem função
3701970,Pensionista,AUXILIAR DE ENFERMAGEM,Sem função
200004,Ativo,TECNICO EM ASSUNTOS EDUCACIONAIS,Sem função
439121,Ativo,PROFESSOR DO MAGISTERIO SUPERIOR,Sem função
439121,Aposentado,NUTRICIONISTA-HABILITACAO,Sem função
3547897,Pensionista,VIGILANTE,Sem função
1109841,Aposentado,PSICOLOGO-AREA,Sem função
1040135,Aposentado,ASSISTENTE EM ADMINISTRACAO,Sem função
1901060,Aposentado,AUXILIAR DE ENFERMAGEM,Sem função
2832133,Ativo,PROFESSOR DO MAGISTERIO SUPERIOR,Sem função
903701,Pensionista,ASSISTENTE EM ADMINISTRACAO,Sem função
3551671,Pensionista,TECNICO DE LABORATORIO AREA,Sem função
760702,Aposentado,SERVENTE DE LIMPEZA,Sem função
3625058,Pensionista,MESTRE DE EDIF E INFRAESTRUTURA,Sem função
1700652,Aposentado,PROFESSOR DO MAGISTERIO SUPERIOR,Sem função
29083,Aposentado,AUX EM ADMINISTRACAO,Sem função
3557770,Pensionista,COZINHEIRO,Sem função
2463927,Pensionista,PROFESSOR DO MAGISTERIO SUPERIOR,Sem função
2889818,Ativo,MEDICO VETERINARIO,Sem função
2609381,Pensionista,PROFESSOR DO MAGISTERIO SUPERIOR,Sem função
928951,Aposentado,ENFERMEIRO-AREA,Sem função
2549433,Pensionista,CONTRAMESTRE-OFICIO,Sem função
3716025,Ativo,PROFESSOR DO MAGISTERIO SUPERIOR,Sem função
949028,Aposentado,PROFESSOR DO MAGISTERIO SUPERIOR,Sem função
2203138,Aposentado,PROFESSOR DO MAGISTERIO SUPERIOR,Sem função
1581174,Ativo,ASSISTENTE EM ADMINISTRACAO,Sem função
1581174,Ativo,Inválido,Sem função
2005944,Aposentado,PROFESSOR DO MAGISTERIO SUPERIOR,Sem função
3335595,Aposentado,NUTRICIONISTA-HABILITACAO,Sem função
970932,Pensionista,PROFESSOR DO MAGISTERIO SUPERIOR,Sem função
447321,Aposentado,AUX EM ADMINISTRACAO,Sem função
824574,Pensionista,ATENDENTE DE ENFERMAGEM,Sem função
2338636,Pensionista,PROFESSOR DO MAGISTERIO SUPERIOR,Sem função
3657948,Aposentado,PROFESSOR DO MAGISTERIO SUPERIOR,Sem função
110000,Aposentado,PROFESSOR ENS BASICO TECN TECNOLOGICO,Sem função
2748403,Aposentado,PROFESSOR DO MAGISTERIO SUPERIOR,Sem função
733640,Pensionista,VIGILANTE,Sem função
2452199,Aposentado,FARMACEUTICO-HABILITACAO,Sem função
466973,Ativo,PROFESSOR DO MAGISTERIO SUPERIOR,Sem função
3252166,Aposentado,ENFERMEIRO-AREA,Sem função
1890834,Aposentado,AUX EM ADMINISTRACAO,Sem função
2271355,Aposentado,PROFESSOR DO MAGISTERIO SUPERIOR,Sem função
3605977,Aposentado,TECNICO EM ASSUNTOS EDUCACIONAIS,Sem função
299749,Aposentado,PSICOLOGO-AREA,Sem função
3584520,Pensionista,ASSISTENTE EM ADMINISTRACAO,Sem função
2934411,Aposentado,ENFERMEIRO-AREA,Sem função
1036282,Aposentado,AUXILIAR DE ENFERMAGEM,Sem função
1392909,Ativo,MEDICO-AREA,Sem função
1392909,Ativo,PROFESSOR DO MAGISTERIO SUPERIOR,Sem função
1392909,Ativo,Sem informaç,GF 002.5
1318047,Aposentado,PROFESSOR DO MAGISTERIO SUPERIOR,Sem função
85140,Ativo,AUX EM ADMINISTRACAO,Sem função
2033857,Aposentado,PROFESSOR DO MAGISTERIO SUPERIOR,Sem função
2190355,Pensionista,PROFESSOR DO MAGISTERIO SUPERIOR,Sem função
2190355,Pensionista,PROFESSOR DO MAGISTERIO SUPERIOR,Sem função
2025335,Aposentado,ASSISTENTE EM ADMINISTRACAO,Sem função
1580218,Aposentado,AUXILIAR DE ENFERMAGEM,Sem função
2461178,Aposentado,ASSISTENTE EM ADMINISTRACAO,Sem função
1908468,Aposentado,ARQUIVISTA,Sem função
1363742,Pensionista,PROFESSOR DO MAGISTERIO SUPERIOR,Sem função
2629772,Aposentado,PROFESSOR DO MAGISTERIO SUPERIOR,Sem função
1225044,Ativo,ENFERMEIRO-AREA,Sem função
1464372,Aposentado,MEDICO-AREA,Sem função
945306,Aposentado,PROFESSOR DO MAGISTERIO SUPERIOR,Sem função
3625904,Aposentado,TECNICO EM RADIOLOGIA,Sem função
3595775,Pensionista,PROFESSOR DO MAGISTERIO SUPERIOR,Sem função
325332,Ativo,PROFESSOR DO MAGISTERIO SUPERIOR,Sem função
65344,Ativo,PROFESSOR DO MAGISTERIO SUPERIOR,Sem função
65344,Aposentado,PROFESSOR DO MAGISTERIO SUPERIOR,Sem função
243520,Ativo,ARQUITETO E URBANISTA,Sem função
243520,Ativo,Sem informaç,CD 000.4
2220500,Ativo,AUX EM ADMINISTRACAO,Sem função
2220500,Ativo,Sem informaç,FG 000.2
2290947,Ativo,PROFESSOR DO MAGISTERIO SUPERIOR,Sem função
819985,Ativo,MEDICO-AREA,Sem função
1969431,Aposentado,AUX EM ADMINISTRACAO,Sem função
616601,Ativo,PROFESSOR MAGISTERIO SUPERIOR-SUBSTITUTO,Sem função
345637,Ativo,AUXILIAR DE ENFERMAGEM,Sem função
936059,Aposentado,PROFESSOR DO MAGISTERIO SUPERIOR,Sem função
1683596,Aposentado,ASSISTENTE SOCIAL,Sem função
881825,Aposentado,ASSISTENTE EM ADMINISTRACAO,Sem função
2562250,Pensionista,RECEPCIONISTA,Sem função
3602654,Pensionista,PROFESSOR DO MAGISTERIO SUPERIOR,Sem função
1050479,Ativo,AUXILIAR DE ENFERMAGEM,Sem função
3047241,Ativo,ASSISTENTE EM ADMINISTRACAO,Sem função
3408613,Aposentado,GEOGRAFO,Sem função
1942386,Aposentado,PROFESSOR ENS BASICO TECN TECNOLOGICO,Sem função
1601274,Ativo,AUXILIAR DE ENFERMAGEM,Sem função
734811,Aposentado,CONTADOR,Sem função
503531,Aposentado,BIBLIOTECARIO-DOCUMENTALISTA,Sem função
1449383,Ativo,PROFESSOR MAGISTERIO SUPERIOR-SUBSTITUTO,Sem função
631673,Aposentado,ASSISTENTE EM ADMINISTRACAO,Sem função
3524841,Aposentado,COSTUREIRO,Sem função
953256,Aposentado,COPEIRO,Sem função
2164124,Aposentado,AUXILIAR DE ENFERMAGEM,Sem função
3756601,Ativo,AUXILIAR DE ENFERMAGEM,Sem função
1562828,Aposentado,TECNICO DE LABORATORIO AREA,Sem função
2733821,Pensionista,PROFESSOR DO MAGISTERIO SUPERIOR,Sem função
2540463,Aposentado,AUX EM ADMINISTRACAO,Sem função
3149190,Pensionista,RECEPCIONISTA,Sem função
1617919,Aposentado,ASSISTENTE EM ADMINISTRACAO,Sem função
2038621,Pensionista,MOTORISTA,Sem função
1069227,Aposentado,AUXILIAR DE ENFERMAGEM,Sem função
417205,Aposentado,ASSISTENTE EM ADMINISTRACAO,Sem função
1948019,Pensionista,PROFESSOR 3 GRAU,Sem função
811816,Aposentado,AUXILIAR DE ENFERMAGEM,Sem função
1471187,Pensionista,TECNICO DE LABORATORIO AREA,Sem função
1949212,Pensionista,COZINHEIRO,Sem função
179904,Pensionista,RECEPCIONISTA,Sem função
339962,Aposentado,PROFESSOR DO MAGISTERIO SUPERIOR,Sem função
2269883,Aposentado,TECNICO EM ASSUNTOS EDUCACIONAIS,Sem função
3558584,Pensionista,PORTEIRO,Sem função
2755182,Aposentado,ASSISTENTE EM ADMINISTRACAO,Sem função
2755182,Pensionista,PROFESSOR 3 GRAU,Sem função
835457,Aposentado,AUXILIAR DE ENFERMAGEM,Sem função
467999,Aposentado,COPEIRO,Sem função
2922571,Aposentado,AUXILIAR DE ENFERMAGEM,Sem função
312080,Pensionista,CONTRAMESTRE-OFICIO,Sem função
1461447,Aposentado,PROFESSOR DO MAGISTERIO SUPERIOR,Sem função
2728827,Pensionista,PROFESSOR 3 GRAU,Sem função
3456500,Aposentado,TECNICO EM ASSUNTOS EDUCACIONAIS,Sem função
1600833,Aposentado,AUXILIAR DE SAUDE,Sem função
2227370,Ativo,ASSISTENTE EM ADMINISTRACAO,Sem função
2202383,Aposentado,NUTRICIONISTA-HABILITACAO,Sem função
2947464,Aposentado,AUXILIAR DE SAUDE,Sem função
2569121,Pensionista,VIGILANTE,Sem função
3160682,Pensionista,RECEPCIONISTA,Sem função
3161422,Pensionista,VIGILANTE,Sem função
2724840,Pensionista,GARCON,Sem função
3470255,Aposentado,COPEIRO,Sem função
341627,Pensionista,OPERADOR DE MAQUINA COPIADORA,Sem função
421964,Ativo,AUXILIAR DE ENFERMAGEM,Sem função
3012893,Ativo,AUXILIAR DE ENFERMAGEM,Sem função
3644622,Aposentado,MEDICO-AREA,Sem função
153162,Aposentado,ENFERMEIRO-AREA,Sem função
1664283,Aposentado,ENFERMEIRO-AREA,Sem função
767577,Pensionista,ELETRICISTA,Sem função
2943672,Aposentado,PROFESSOR DO MAGISTERIO SUPERIOR,Sem função
2715232,Aposentado,AUXILIAR DE ENFERMAGEM,Sem função
3112617,Aposentado,ASSISTENTE EM ADMINISTRACAO,Sem função
1335029,Aposentado,AUXILIAR DE ENFERMAGEM,Sem função
861468,Aposentado,BIBLIOTECARIO-DOCUMENTALISTA,Sem função
1696869,Aposentado,ASSISTENTE EM ADMINISTRACAO,Sem função
3718240,Ativo,AUXILIAR DE ENFERMAGEM,Sem função
1869133,Pensionista,ELETRICISTA,Sem função
2397988,Ativo,PROFESSOR DO MAGISTERIO SUPERIOR,Sem função
1888713,Pensionista,ASSISTENTE EM ADMINISTRACAO,Sem função
3590707,Pensionista,RECEPCIONISTA,Sem função
3522892,Pensionista,ASSISTENTE EM ADMINISTRACAO,Sem função
1778987,Aposentado,MEDICO-AREA,Sem função
2753556,Aposentado,AUXILIAR DE NUTRICAO E DIETETICA,Sem função
898709,Pensionista,AUXILIAR DE ENFERMAGEM,Sem função
744704,Pensionista,TECNICO EM PROTESE DENTARIA,Sem função
1500007,Pensionista,VIGILANTE,Sem função
857697,Aposentado,ENFERMEIRO-AREA,Sem função
3596852,Pensionista,PROF DO ENSINO BASICO TEC TECNOLOGICO,Sem função
205050,Aposentado,PROFESSOR DO MAGISTERIO SUPERIOR,Sem função
2348710,Aposentado,AUXILIAR DE ENFERMAGEM,Sem função
1807673,Aposentado,FARMACEUTICO-HABILITACAO,Sem função
2561945,Pensionista,VIGILANTE,Sem função
1971604,Pensionista,ASSISTENTE EM ADMINISTRACAO,Sem função
3574401,Pensionista,AUXILIAR DE NUTRICAO E DIETETICA,Sem função
3657773,Pensionista,CONTRAMESTRE-OFICIO,Sem função
856681,Pensionista,DESENHISTA DE ARTES GRAFICAS,Sem função
893597,Aposentado,PROFESSOR DO MAGISTERIO SUPERIOR,Sem função
1787412,Pensionista,PINTOR-AREA,Sem função
2993930,Pensionista,OPERADOR DE CAMERA DE CINEMA E TV,Sem função
941010,Aposentado,AUXILIAR DE ENFERMAGEM,Sem função
1809729,Pensionista,TECNICO DE LABORATORIO AREA,Sem função
876749,Pensionista,RECEPCIONISTA,Sem função
2621955,Pensionista,AUXILIAR DE LABORATORIO,Sem função
3331883,Pensionista,BOMBEIRO HIDRAULICO,Sem função
2152727,Aposentado,PROFESSOR DO MAGISTERIO SUPERIOR,Sem função
3801060,Pensionista,TEC EM ANATOMIA E NECROPSIA,Sem função
3833635,Aposentado,ASSISTENTE EM ADMINISTRACAO,Sem função
3183326,Aposentado,SERVENTE DE LIMPEZA,Sem função
2539931,Pensionista,RECEPCIONISTA,Sem função
2274849,Pensionista,PROFESSOR DO MAGISTERIO SUPERIOR,Sem função
159520,Pensionista,PROFESSOR DO MAGISTERIO SUPERIOR,Sem função
3652811,Aposentado,TELEFONISTA,Sem função
2751217,Aposentado,AUXILIAR DE ENFERMAGEM,Sem função
980500,Pensionista,ASSISTENTE EM ADMINISTRACAO,Sem função
2946155,Ativo,AUXILIAR DE ENFERMAGEM,Sem função
1726414,Aposentado,PROFESSOR DO MAGISTERIO SUPERIOR,Sem função
2773308,Pensionista,MOTORISTA,Sem função
1684265,Pensionista,ASSISTENTE EM ADMINISTRACAO,Sem função
2193437,Aposentado,TECNICO DE LABORATORIO AREA,Sem função
1359599,Pensionista,VIGILANTE,Sem função
198363,Aposentado,AUXILIAR DE NUTRICAO E DIETETICA,Sem função
1689386,Aposentado,TECNICO EM ENFERMAGEM,Sem função
326527,Pensionista,PROFESSOR DO MAGISTERIO SUPERIOR,Sem função
3794184,Aposentado,PROFESSOR DO MAGISTERIO SUPERIOR,Sem função
825344,Aposentado,AUXILIAR DE ENFERMAGEM,Sem função
145714,Aposentado,ASSISTENTE EM ADMINISTRACAO,Sem função
3499308,Aposentado,AUXILIAR DE ENFERMAGEM,Sem função
1709077,Pensionista,VIGILANTE,Sem função
2255230,Pensionista,ELETRICISTA,Sem função
2329958,Pensionista,PROFESSOR DO MAGISTERIO SUPERIOR,Sem função
3394764,Ativo,FARMACEUTICO-HABILITACAO,Sem função
1728801,Pensionista,PROFESSOR 3 GRAU,Sem função
2025347,Pensionista,ASSISTENTE EM ADMINISTRACAO,Sem função
489601,Aposentado,ASSISTENTE EM ADMINISTRACAO,Sem função
1336944,Aposentado,ASSISTENTE SOCIAL,Sem função
3605829,Pensionista,RECEPCIONISTA,Sem função
2599067,Pensionista,CONTINUO,Sem função
3222698,Ativo,PROFESSOR DO MAGISTERIO SUPERIOR,Sem função
145332,Aposentado,AUXILIAR DE ENFERMAGEM,Sem função
1979625,Pensionista,PROFESSOR DE 1  E 2  GRAUS,Sem função
1393845,Pensionista,MOTORISTA,Sem função
3862557,Ativo,PRODUTOR CULTURAL,Sem função
838253,Pensionista,PROFESSOR DO MAGISTERIO SUPERIOR,Sem função
2814210,Aposentado,PROFESSOR DO MAGISTERIO SUPERIOR,Sem função
3067489,Aposentado,ASSISTENTE EM ADMINISTRACAO,Sem função
3398761,Ativo,JORNALISTA,Sem função
3733546,Pensionista,RECEPCIONISTA,Sem função
458434,Aposentado,PROFESSOR DO MAGISTERIO SUPERIOR,Sem função
1881230,Pensionista,TECNICO DE LABORATORIO AREA,Sem função
584261,Pensionista,PROFESSOR 3 GRAU,Sem função
653759,Aposentado,PROFESSOR DO MAGISTERIO SUPERIOR,Sem função
1943201,Pensionista,PROFESSOR DO MAGISTERIO SUPERIOR,Sem função
2152195,Aposentado,ASSISTENTE EM ADMINISTRACAO,Sem função
2746257,Pensionista,AUX EM ADMINISTRACAO,Sem função
806041,Pensionista,ASSISTENTE EM ADMINISTRACAO,Sem função
2120115,Pensionista,VIGILANTE,Sem função
3805953,Pensionista,VIGILANTE,Sem função
694033,Pensionista,ARQUIVISTA,Sem função
360259,Aposentado,FARMACEUTICO-HABILITACAO,Sem função
2497525,Aposentado,PROFESSOR DO MAGISTERIO SUPERIOR,Sem função
1073489,Aposentado,ASSISTENTE SOCIAL,Sem função
2762535,Aposentado,BIBLIOTECARIO-DOCUMENTALISTA,Sem função
1621534,Ativo,ASSISTENTE EM ADMINISTRACAO,Sem função
1843487,Pensionista,MEDICO-AREA,Sem função
3586079,Pensionista,RECEPCIONISTA,Sem função
3692373,Aposentado,PROFESSOR DO MAGISTERIO SUPERIOR,Sem função
3850401,Pensionista,ASSISTENTE EM ADMINISTRACAO,Sem função
1556834,Ativo,TECNICO DE LABORATORIO AREA,Sem função
544568,Aposentado,CONTADOR,Sem função
2314238,Pensionista,CONTRAMESTRE-OFICIO,Sem função
649035,Pensionista,ROTEIRISTA,Sem função
649035,Pensionista,PROFESSOR 3 GRAU,Sem função
2820565,Ativo,PROFESSOR DO MAGISTERIO SUPERIOR,Sem função
2820565,Ativo,Sem informaç,CD 000.3
942849,Pensionista,PROFESSOR 3 GRAU,Sem função
1745574,Pensionista,PROFESSOR DO MAGISTERIO SUPERIOR,Sem função
3793395,Pensionista,PROFESSOR DO MAGISTERIO SUPERIOR,Sem função
1430794,Pensionista,PROFESSOR DO MAGISTERIO SUPERIOR,Sem função
1430794,Pensionista,PROFESSOR DO MAGISTERIO SUPERIOR,Sem função
1974411,Aposentado,TECNICO EM ASSUNTOS EDUCACIONAIS,Sem função
1016201,Aposentado,AUXILIAR DE ENFERMAGEM,Sem função
2099771,Ativo,AUXILIAR DE ENFERMAGEM,Sem função
1915060,Pensionista,PROFESSOR DO MAGISTERIO SUPERIOR,Sem função
869296,Pensionista,ADMINISTRADOR DE EDIFICIOS,Sem função
2878071,Ativo,PROFESSOR DO MAGISTERIO SUPERIOR,Sem função
837470,Aposentado,PROFESSOR DO MAGISTERIO SUPERIOR,Sem função
1569333,Aposentado,ASSISTENTE EM ADMINISTRACAO,Sem função
1062901,Aposentado,AUXILIAR DE ENFERMAGEM,Sem função
1059552,Aposentado,AUXILIAR DE ENFERMAGEM,Sem função
3684855,Aposentado,TEC EQUIP MEDICO ODONTOLOGICO,Sem função
1016724,Ativo,PROFESSOR DO MAGISTERIO SUPERIOR,Sem função
1588113,Pensionista,DESENHISTA DE ARTES GRAFICAS,Sem função
2136530,Pensionista,PROFESSOR 3 GRAU,Sem função
1591352,Aposentado,PROFESSOR DO MAGISTERIO SUPERIOR,Sem função
2174084,Pensionista,MEDICO-AREA,Sem função
3375570,Aposentado,ADMINISTRADOR,Sem função
1101574,Ativo,PROFESSOR DO MAGISTERIO SUPERIOR,Sem função
2350359,Pensionista,MEDICO-AREA,Sem função
3654681,Aposentado,PROFESSOR DO MAGISTERIO SUPERIOR,Sem função
1256244,Ativo,AUXILIAR DE ENFERMAGEM,Sem função
2094780,Pensionista,PEDREIRO,Sem função
1244645,Aposentado,AUX EM ADMINISTRACAO,Sem função
928859,Pensionista,MEDICO-AREA,Sem função
1108072,Aposentado,ENFERMEIRO-AREA,Sem função
1600533,Pensionista,PROFESSOR DO MAGISTERIO SUPERIOR,Sem função
651172,Aposentado,NUTRICIONISTA-HABILITACAO,Sem função
1796246,Ativo,SECRETARIO EXECUTIVO,Sem função
2489647,Ativo,ASSISTENTE EM ADMINISTRACAO,Sem função
1138247,Ativo,PROFESSOR DO MAGISTERIO SUPERIOR,Sem função
3590111,Aposentado,ASSISTENTE EM ADMINISTRACAO,Sem função
3008524,Ativo,AUXILIAR DE ENFERMAGEM,Sem função
2820885,Ativo,ENFERMEIRO-AREA,Sem função
3608383,Pensionista,ASSISTENTE DE LABORATORIO,Sem função
2527659,Pensionista,PROFESSOR DO MAGISTERIO SUPERIOR,Sem função
2711926,Pensionista,PROFESSOR DO MAGISTERIO SUPERIOR,Sem função
583052,Ativo,PROFESSOR DO MAGISTERIO SUPERIOR,Sem função
3035096,Ativo,RESIDENCIA MULTIPROFISSIONAL,Sem função
2372495,Aposentado,PROFESSOR DO MAGISTERIO SUPERIOR,Sem função
2313918,Pensionista,VIGILANTE,Sem função
871065,Aposentado,ENFERMEIRO-AREA,Sem função
2225069,Pensionista,TECNICO DE LABORATORIO AREA,Sem função
3009341,Ativo,ASSISTENTE EM ADMINISTRACAO,Sem função
1223614,Aposentado,PSICOLOGO-AREA,Sem função
2585110,Pensionista,PROFESSOR 3 GRAU,Sem função
1601314,Aposentado,PROFESSOR DO MAGISTERIO SUPERIOR,Sem função
223049,Aposentado,VIGILANTE,Sem função
1219013,Aposentado,AUXILIAR DE ENFERMAGEM,Sem função
2211111,Aposentado,AUX EM ADMINISTRACAO,Sem função
895266,Pensionista,RECEPCIONISTA,Sem função
2584450,Pensionista,MOTORISTA,Sem função
2911194,Ativo,BIBLIOTECARIO-DOCUMENTALISTA,Sem função
497442,Ativo,PROFESSOR DO MAGISTERIO SUPERIOR,Sem função
2640315,Aposentado,PROFESSOR DO MAGISTERIO SUPERIOR,Sem função
967230,Ativo,PROFESSOR DO MAGISTERIO SUPERIOR,Sem função
967230,Ativo,Sem informaç,FUC 000.1
1390860,Ativo,PROFESSOR DO MAGISTERIO SUPERIOR,Sem função
1238092,Ativo,PROFESSOR DO MAGISTERIO SUPERIOR,Sem função
2157382,Pensionista,SERVENTE DE LIMPEZA,Sem função
1563501,Aposentado,PROFESSOR DO MAGISTERIO SUPERIOR,Sem função
855895,Aposentado,PROFESSOR DO MAGISTERIO SUPERIOR,Sem função
2589381,Pensionista,AUXILIAR DE ENFERMAGEM,Sem função
1195431,Aposentado,PROFESSOR DO MAGISTERIO SUPERIOR,Sem função
2527087,Aposentado,ASSISTENTE EM ADMINISTRACAO,Sem função
1504796,Pensionista,JORNALISTA,Sem função
1018902,Ativo,TECNICO EM ENFERMAGEM,Sem função
2215746,Pensionista,ASSISTENTE EM ADMINISTRACAO,Sem função
327173,Aposentado,ASSISTENTE EM ADMINISTRACAO,Sem função
61801,Ativo,ASSISTENTE EM ADMINISTRACAO,Sem função
3582332,Pensionista,FOTOGRAFO,Sem função
948415,Pensionista,PROFESSOR DO MAGISTERIO SUPERIOR,Sem função
735698,Aposentado,SANITARISTA,Sem função
1057220,Aposentado,VESTIARISTA,Sem função
1030243,Aposentado,ASSISTENTE EM ADMINISTRACAO,Sem função
1015914,Ativo,TECNICO EM ENFERMAGEM,Sem função
1926621,Aposentado,SERVENTE DE LIMPEZA,Sem função
2790228,Aposentado,AUXILIAR DE ENFERMAGEM,Sem função
644362,Pensionista,ASSISTENTE DE LABORATORIO,Sem função
900172,Pensionista,ASSISTENTE EM ADMINISTRACAO,Sem função
1056633,Aposentado,PROFESSOR DO MAGISTERIO SUPERIOR,Sem função
907022,Pensionista,PROFESSOR DO MAGISTERIO SUPERIOR,Sem função
1973622,Aposentado,PROFESSOR DO MAGISTERIO SUPERIOR,Sem função
243475,Aposentado,BIBLIOTECARIO-DOCUMENTALISTA,Sem função
1324794,Aposentado,AUX EM ADMINISTRACAO,Sem função
3354327,Pensionista,PINTOR-AREA,Sem função
3535798,Pensionista,MOTORISTA,Sem função
2565656,Pensionista,ELETRICISTA,Sem função
1339991,Ativo,PROFESSOR DO MAGISTERIO SUPERIOR,Sem função
2658898,Pensionista,ASCENSORISTA,Sem função
3245849,Aposentado,BIBLIOTECARIO-DOCUMENTALISTA,Sem função
3245849,Aposentado,PROFESSOR 3 GRAU,Sem função
1971864,Aposentado,BIBLIOTECARIO-DOCUMENTALISTA,Sem função
989450,Ativo,AUXILIAR DE ENFERMAGEM,Sem função
1876080,Aposentado,AUXILIAR DE ENFERMAGEM,Sem função
3255414,Aposentado,FARMACEUTICO-HABILITACAO,Sem função
1745471,Aposentado,PROFESSOR DO MAGISTERIO SUPERIOR,Sem função
1099721,Ativo,MEDICO RESIDENTE,Sem função
633258,Pensionista,AUX EM ADMINISTRACAO,Sem função
225153,Ativo,ATENDENTE DE ENFERMAGEM,Sem função
873914,Pensionista,TECNICO EM MECANICA,Sem função
2119020,Pensionista,ENFERMEIRO-AREA,Sem função
1692149,Pensionista,MESTRE DE EDIF E INFRAESTRUTURA,Sem função
2778331,Aposentado,PROFESSOR DO MAGISTERIO SUPERIOR,Sem função
3570493,Aposentado,ASSISTENTE EM ADMINISTRACAO,Sem função
1018940,Ativo,TEC EM NUTRICAO E DIETETICA,Sem função
2379933,Pensionista,ASSISTENTE EM ADMINISTRACAO,Sem função
2987582,Pensionista,RECEPCIONISTA,Sem função
2427197,Pensionista,PROFESSOR DO MAGISTERIO SUPERIOR,Sem função
2325619,Pensionista,PROFESSOR DO MAGISTERIO SUPERIOR,Sem função
334175,Pensionista,PROFESSOR DO MAGISTERIO SUPERIOR,Sem função
1299812,Ativo,PROFESSOR DO MAGISTERIO SUPERIOR,Sem função
1632208,Aposentado,ENFERMEIRO-AREA,Sem função
353920,Pensionista,VIGILANTE,Sem função
945368,Pensionista,VIGILANTE,Sem função
907581,Aposentado,NUTRICIONISTA-HABILITACAO,Sem função
270189,Aposentado,ENFERMEIRO-AREA,Sem função
1944652,Aposentado,PROFESSOR DO MAGISTERIO SUPERIOR,Sem função
1944652,Pensionista,PROFESSOR DO MAGISTERIO SUPERIOR,Sem função
2192736,Aposentado,PROFESSOR DO MAGISTERIO SUPERIOR,Sem função
3280363,Aposentado,AUX EM ADMINISTRACAO,Sem função
3613981,Pensionista,PROFESSOR DO MAGISTERIO SUPERIOR,Sem função
3355211,Aposentado,AUXILIAR OPERACIONAL,Sem função
2162087,Pensionista,TECNICO DE LABORATORIO AREA,Sem função
693408,Aposentado,RECEPCIONISTA,Sem função
2524067,Aposentado,AUXILIAR DE ENFERMAGEM,Sem função
173079,Pensionista,MOTORISTA,Sem função
2242001,Pensionista,PROFESSOR DO MAGISTERIO SUPERIOR,Sem função
2070323,Pensionista,MOTORISTA,Sem função
3604491,Pensionista,IMPRESSOR,Sem função
1387002,Ativo,PROFESSOR DO MAGISTERIO SUPERIOR,Sem função
875434,Aposentado,PROFESSOR DO MAGISTERIO SUPERIOR,Sem função
779535,Ativo,BIBLIOTECARIO-DOCUMENTALISTA,Sem função
3209319,Pensionista,VIGILANTE,Sem função
2145606,Aposentado,PROFESSOR DO MAGISTERIO SUPERIOR,Sem função
1238215,Aposentado,SANITARISTA,Sem função
1860534,Aposentado,TECNICO DE LABORATORIO AREA,Sem função
3013880,Ativo,PROFESSOR MAGISTERIO SUPERIOR-SUBSTITUTO,Sem função
2826160,Aposentado,CONTINUO,Sem função
2132957,Ativo,ASSISTENTE EM ADMINISTRACAO,Sem função
1783535,Ativo,TECNICO DE LABORATORIO AREA,Sem função
2531230,Pensionista,PROFESSOR DO MAGISTERIO SUPERIOR,Sem função
2415755,Pensionista,RECEPCIONISTA,Sem função
2768675,Aposentado,ASSISTENTE EM ADMINISTRACAO,Sem função
3356185,Aposentado,TECNICO EM ASSUNTOS EDUCACIONAIS,Sem função
2236133,Aposentado,ASSISTENTE EM ADMINISTRACAO,Sem função
369871,Ativo,PROFESSOR DO MAGISTERIO SUPERIOR,Sem função
1084600,Aposentado,ARQUITETO E URBANISTA,Sem função
1084600,Pensionista,AUX EM ADMINISTRACAO,Sem função
3754395,Ativo,VESTIARISTA,Sem função
3859139,Ativo,MEDICO RESIDENTE,Sem função
933987,Pensionista,AUX EM ADMINISTRACAO,Sem função
1119187,Aposentado,AUXILIAR DE ENFERMAGEM,Sem função
696388,Aposentado,PROFESSOR DO MAGISTERIO SUPERIOR,Sem função
900711,Pensionista,RECEPCIONISTA,Sem função
3749481,Ativo,PROFESSOR DO MAGISTERIO SUPERIOR,Sem função
1647862,Pensionista,PROFESSOR DO MAGISTERIO SUPERIOR,Sem função
428397,Aposentado,ENFERMEIRO-AREA,Sem função
226556,Ativo,AUXILIAR DE ENFERMAGEM,Sem função
2774020,Pensionista,PROFESSOR DO MAGISTERIO SUPERIOR,Sem função
649191,Aposentado,AUX EM ADMINISTRACAO,Sem função
2240159,Aposentado,PROFESSOR DO MAGISTERIO SUPERIOR,Sem função
2189157,Aposentado,ASSISTENTE EM ADMINISTRACAO,Sem função
3057657,Ativo,SERVENTE DE LIMPEZA,Sem função
508138,Aposentado,SECRETARIO EXECUTIVO,Sem função
2489921,Aposentado,FISIOTERAPEUTA,Sem função
3152191,Ativo,AUXILIAR DE ENFERMAGEM,Sem função
2326801,Aposentado,ASSISTENTE EM ADMINISTRACAO,Sem função
2732644,Aposentado,PROFESSOR DO MAGISTERIO SUPERIOR,Sem função
1549198,Ativo,PROFESSOR DO MAGISTERIO SUPERIOR,Sem função
1725882,Aposentado,TECNICO DE LABORATORIO AREA,Sem função
1908483,Pensionista,RECEPCIONISTA,Sem função
772958,Aposentado,BIBLIOTECARIO-DOCUMENTALISTA,Sem função
772958,Aposentado,PROFESSOR DO MAGISTERIO SUPERIOR,Sem função
1618273,Ativo,ASSISTENTE EM ADMINISTRACAO,Sem função
179322,Aposentado,ASSISTENTE EM ADMINISTRACAO,Sem função
2505599,Ativo,PROFESSOR DO MAGISTERIO SUPERIOR,Sem função
2505599,Ativo,Sem informaç,FG 000.1
1917542,Ativo,PROFESSOR DO MAGISTERIO SUPERIOR,Sem função
3588677,Pensionista,RECEPCIONISTA,Sem função
903478,Aposentado,ATENDENTE DE ENFERMAGEM,Sem função
3351281,Pensionista,PROFESSOR 3 GRAU,Sem função
2779850,Pensionista,TECNICO DE LABORATORIO AREA,Sem função
631405,Aposentado,ASSISTENTE SOCIAL,Sem função
631405,Pensionista,ODONTOLOGO - 30 HORAS - DL 1445-76,Sem função
1409468,Pensionista,ASSISTENTE DE LABORATORIO,Sem função
1810435,Pensionista,AUXILIAR DE ENFERMAGEM,Sem função
2574564,Aposentado,PROFESSOR DO MAGISTERIO SUPERIOR,Sem função
2796102,Ativo,ENFERMEIRO-AREA,Sem função
2075536,Aposentado,ASSISTENTE EM ADMINISTRACAO,Sem função
3603211,Pensionista,PROFESSOR DO MAGISTERIO SUPERIOR,Sem função
251706,Aposentado,PROFESSOR DO MAGISTERIO SUPERIOR,Sem função
764776,Pensionista,PROFESSOR DO MAGISTERIO SUPERIOR,Sem função
994113,Aposentado,PROGRAMADOR VISUAL,Sem função
2448300,Ativo,PROFESSOR DO MAGISTERIO SUPERIOR,Sem função
2994189,Pensionista,VIGILANTE,Sem função
993063,Pensionista,PROFESSOR 3 GRAU,Sem função
2187508,Aposentado,BIBLIOTECARIO-DOCUMENTALISTA,Sem função
2495225,Aposentado,ASSISTENTE EM ADMINISTRACAO,Sem função
3543470,Ativo,TECNICO EM ENFERMAGEM,Sem função
1317536,Ativo,PSICOLOGO-AREA,Sem função
3009750,Pensionista,TECNICO DE LABORATORIO AREA,Sem função
3644152,Pensionista,ATENDENTE DE ENFERMAGEM,Sem função
2211739,Pensionista,PINTOR-AREA,Sem função
485557,Aposentado,ASSISTENTE EM ADMINISTRACAO,Sem função
249497,Ativo,ENFERMEIRO-AREA,Sem função
1599363,Ativo,PROFESSOR DO MAGISTERIO SUPERIOR,Sem função
139153,Aposentado,ASSISTENTE EM ADMINISTRACAO,Sem função
2105985,Aposentado,AUXILIAR DE SAUDE,Sem função
841409,Aposentado,ASSISTENTE EM ADMINISTRACAO,Sem função
890700,Aposentado,PROFESSOR DO MAGISTERIO SUPERIOR,Sem função
890700,Aposentado,ENFERMEIRO-AREA,Sem função
3672864,Ativo,TECNICO DE LABORATORIO AREA,Sem função
2125732,Aposentado,PROFESSOR DO MAGISTERIO SUPERIOR,Sem função
3720297,Ativo,RESIDENCIA MULTIPROFISSIONAL,Sem função
3312239,Pensionista,VIGILANTE,Sem função
2249067,Ativo,PROFESSOR DO MAGISTERIO SUPERIOR,Sem função
3729517,Ativo,PROFESSOR DO MAGISTERIO SUPERIOR,Sem função
2508456,Aposentado,ASSISTENTE EM ADMINISTRACAO,Sem função
302562,Pensionista,PROFESSOR DO MAGISTERIO SUPERIOR,Sem função
40185,Aposentado,TECNICO EM ENFERMAGEM,Sem função
1747577,Aposentado,BIBLIOTECARIO-DOCUMENTALISTA,Sem função
2283644,Ativo,TECNICO EM ASSUNTOS EDUCACIONAIS,Sem função
3175174,Aposentado,AUX EM ADMINISTRACAO,Sem função
1471238,Aposentado,ASSISTENTE EM ADMINISTRACAO,Sem função
2423738,Ativo,PROFESSOR DO MAGISTERIO SUPERIOR,Sem função
2423738,Ativo,Sem informaç,FUC 000.1
1106856,Ativo,PROFESSOR DO MAGISTERIO SUPERIOR,Sem função
1589007,Ativo,PSICOLOGO-AREA,Sem função
2286408,Ativo,PROFESSOR DO MAGISTERIO SUPERIOR,Sem função
1271914,Ativo,PROFESSOR DO MAGISTERIO SUPERIOR,Sem função
1271914,Ativo,Sem informaç,CD 000.4
2261578,Ativo,PROFESSOR DO MAGISTERIO SUPERIOR,Sem função
1076665,Ativo,PROFESSOR DO MAGISTERIO SUPERIOR,Sem função
3902220,Ativo,MEDICO RESIDENTE,Sem função
1166570,Ativo,ASSISTENTE EM ADMINISTRACAO,Sem função
2310129,Ativo,AUX EM ADMINISTRACAO,Sem função
2907498,Ativo,TRADUTOR INTERPRETE DE LINGUAGEM SINAIS,Sem função
2949819,Ativo,MEDICO RESIDENTE,Sem função
3765170,Ativo,MEDICO-AREA,Sem função
239764,Ativo,ASSISTENTE EM ADMINISTRACAO,Sem função
1333894,Ativo,PROFESSOR DO MAGISTERIO SUPERIOR,Sem função
426949,Ativo,MEDICO RESIDENTE,Sem função
3487170,Ativo,TECNICO DE LABORATORIO AREA,Sem função
2050531,Ativo,BIBLIOTECARIO-DOCUMENTALISTA,Sem função
2552449,Ativo,ASSISTENTE EM ADMINISTRACAO,Sem função
2552449,Ativo,Sem informaç,FG 000.1
258268,Ativo,PSICOLOGO-AREA,Sem função
316516,Ativo,PROFESSOR DO MAGISTERIO SUPERIOR,Sem função
2270842,Ativo,PROFESSOR DO MAGISTERIO SUPERIOR,Sem função
3636105,Ativo,PROFESSOR MAGISTERIO SUPERIOR-SUBSTITUTO,Sem função
1048746,Ativo,ASSISTENTE EM ADMINISTRACAO,Sem função
2795207,Ativo,PROFESSOR DO MAGISTERIO SUPERIOR,Sem função
1563275,Ativo,PROFESSOR DO MAGISTERIO SUPERIOR,Sem função
995387,Ativo,MEDICO-AREA,Sem função
2499319,Ativo,PROFESSOR DO MAGISTERIO SUPERIOR,Sem função
415514,Ativo,PROFESSOR MAGISTERIO SUPERIOR-SUBSTITUTO,Sem função
1871986,Ativo,RESIDENCIA MULTIPROFISSIONAL,Sem função
3174201,Aposentado,ATENDENTE DE CONSULTORIO-AREA,Sem função
3907979,Ativo,PROFESSOR DO MAGISTERIO SUPERIOR,Sem função
137266,Ativo,ASSISTENTE EM ADMINISTRACAO,Sem função
1773364,Ativo,AUX EM ADMINISTRACAO,Sem função
634290,Ativo,MEDICO-AREA,Sem função
634290,Ativo,PROFESSOR DO MAGISTERIO SUPERIOR,Sem função
3435513,Ativo,MEDICO RESIDENTE,Sem função
3860643,Ativo,ASSISTENTE EM ADMINISTRACAO,Sem função
2925747,Ativo,PROFESSOR DO MAGISTERIO SUPERIOR,Sem função
2925747,Ativo,Sem informaç,FG 000.1
3637296,Ativo,PROFESSOR DO MAGISTERIO SUPERIOR,Sem função
3637296,Ativo,Sem informaç,FUC 000.1
1400068,Ativo,PROFESSOR DO MAGISTERIO SUPERIOR,Sem função
1400068,Ativo,Sem informaç,FUC 000.1
873164,Ativo,PROFESSOR DO MAGISTERIO SUPERIOR,Sem função
3182701,Ativo,MEDICO RESIDENTE,Sem função
2031164,Ativo,PROFESSOR MAGISTERIO SUPERIOR-SUBSTITUTO,Sem função
2871909,Ativo,PROFESSOR DO MAGISTERIO SUPERIOR,Sem função
3852451,Ativo,ASSISTENTE EM ADMINISTRACAO,Sem função
72099,Ativo,ANALISTA DE TEC DA INFORMACAO,Sem função
2371244,Ativo,TECNICO DE LABORATORIO AREA,Sem função
2862898,Ativo,TEC EM SEGURANCA DO TRABALHO,Sem função
2500131,Ativo,PROFESSOR DO MAGISTERIO SUPERIOR,Sem função
2500131,Ativo,Sem informaç,FUC 000.1
2336049,Ativo,PROFESSOR DO MAGISTERIO SUPERIOR,Sem função
416391,Ativo,PROFESSOR DO MAGISTERIO SUPERIOR,Sem função
2926953,Aposentado,PROFESSOR DO MAGISTERIO SUPERIOR,Sem função
2289039,Aposentado,AUXILIAR DE ENFERMAGEM,Sem função
3733355,Ativo,ENGENHEIRO-AREA,Sem função
1719556,Pensionista,PROFESSOR DO MAGISTERIO SUPERIOR,Sem função
161496,Aposentado,ARQUITETO E URBANISTA,Sem função
3666655,Aposentado,PROFESSOR DO MAGISTERIO SUPERIOR,Sem função
2025547,Aposentado,PROFESSOR DO MAGISTERIO SUPERIOR,Sem função
1406287,Aposentado,VESTIARISTA,Sem função
555592,Aposentado,AUXILIAR DE ENFERMAGEM,Sem função
834926,Aposentado,ASSISTENTE EM ADMINISTRACAO,Sem função
1023014,Pensionista,PROFESSOR DO MAGISTERIO SUPERIOR,Sem função
3122505,Ativo,TECNICO DE LABORATORIO AREA,Sem função
296726,Aposentado,ASSISTENTE EM ADMINISTRACAO,Sem função
2821277,Ativo,MEDICO-AREA,Sem função
2821277,Aposentado,MEDICO-AREA,Sem função
930041,Pensionista,RECEPCIONISTA,Sem função
2082769,Aposentado,PROFESSOR DO MAGISTERIO SUPERIOR,Sem função
365197,Aposentado,ASCENSORISTA,Sem função
1352406,Aposentado,ASSISTENTE EM ADMINISTRACAO,Sem função
2545271,Pensionista,MARCENEIRO,Sem função
193443,Pensionista,PROFESSOR DO MAGISTERIO SUPERIOR,Sem função
874760,Pensionista,VIGILANTE,Sem função
211927,Aposentado,PROFESSOR DO MAGISTERIO SUPERIOR,Sem função
340622,Aposentado,ENFERMEIRO-AREA,Sem função
1751815,Pensionista,TEC EM ELETROELETRONICA,Sem função
889299,Aposentado,ASSISTENTE EM ADMINISTRACAO,Sem função
255197,Ativo,AUXILIAR DE ENFERMAGEM,Sem função
374408,Pensionista,ASSISTENTE EM ADMINISTRACAO,Sem função
991667,Aposentado,PROFESSOR DO MAGISTERIO SUPERIOR,Sem função
172039,Pensionista,AUXILIAR DE LABORATORIO,Sem função
2602081,Aposentado,AUXILIAR DE SAUDE,Sem função
877145,Pensionista,MARCENEIRO,Sem função
3334172,Aposentado,ASSISTENTE EM ADMINISTRACAO,Sem função
3730471,Pensionista,RECEPCIONISTA,Sem função
1157042,Ativo,ASSISTENTE EM ADMINISTRACAO,Sem função
1157042,Ativo,Sem informaç,CD 000.4
3132077,Ativo,TECNICO EM CONTABILIDADE,Sem função
48702,Ativo,PROFESSOR DO MAGISTERIO SUPERIOR,Sem função
2305304,Aposentado,PROFESSOR DO MAGISTERIO SUPERIOR,Sem função
1433276,Ativo,TECNICO EM ENFERMAGEM,Sem função
3125825,Ativo,ASSISTENTE EM ADMINISTRACAO,Sem função
62604,Ativo,MEDICO RESIDENTE,Sem função
761719,Aposentado,PROFESSOR DO MAGISTERIO SUPERIOR,Sem função
1453157,Ativo,PROFESSOR DO MAGISTERIO SUPERIOR,Sem função
2003154,Ativo,ASSISTENTE EM ADMINISTRACAO,Sem função
3856309,Ativo,MEDICO RESIDENTE,Sem função
1156387,Ativo,AUXILIAR DE ENFERMAGEM,Sem função
2189183,Pensionista,TECNICO EM ASSUNTOS EDUCACIONAIS,Sem função
3456340,Ativo,ASSISTENTE EM ADMINISTRACAO,Sem função
1837156,Ativo,ASSISTENTE EM ADMINISTRACAO,Sem função
300804,Ativo,PROFESSOR DO MAGISTERIO SUPERIOR,Sem função
661833,Ativo,ENGENHEIRO-AREA,Sem função
661833,Ativo,PROFESSOR DO MAGISTERIO SUPERIOR,Sem função
2695761,Ativo,MEDICO RESIDENTE,Sem função
498124,Ativo,ASSISTENTE EM ADMINISTRACAO,Sem função
498124,Ativo,Sem informaç,FG 000.3
2499471,Ativo,MEDICO RESIDENTE,Sem função
830551,Pensionista,PROFESSOR DO MAGISTERIO SUPERIOR,Sem função
2898731,Ativo,PROFESSOR DO MAGISTERIO SUPERIOR,Sem função
2997082,Pensionista,AUX EM ADMINISTRACAO,Sem função
611788,Aposentado,TECNICO DE LABORATORIO AREA,Sem função
2448701,Aposentado,ASSISTENTE EM ADMINISTRACAO,Sem função
2253365,Aposentado,AUX EM ADMINISTRACAO,Sem função
1999253,Aposentado,ASSISTENTE EM ADMINISTRACAO,Sem função
3128623,Pensionista,SERVENTE DE LIMPEZA,Sem função
2618713,Aposentado,AUXILIAR DE ENFERMAGEM,Sem função
3409121,Aposentado,ENFERMEIRO-AREA,Sem função
3536809,Ativo,MEDICO RESIDENTE,Sem função
3411366,Ativo,ASSISTENTE EM ADMINISTRACAO,Sem função
458810,Ativo,ENFERMEIRO-AREA,Sem função
2131833,Ativo,PROFESSOR DO MAGISTERIO SUPERIOR,Sem função
2354763,Ativo,PROFESSOR DO MAGISTERIO SUPERIOR,Sem função
184389,Ativo,MEDICO RESIDENTE,Sem função
3564323,Ativo,PROFESSOR DO MAGISTERIO SUPERIOR,Sem função
1135895,Ativo,PROFESSOR DO MAGISTERIO SUPERIOR,Sem função
1135895,Ativo,Sem informaç,FG 000.1
1456424,Ativo,ENGENHEIRO-AREA,Sem função
1456424,Ativo,Sem informaç,FG 000.1
1294715,Ativo,TECNICO DE LABORATORIO AREA,Sem função
2935058,Ativo,MEDICO RESIDENTE,Sem função
2014767,Aposentado,ASSISTENTE SOCIAL,Sem função
3538804,Ativo,PROFESSOR DO MAGISTERIO SUPERIOR,Sem função
1050750,Ativo,SECRETARIO EXECUTIVO,Sem função
3762636,Ativo,MEDICO RESIDENTE,Sem função
723065,Pensionista,RECEPCIONISTA,Sem função
3682391,Pensionista,PROFESSOR ENS BASICO TECN TECNOLOGICO,Sem função
2560005,Pensionista,TECNICO EM MICROFILMAGEM,Sem função
3133054,Pensionista,BOMBEIRO HIDRAULICO,Sem função
2030202,Ativo,MEDICO RESIDENTE,Sem função
126619,Aposentado,AUXILIAR DE ENFERMAGEM,Sem função
263850,Ativo,AUXILIAR DE ENFERMAGEM,Sem função
1548597,Pensionista,RECEPCIONISTA,Sem função
949581,Aposentado,TERAPEUTA OCUPACIONAL,Sem função
3794645,Aposentado,AUXILIAR DE ENFERMAGEM,Sem função
922616,Pensionista,AUXILIAR OPERACIONAL,Sem função
3038353,Pensionista,PROFESSOR DO MAGISTERIO SUPERIOR,Sem função
3645075,Aposentado,ASSISTENTE EM ADMINISTRACAO,Sem função
30142,Aposentado,TECNICO EM ASSUNTOS EDUCACIONAIS,Sem função
31984,Ativo,PROFESSOR DO MAGISTERIO SUPERIOR,Sem função
31984,Ativo,Sem informaç,FUC 000.1
1938365,Aposentado,AUXILIAR OPERACIONAL,Sem função
2125383,Pensionista,AUXILIAR OPERACIONAL,Sem função
947976,Aposentado,SECRETARIO EXECUTIVO,Sem função
2220861,Pensionista,MOTORISTA,Sem função
3031644,Pensionista,RECEPCIONISTA,Sem função
2596976,Pensionista,PROFESSOR DO MAGISTERIO SUPERIOR,Sem função
3088836,Ativo,Sem informaç,CD 000.3
3607194,Pensionista,PORTEIRO,Sem função
126625,Ativo,PROFESSOR DO MAGISTERIO SUPERIOR,Sem função
2888262,Ativo,PROFESSOR DO MAGISTERIO SUPERIOR,Sem função
2644499,Pensionista,PROFESSOR DO MAGISTERIO SUPERIOR,Sem função
1754403,Pensionista,ASSISTENTE EM ADMINISTRACAO,Sem função
1966150,Ativo,AUX EM ADMINISTRACAO,Sem função
1218387,Aposentado,PROFESSOR DO MAGISTERIO SUPERIOR,Sem função
2087684,Ativo,PROFESSOR DO MAGISTERIO SUPERIOR,Sem função
3496956,Aposentado,PROFESSOR DO MAGISTERIO SUPERIOR,Sem função
3486763,Aposentado,PROFESSOR DO MAGISTERIO SUPERIOR,Sem função
3657973,Aposentado,PROFESSOR DO MAGISTERIO SUPERIOR,Sem função
1141576,Ativo,AUXILIAR DE ENFERMAGEM,Sem função
3853900,Ativo,TECNICO EM CONTABILIDADE,Sem função
3157479,Ativo,PROFESSOR DO MAGISTERIO SUPERIOR,Sem função
940099,Aposentado,VIGILANTE,Sem função
1235254,Ativo,VIGILANTE,Sem função
2117639,Aposentado,PROFESSOR 3 GRAU,Sem função
965905,Aposentado,ENFERMEIRO-AREA,Sem função
2285490,Ativo,OPERADOR DE CALDEIRA,Sem função
2915499,Ativo,AUXILIAR DE LABORATORIO,Sem função
1782519,Ativo,AUX EM ADMINISTRACAO,Sem função
1220587,Ativo,PROFESSOR DO MAGISTERIO SUPERIOR,Sem função
465419,Ativo,OPERADOR DE MAQ DE LAVANDERIA,Sem função
465419,Pensionista,AUX EM ADMINISTRACAO,Sem função
2873732,Ativo,PROFESSOR DO MAGISTERIO SUPERIOR,Sem função
1057189,Ativo,ATENDENTE DE CONSULTORIO-AREA,Sem função
1123650,Aposentado,CONTINUO,Sem função
1123650,Pensionista,ATENDENTE DE ENFERMAGEM,Sem função
2305939,Ativo,PROFESSOR DO MAGISTERIO SUPERIOR,Sem função
2305939,Ativo,Sem informaç,FG 000.1
1944968,Ativo,PROFESSOR MAGISTERIO SUPERIOR-SUBSTITUTO,Sem função
1693416,Aposentado,PROFESSOR DO MAGISTERIO SUPERIOR,Sem função
3242612,Ativo,PROFESSOR DO MAGISTERIO SUPERIOR,Sem função
1054696,Ativo,PROFESSOR DO MAGISTERIO SUPERIOR,Sem função
3089886,Aposentado,ASSISTENTE EM ADMINISTRACAO,Sem função
2036733,Pensionista,PROFESSOR 3 GRAU,Sem função
2230403,Ativo,PROFESSOR DO MAGISTERIO SUPERIOR,Sem função
974829,Pensionista,PROFESSOR DO MAGISTERIO SUPERIOR,Sem função
3585777,Pensionista,CONTINUO,Sem função
632258,Aposentado,ASSISTENTE EM ADMINISTRACAO,Sem função
1867706,Aposentado,ASSISTENTE EM ADMINISTRACAO,Sem função
1373644,Aposentado,PROFESSOR DO MAGISTERIO SUPERIOR,Sem função
1373644,Aposentado,PROFESSOR DO MAGISTERIO SUPERIOR,Sem função
2837600,Ativo,TECNICO EM ENFERMAGEM,Sem função
776221,Pensionista,RECEPCIONISTA,Sem função
1282006,Aposentado,ASSISTENTE SOCIAL,Sem função
264184,Pensionista,RECEPCIONISTA,Sem função
3237604,Pensionista,RECEPCIONISTA,Sem função
571419,Aposentado,AUXILIAR DE ENFERMAGEM,Sem função
522648,Aposentado,ASSISTENTE EM ADMINISTRACAO,Sem função
3528494,Pensionista,TECNICO DE LABORATORIO AREA,Sem função
828385,Pensionista,AUXILIAR DE ENFERMAGEM,Sem função
2686383,Aposentado,AUXILIAR DE ENFERMAGEM,Sem função
2194246,Ativo,SECRETARIO EXECUTIVO,Sem função
2330589,Ativo,AUXILIAR DE ENFERMAGEM,Sem função
2712059,Pensionista,PROCURADOR FEDERAL,Sem função
2050350,Pensionista,RECEPCIONISTA,Sem função
1192670,Ativo,ASSISTENTE EM ADMINISTRACAO,Sem função
1935720,Aposentado,AUXILIAR DE SAUDE,Sem função
279390,Aposentado,AUX EM ADMINISTRACAO,Sem função
3317603,Aposentado,AUXILIAR DE ENFERMAGEM,Sem função
1576281,Aposentado,TECNICO EM RADIOLOGIA,Sem função
901402,Aposentado,COPEIRO,Sem função
2148866,Aposentado,AUXILIAR DE ENFERMAGEM,Sem função
1732228,Pensionista,TEC EM ANATOMIA E NECROPSIA,Sem função
468337,Ativo,TEC DE TECNOLOGIA DA INFORMACAO,Sem função
255813,Aposentado,BIOLOGO,Sem função
2263773,Pensionista,ASSISTENTE EM ADMINISTRACAO,Sem função
3266687,Pensionista,MEDICO-AREA,Sem função
1214081,Aposentado,FARMACEUTICO-HABILITACAO,Sem função
1757711,Pensionista,MOTORISTA,Sem função
2779608,Pensionista,ASSISTENTE DE LABORATORIO,Sem função
817545,Pensionista,MESTRE DE EDIF E INFRAESTRUTURA,Sem função
463671,Aposentado,ASSISTENTE EM ADMINISTRACAO,Sem função
3342065,Aposentado,PROFESSOR DO MAGISTERIO SUPERIOR,Sem função
2948864,Aposentado,COPEIRO,Sem função
3320274,Aposentado,AUXILIAR DE LABORATORIO,Sem função
1817097,Aposentado,PROFESSOR 3 GRAU,Sem função
3338635,Aposentado,ENFERMEIRO-AREA,Sem função
3240830,Aposentado,TECNICO DE LABORATORIO AREA,Sem função
2578956,Pensionista,MEDICO-AREA,Sem função
3780265,Aposentado,AUXILIAR DE ENFERMAGEM,Sem função
169106,Aposentado,ASSISTENTE DE ALUNO,Sem função
2592695,Aposentado,AUX EM ADMINISTRACAO,Sem função
435172,Ativo,ARQUIVISTA,Sem função
430340,Aposentado,ASSISTENTE EM ADMINISTRACAO,Sem função
791507,Pensionista,MOTORISTA,Sem função
169938,Aposentado,ASSISTENTE EM ADMINISTRACAO,Sem função
2993802,Pensionista,OPERADOR DE MAQUINA COPIADORA,Sem função
3589003,Pensionista,RECEPCIONISTA,Sem função
1334536,Ativo,FARMACEUTICO-HABILITACAO,Sem função
2445960,Aposentado,TECNICO EM ASSUNTOS EDUCACIONAIS,Sem função
1691018,Aposentado,PROFESSOR DO MAGISTERIO SUPERIOR,Sem função
608625,Ativo,SECRETARIO EXECUTIVO,Sem função
608625,Ativo,Sem informaç,FG 000.1
983136,Pensionista,PROFESSOR DO MAGISTERIO SUPERIOR,Sem função
1385798,Aposentado,MEDICO-AREA,Sem função
628961,Ativo,PROFESSOR ENS BASICO TECN TECNOLOGICO,Sem função
2644378,Ativo,AUX EM ADMINISTRACAO,Sem função
2699913,Aposentado,PROFESSOR DO MAGISTERIO SUPERIOR,Sem função
1219249,Ativo,ANALISTA DE TEC DA INFORMACAO,Sem função
1219249,Ativo,Sem informaç,FG 000.1
706144,Ativo,ASSISTENTE EM ADMINISTRACAO,Sem função
3116254,Ativo,ASSISTENTE EM ADMINISTRACAO,Sem função
2752028,Aposentado,FARMACEUTICO-HABILITACAO,Sem função
3557555,Aposentado,ENFERMEIRO-AREA,Sem função
1009957,Aposentado,ATENDENTE DE ENFERMAGEM,Sem função
173705,Pensionista,PROFESSOR DO MAGISTERIO SUPERIOR,Sem função
156308,Aposentado,PROFESSOR DO MAGISTERIO SUPERIOR,Sem função
1098718,Aposentado,PROFESSOR DO MAGISTERIO SUPERIOR,Sem função
2233687,Aposentado,AUX EM ADMINISTRACAO,Sem função
47268,Ativo,COPEIRO,Sem função
1872778,Aposentado,AUXILIAR DE ENFERMAGEM,Sem função
2170564,Pensionista,PROFESSOR 3 GRAU,Sem função
2402957,Aposentado,PROFESSOR DO MAGISTERIO SUPERIOR,Sem função
52510,Aposentado,MEDICO-AREA,Sem função
935819,Pensionista,RECEPCIONISTA,Sem função
1702242,Aposentado,BIBLIOTECARIO-DOCUMENTALISTA,Sem função
1373098,Ativo,ENGENHEIRO-AREA,Sem função
1373098,Ativo,Sem informaç,FG 000.3
3107672,Ativo,MEDICO-AREA,Sem função
2239456,Aposentado,AUX EM ADMINISTRACAO,Sem função
933237,Pensionista,RECEPCIONISTA,Sem função
2995722,Pensionista,ENGENHEIRO-AREA,Sem função
885775,Aposentado,TECNICO EM ENFERMAGEM,Sem função
2887136,Ativo,AUXILIAR DE ENFERMAGEM,Sem função
2640676,Aposentado,AUXILIAR DE ENFERMAGEM,Sem função
677767,Ativo,PROFESSOR MAGISTERIO SUPERIOR-SUBSTITUTO,Sem função
306880,Aposentado,PROFESSOR DO MAGISTERIO SUPERIOR,Sem função
1820552,Aposentado,ENFERMEIRO-AREA,Sem função
2114944,Pensionista,ASSISTENTE EM ADMINISTRACAO,Sem função
116763,Aposentado,ARQUITETO E URBANISTA,Sem função
1215169,Aposentado,ASSISTENTE EM ADMINISTRACAO,Sem função
136407,Ativo,PROFESSOR ENS BASICO TECN TECNOLOGICO,Sem função
2018549,Pensionista,CONTINUO,Sem função
89107,Ativo,PROFESSOR DO MAGISTERIO SUPERIOR,Sem função
3292886,Pensionista,RECEPCIONISTA,Sem função
63810,Ativo,INSTRUMENTADOR CIRURGICO,Sem função
1254202,Ativo,ASSISTENTE EM ADMINISTRACAO,Sem função
3221592,Pensionista,RECEPCIONISTA,Sem função
2490031,Aposentado,ASSISTENTE EM ADMINISTRACAO,Sem função
1104618,Ativo,PROFESSOR DO MAGISTERIO SUPERIOR,Sem função
1814828,Aposentado,ASSISTENTE EM ADMINISTRACAO,Sem função
2558900,Pensionista,VIGILANTE,Sem função
2208032,Pensionista,MOTORISTA,Sem função
1889897,Ativo,PROFESSOR DO MAGISTERIO SUPERIOR,Sem função
872298,Aposentado,ARQUIVISTA,Sem função
364784,Ativo,PROFESSOR MAGISTERIO SUPERIOR-SUBSTITUTO,Sem função
1270003,Ativo,SECRETARIO EXECUTIVO,Sem função
1523081,Aposentado,PROFESSOR DO MAGISTERIO SUPERIOR,Sem função
154947,Pensionista,PROFESSOR 3 GRAU,Sem função
2955260,Pensionista,RECEPCIONISTA,Sem função
2866270,Ativo,ENFERMEIRO-AREA,Sem função
2113871,Ativo,ENFERMEIRO-AREA,Sem função
2125742,Aposentado,PROFESSOR DO MAGISTERIO SUPERIOR,Sem função
2125742,Pensionista,PROFESSOR DO MAGISTERIO SUPERIOR,Sem função
2657054,Pensionista,PROFESSOR 3 GRAU,Sem função
3651322,Aposentado,PROFESSOR DO MAGISTERIO SUPERIOR,Sem função
681475,Aposentado,PROFESSOR DO MAGISTERIO SUPERIOR,Sem função
2765005,Pensionista,ASSISTENTE DE DIRECAO E PRODUCAO,Sem função
41011,Ativo,PROFESSOR DO MAGISTERIO SUPERIOR,Sem função
3450630,Aposentado,PROFESSOR DO MAGISTERIO SUPERIOR,Sem função
1296110,Ativo,PROFESSOR MAGISTERIO SUPERIOR-SUBSTITUTO,Sem função
3677132,Pensionista,PROFESSOR DO MAGISTERIO SUPERIOR,Sem função
2857778,Pensionista,PROFESSOR DO MAGISTERIO SUPERIOR,Sem função
669839,Aposentado,ASSISTENTE EM ADMINISTRACAO,Sem função
3155170,Aposentado,AUX EM ADMINISTRACAO,Sem função
1271946,Ativo,BIBLIOTECARIO-DOCUMENTALISTA,Sem função
3158882,Ativo,ASSISTENTE EM ADMINISTRACAO,Sem função
3578545,Aposentado,PROFESSOR DO MAGISTERIO SUPERIOR,Sem função
1132849,Aposentado,MEDICO-AREA,Sem função
97295,Ativo,PROFESSOR DO MAGISTERIO SUPERIOR,Sem função
1129108,Ativo,MEDICO RESIDENTE,Sem função
3115903,Ativo,PROFESSOR DO MAGISTERIO SUPERIOR,Sem função
3861952,Ativo,ASSISTENTE EM ADMINISTRACAO,Sem função
3856962,Ativo,PROFESSOR MAGISTERIO SUPERIOR-SUBSTITUTO,Sem função
2112914,Ativo,PROFESSOR MAGISTERIO SUPERIOR-SUBSTITUTO,Sem função
1863446,Ativo,RESIDENCIA MULTIPROFISSIONAL,Sem função
3853247,Ativo,TECNICO EM CONTABILIDADE,Sem função
2523417,Ativo,PROFESSOR DO MAGISTERIO SUPERIOR,Sem função
3858253,Ativo,MEDICO RESIDENTE,Sem função
108801,Ativo,PROFESSOR MAGISTERIO SUPERIOR-SUBSTITUTO,Sem função
3857855,Ativo,MEDICO RESIDENTE,Sem função
1542108,Ativo,MEDICO RESIDENTE,Sem função
3854785,Ativo,MEDICO RESIDENTE,Sem função
2968832,Ativo,PROFESSOR MAGISTERIO SUPERIOR-SUBSTITUTO,Sem função
2390006,Ativo,ASSISTENTE EM ADMINISTRACAO,Sem função
3526508,Ativo,FARMACEUTICO-HABILITACAO,Sem função
3367421,Ativo,PROFESSOR DO MAGISTERIO SUPERIOR,Sem função
3367421,Ativo,Sem informaç,FUC 000.1
3224442,Aposentado,PROFESSOR DO MAGISTERIO SUPERIOR,Sem função
1408108,Ativo,ASSISTENTE EM ADMINISTRACAO,Sem função
1408108,Ativo,Sem informaç,FG 000.1
1151763,Aposentado,TECNICO EM ASSUNTOS EDUCACIONAIS,Sem função
226756,Ativo,ASSISTENTE EM ADMINISTRACAO,Sem função
1269774,Aposentado,VIGILANTE,Sem função
2174365,Aposentado,AUX EM ADMINISTRACAO,Sem função
771279,Aposentado,COPEIRO,Sem função
1377944,Aposentado,TECNICO DE LABORATORIO AREA,Sem função
2846193,Ativo,PROFESSOR DO MAGISTERIO SUPERIOR,Sem função
2846193,Ativo,Sem informaç,FUC 000.1
1227194,Ativo,PROFESSOR DO MAGISTERIO SUPERIOR,Sem função
3287122,Ativo,AUXILIAR DE ENFERMAGEM,Sem função
357080,Aposentado,PROFESSOR DO MAGISTERIO SUPERIOR,Sem função
1332014,Aposentado,PROFESSOR DO MAGISTERIO SUPERIOR,Sem função
1255745,Ativo,AUXILIAR DE FARMACIA,Sem função
2334173,Ativo,AUX EM ADMINISTRACAO,Sem função
1040703,Ativo,PROFESSOR DO MAGISTERIO SUPERIOR,Sem função
788508,Ativo,TEC DE TECNOLOGIA DA INFORMACAO,Sem função
3714671,Ativo,ENGENHEIRO-AREA,Sem função
1117916,Aposentado,PROFESSOR DO MAGISTERIO SUPERIOR,Sem função
1700656,Aposentado,ASSISTENTE DE LABORATORIO,Sem função
316663,Ativo,PROFESSOR DO MAGISTERIO SUPERIOR,Sem função
1812747,Ativo,TECNICO DE LABORATORIO AREA,Sem função
46745,Aposentado,VIGILANTE,Sem função
3005813,Ativo,TECNICO DE LABORATORIO AREA,Sem função
580672,Aposentado,PROFESSOR DO MAGISTERIO SUPERIOR,Sem função
2256691,Aposentado,ASSISTENTE EM ADMINISTRACAO,Sem função
351480,Aposentado,AUXILIAR DE ENFERMAGEM,Sem função
351480,Pensionista,MARCENEIRO,Sem função
14249,Ativo,PROFESSOR DO MAGISTERIO SUPERIOR,Sem função
1171540,Aposentado,PROFESSOR DO MAGISTERIO SUPERIOR,Sem função
350666,Aposentado,AUXILIAR DE ENFERMAGEM,Sem função
3562896,Ativo,PROFESSOR DO MAGISTERIO SUPERIOR,Sem função
24303,Ativo,PROFESSOR DO MAGISTERIO SUPERIOR,Sem função
2290932,Ativo,MEDICO-AREA,Sem função
489693,Ativo,ASSISTENTE EM ADMINISTRACAO,Sem função
326165,Aposentado,PROFESSOR DO MAGISTERIO SUPERIOR,Sem função
217650,Ativo,ECONOMISTA,Sem função
3745471,Ativo,ADMINISTRADOR,Sem função
3745471,Ativo,Sem informaç,FG 000.1
604866,Ativo,PROFESSOR DO MAGISTERIO SUPERIOR,Sem função
1388878,Ativo,TEC DE TECNOLOGIA DA INFORMACAO,Sem função
1702019,Ativo,PROFESSOR DO MAGISTERIO SUPERIOR,Sem função
2521458,Ativo,PROFESSOR DO MAGISTERIO SUPERIOR,Sem função
3790351,Ativo,TECNOLOGO-FORMACAO,Sem função
3790351,Ativo,Sem informaç,FG 000.3
74457,Ativo,ENGENHEIRO-AREA,Sem função
2109865,Ativo,PROFESSOR MAGISTERIO SUPERIOR-SUBSTITUTO,Sem função
3181013,Ativo,ASSISTENTE EM ADMINISTRACAO,Sem função
2719425,Ativo,ASSISTENTE EM ADMINISTRACAO,Sem função
1477007,Ativo,MEDICO RESIDENTE,Sem função
48979,Ativo,ASSISTENTE EM ADMINISTRACAO,Sem função
726078,Ativo,TECNICO EM CONTABILIDADE,Sem função
625448,Ativo,PROFESSOR DO MAGISTERIO SUPERIOR,Sem função
3302420,Ativo,TECNICO EM ENFERMAGEM,Sem função
44584,Ativo,ASSISTENTE EM ADMINISTRACAO,Sem função
1879969,Ativo,RESIDENCIA MULTIPROF. SAUDE DA FAMILIA,Sem função
3198198,Ativo,TECNICO DE LABORATORIO AREA,Sem função
240796,Ativo,TEC EM SEGURANCA DO TRABALHO,Sem função
3695664,Ativo,PROFESSOR DO MAGISTERIO SUPERIOR,Sem função
3695664,Ativo,Sem informaç,FUC 000.1
354699,Ativo,ENFERMEIRO-AREA,Sem função
3532890,Aposentado,TECNICO DE LABORATORIO AREA,Sem função
2234089,Ativo,AUX EM ADMINISTRACAO,Sem função
2111772,Ativo,ENFERMEIRO-AREA,Sem função
2070099,Ativo,TECNICO DE LABORATORIO AREA,Sem função
3039457,Ativo,PROFESSOR DO MAGISTERIO SUPERIOR,Sem função
2221545,Aposentado,VIGILANTE,Sem função
3278424,Ativo,AUXILIAR DE ENFERMAGEM,Sem função
1625510,Aposentado,MEDICO-AREA,Sem função
3482878,Aposentado,PROFESSOR DO MAGISTERIO SUPERIOR,Sem função
1114360,Aposentado,BIBLIOTECARIO-DOCUMENTALISTA,Sem função
1489674,Ativo,ASSISTENTE EM ADMINISTRACAO,Sem função
2377109,Ativo,PROFESSOR DO MAGISTERIO SUPERIOR,Sem função
3138161,Ativo,PROFESSOR DO MAGISTERIO SUPERIOR,Sem função
401090,Aposentado,ASSISTENTE EM ADMINISTRACAO,Sem função
1053732,Aposentado,AUX EM ADMINISTRACAO,Sem função
708284,Aposentado,FARMACEUTICO-HABILITACAO,Sem função
2877539,Ativo,PROFESSOR MAGISTERIO SUPERIOR-SUBSTITUTO,Sem função
3848787,Pensionista,SECRETARIO EXECUTIVO,Sem função
2441402,Ativo,AUXILIAR DE ENFERMAGEM,Sem função
1353666,Aposentado,PROFESSOR DO MAGISTERIO SUPERIOR,Sem função
2438376,Ativo,PROFESSOR MAGISTERIO SUPERIOR-SUBSTITUTO,Sem função
96802,Ativo,PROFESSOR DO MAGISTERIO SUPERIOR,Sem função
976216,Ativo,AUXILIAR DE ENFERMAGEM,Sem função
48211,Ativo,VIGILANTE,Sem função
1783075,Aposentado,PROFESSOR DO MAGISTERIO SUPERIOR,Sem função
669013,Ativo,RESIDENCIA MULTIPROF. SAUDE DA FAMILIA,Sem função
2823787,Ativo,MEDICO-AREA,Sem função
3141078,Ativo,PROFESSOR DO MAGISTERIO SUPERIOR,Sem função
1808004,Ativo,ASSISTENTE EM ADMINISTRACAO,Sem função
3535410,Ativo,TECNICO DE LABORATORIO AREA,Sem função
27119,Aposentado,PROFESSOR DO MAGISTERIO SUPERIOR,Sem função
152932,Ativo,PROFESSOR DO MAGISTERIO SUPERIOR,Sem função
1882031,Ativo,ASSISTENTE EM ADMINISTRACAO,Sem função
2294331,Ativo,ASSISTENTE EM ADMINISTRACAO,Sem função
3682902,Ativo,PROFESSOR DO MAGISTERIO SUPERIOR,Sem função
1639622,Ativo,MEDICO-AREA,Sem função
1639622,Ativo,Sem informaç,GF 002.7
414623,Ativo,ASSISTENTE SOCIAL,Sem função
978710,Ativo,FISIOTERAPEUTA,Sem função
2340086,Ativo,PROFESSOR DO MAGISTERIO SUPERIOR,Sem função
2184509,Pensionista,RECEPCIONISTA,Sem função
1523566,Ativo,RESIDENCIA MULTIPROFISSIONAL,Sem função
892042,Ativo,SECRETARIO EXECUTIVO,Sem função
5130,Ativo,ASSISTENTE EM ADMINISTRACAO,Sem função
2344342,Ativo,PROFESSOR DO MAGISTERIO SUPERIOR,Sem função
323538,Ativo,PROFESSOR DO MAGISTERIO SUPERIOR,Sem função
323538,Ativo,Sem informaç,FG 000.1
3859809,Ativo,PROFESSOR MAGISTERIO SUPERIOR-SUBSTITUTO,Sem função
2231176,Ativo,PROFESSOR DO MAGISTERIO SUPERIOR,Sem função
94951,Ativo,PROFESSOR DO MAGISTERIO SUPERIOR,Sem função
2010899,Pensionista,PROFESSOR DO MAGISTERIO SUPERIOR,Sem função
1810056,Ativo,ENFERMEIRO-AREA,Sem função
2117128,Ativo,TECNICO DE LABORATORIO AREA,Sem função
2117128,Ativo,Sem informaç,FG 000.1
3742183,Ativo,ENFERMEIRO-AREA,Sem função
132369,Ativo,PROFESSOR DO MAGISTERIO SUPERIOR,Sem função
255326,Ativo,TECNICO EM ENFERMAGEM,Sem função
3281972,Ativo,TECNICO EM CONTABILIDADE,Sem função
2965357,Ativo,PROFESSOR DO MAGISTERIO SUPERIOR,Sem função
3754205,Ativo,PROFESSOR DO MAGISTERIO SUPERIOR,Sem função
3248912,Ativo,ASSISTENTE EM ADMINISTRACAO,Sem função
2165969,Pensionista,AUXILIAR DE ENFERMAGEM,Sem função
196803,Aposentado,RECEPCIONISTA,Sem função
785236,Aposentado,PROFESSOR DO MAGISTERIO SUPERIOR,Sem função
1181838,Ativo,PROFESSOR DO MAGISTERIO SUPERIOR,Sem função
160014,Aposentado,JORNALISTA,Sem função
1799518,Pensionista,ASSISTENTE EM ADMINISTRACAO,Sem função
2125964,Aposentado,PROFESSOR DO MAGISTERIO SUPERIOR,Sem função
855461,Ativo,PROFESSOR DO MAGISTERIO SUPERIOR,Sem função
855461,Ativo,Sem informaç,FUC 000.1
728659,Ativo,PROFESSOR DO MAGISTERIO SUPERIOR,Sem função
2193868,Pensionista,PROFESSOR 3 GRAU,Sem função
1594835,Aposentado,ENGENHEIRO-AREA,Sem função
1837429,Aposentado,PROFESSOR DO MAGISTERIO SUPERIOR,Sem função
1609072,Ativo,MEDICO RESIDENTE,Sem função
3854964,Ativo,MEDICO RESIDENTE,Sem função
487616,Ativo,TECNICO EM ENFERMAGEM,Sem função
211918,Ativo,PROFESSOR DO MAGISTERIO SUPERIOR,Sem função
227892,Ativo,ASSISTENTE EM ADMINISTRACAO,Sem função
227892,Ativo,Sem informaç,CD 000.4
1908730,Ativo,NUTRICIONISTA-HABILITACAO,Sem função
3009522,Ativo,MEDICO RESIDENTE,Sem função
129207,Ativo,AUX EM ADMINISTRACAO,Sem função
1168598,Ativo,ENFERMEIRO-AREA,Sem função
3456405,Ativo,ASSISTENTE EM ADMINISTRACAO,Sem função
760903,Ativo,ASSISTENTE EM ADMINISTRACAO,Sem função
3236961,Ativo,ENFERMEIRO-AREA,Sem função
1529423,Ativo,PROFESSOR MAGISTERIO SUPERIOR-SUBSTITUTO,Sem função
580542,Aposentado,TEC DE TECNOLOGIA DA INFORMACAO,Sem função
1550148,Ativo,PROFESSOR DO MAGISTERIO SUPERIOR,Sem função
1692756,Pensionista,AUXILIAR DE SAUDE,Sem função
1926974,Ativo,PROFESSOR DO MAGISTERIO SUPERIOR,Sem função
751532,Pensionista,AUXILIAR DE ENFERMAGEM,Sem função
2147471,Pensionista,TECNICO DE LABORATORIO AREA,Sem função
1142187,Ativo,PROFESSOR DO MAGISTERIO SUPERIOR,Sem função
808377,Aposentado,PROFESSOR DO MAGISTERIO SUPERIOR,Sem função
1557986,Ativo,ASSISTENTE EM ADMINISTRACAO,Sem função
1557986,Ativo,Sem informaç,FG 000.3
1833627,Aposentado,AUXILIAR DE SAUDE,Sem função
849943,Ativo,AUXILIAR DE ENFERMAGEM,Sem função
3449873,Ativo,ASSISTENTE EM ADMINISTRACAO,Sem função
3449873,Ativo,Inválido,Sem função
456194,Ativo,PROFESSOR DO MAGISTERIO SUPERIOR,Sem função
468561,Ativo,PROFESSOR DO MAGISTERIO SUPERIOR,Sem função
3242212,Ativo,TRADUTOR INTERPRETE,Sem função
483147,Ativo,PROFESSOR DO MAGISTERIO SUPERIOR,Sem função
3543397,Ativo,PROFESSOR DO MAGISTERIO SUPERIOR,Sem função
1481864,Ativo,ENFERMEIRO-AREA,Sem função
3742627,Ativo,PROFESSOR DO MAGISTERIO SUPERIOR,Sem função
1567613,Ativo,ASSISTENTE EM ADMINISTRACAO,Sem função
2435232,Ativo,PROFESSOR MAGISTERIO SUPERIOR-SUBSTITUTO,Sem função
3853030,Ativo,PROFESSOR MAGISTERIO SUPERIOR-SUBSTITUTO,Sem função
3724349,Ativo,ADMINISTRADOR,Sem função
3724349,Ativo,Sem informaç,FG 000.1
975912,Ativo,ASSISTENTE EM ADMINISTRACAO,Sem função
1146490,Ativo,AUXILIAR DE ENFERMAGEM,Sem função
740380,Aposentado,AUX EM ADMINISTRACAO,Sem função
891386,Pensionista,PROFESSOR 3 GRAU,Sem função
2152877,Pensionista,PROFESSOR DO MAGISTERIO SUPERIOR,Sem função
3166604,Aposentado,PROFESSOR DO MAGISTERIO SUPERIOR,Sem função
2050727,Aposentado,PROFESSOR DO MAGISTERIO SUPERIOR,Sem função
1510359,Aposentado,TECNICO EM ASSUNTOS EDUCACIONAIS,Sem função
2694077,Aposentado,ASSISTENTE EM ADMINISTRACAO,Sem função
824647,Aposentado,ASSISTENTE EM ADMINISTRACAO,Sem função
3197121,Aposentado,AUX EM ADMINISTRACAO,Sem função
2808685,Aposentado,AUXILIAR DE ENFERMAGEM,Sem função
3032844,Aposentado,FISIOTERAPEUTA,Sem função
1788878,Pensionista,TECNICO EM MECANICA,Sem função
1631577,Pensionista,ENFERMEIRO-AREA,Sem função
980372,Pensionista,MOTORISTA,Sem função
2706470,Aposentado,AUXILIAR DE ENFERMAGEM,Sem função
88901,Aposentado,FISIOTERAPEUTA,Sem função
1458579,Ativo,AUXILIAR DE ENFERMAGEM,Sem função
701853,Aposentado,AUXILIAR DE ENFERMAGEM,Sem função
1332281,Aposentado,PROFESSOR DO MAGISTERIO SUPERIOR,Sem função
1104493,Ativo,TECNICO DE LABORATORIO AREA,Sem função
2630528,Aposentado,PROFESSOR DO MAGISTERIO SUPERIOR,Sem função
1032438,Aposentado,BIBLIOTECARIO-DOCUMENTALISTA,Sem função
834503,Pensionista,PROFESSOR DO MAGISTERIO SUPERIOR,Sem função
822426,Aposentado,ASSISTENTE SOCIAL,Sem função
877837,Pensionista,PROFESSOR DO MAGISTERIO SUPERIOR,Sem função
1188750,Aposentado,TECNICO EM RADIOLOGIA,Sem função
743626,Aposentado,AUXILIAR DE ENFERMAGEM,Sem função
2456071,Aposentado,ASSISTENTE EM ADMINISTRACAO,Sem função
21189,Ativo,ASSISTENTE EM ADMINISTRACAO,Sem função
21189,Ativo,Sem informaç,FG 000.3
947539,Aposentado,ASSISTENTE EM ADMINISTRACAO,Sem função
3798363,Pensionista,ASSISTENTE EM ADMINISTRACAO,Sem função
2797276,Pensionista,PROFESSOR DO MAGISTERIO SUPERIOR,Sem função
3531229,Aposentado,PROFESSOR DO MAGISTERIO SUPERIOR,Sem função
115498,Aposentado,PROFESSOR DO MAGISTERIO SUPERIOR,Sem função
3089024,Ativo,ASSISTENTE EM ADMINISTRACAO,Sem função
1353495,Pensionista,MEDICO-AREA,Sem função
77215,Ativo,ASSISTENTE EM ADMINISTRACAO,Sem função
1485589,Ativo,ASSISTENTE DE LABORATORIO,Sem função
117948,Aposentado,ASSISTENTE EM ADMINISTRACAO,Sem função
1114842,Aposentado,FARMACEUTICO-HABILITACAO,Sem função
1355178,Ativo,PROFESSOR DO MAGISTERIO SUPERIOR,Sem função
807401,Aposentado,MOTORISTA,Sem função
1247625,Ativo,VIGILANTE,Sem função
23579,Ativo,ELETRICISTA,Sem função
2411426,Ativo,AUX EM ADMINISTRACAO,Sem função
3047597,Ativo,PROFESSOR ENS BASICO TECN TECNOLOGICO,Sem função
3318273,Ativo,PROFESSOR DO MAGISTERIO SUPERIOR,Sem função
3318273,Ativo,Sem informaç,CD 000.2
257522,Ativo,PROFESSOR DO MAGISTERIO SUPERIOR,Sem função
257522,Ativo,Sem informaç,FUC 000.1
3299579,Ativo,PROFESSOR MAGISTERIO SUPERIOR-SUBSTITUTO,Sem função
697391,Aposentado,ASSISTENTE EM ADMINISTRACAO,Sem função
2266706,Ativo,PROFESSOR DO MAGISTERIO SUPERIOR,Sem função
3637116,Aposentado,PROFESSOR 3 GRAU,Sem função
2315,Ativo,TECNICO EM CONTABILIDADE,Sem função
2706247,Ativo,VIGILANTE,Sem função
3391490,Ativo,NUTRICIONISTA-HABILITACAO,Sem função
3068087,Ativo,AUX EM ADMINISTRACAO,Sem função
1215303,Ativo,TEC DE TECNOLOGIA DA INFORMACAO,Sem função
3291241,Ativo,AUXILIAR DE ANATOMIA E NECROPSIA,Sem função
1393886,Ativo,VIGILANTE,Sem função
2774259,Ativo,RESIDENCIA MULTIPROFISSIONAL,Sem função
1171360,Ativo,PROFESSOR DO MAGISTERIO SUPERIOR,Sem função
846592,Aposentado,TECNICO EM REFRIGERACAO,Sem função
1097018,Ativo,SECRETARIO EXECUTIVO,Sem função
1448918,Ativo,ASSISTENTE EM ADMINISTRACAO,Sem função
1448918,Ativo,Sem informaç,FG 000.3
2936355,Ativo,PROFESSOR DO MAGISTERIO SUPERIOR,Sem função
965793,Ativo,AUXILIAR DE ENFERMAGEM,Sem função
3308189,Ativo,BIBLIOTECARIO-DOCUMENTALISTA,Sem função
494568,Ativo,PROFESSOR DO MAGISTERIO SUPERIOR,Sem função
398132,Ativo,MEDICO-AREA,Sem função
3773148,Ativo,AUXILIAR DE ENFERMAGEM,Sem função
1336644,Ativo,PROFESSOR DO MAGISTERIO SUPERIOR,Sem função
1336644,Ativo,Sem informaç,FEX 011.3
2242255,Ativo,PROFESSOR DO MAGISTERIO SUPERIOR,Sem função
2345635,Ativo,PROFESSOR DO MAGISTERIO SUPERIOR,Sem função
2345635,Ativo,Inválido,Sem função
3358538,Ativo,AUXILIAR DE ENFERMAGEM,Sem função
3768759,Ativo,PROFESSOR DO MAGISTERIO SUPERIOR,Sem função
2491551,Ativo,BIOLOGO,Sem função
970974,Pensionista,TEC EM ANATOMIA E NECROPSIA,Sem função
3251572,Aposentado,AUXILIAR DE ENFERMAGEM,Sem função
3160448,Aposentado,AUX EM ADMINISTRACAO,Sem função
788286,Pensionista,MOTORISTA,Sem função
325978,Aposentado,PROFESSOR DO MAGISTERIO SUPERIOR,Sem função
47307,Ativo,VESTIARISTA,Sem função
1452247,Ativo,ASSISTENTE EM ADMINISTRACAO,Sem função
3414357,Ativo,ASSISTENTE EM ADMINISTRACAO,Sem função
229900,Ativo,PROFESSOR DO MAGISTERIO SUPERIOR,Sem função
229900,Ativo,Sem informaç,FG 000.1
2804665,Ativo,BIBLIOTECARIO-DOCUMENTALISTA,Sem função
2881807,Ativo,CONTADOR,Sem função
2881807,Ativo,Sem informaç,FG 000.2
645215,Ativo,PROFESSOR MAGISTERIO SUPERIOR-SUBSTITUTO,Sem função
1639617,Ativo,AUXILIAR DE ENFERMAGEM,Sem função
1574110,Ativo,TRADUTOR INTERPRETE DE LINGUAGEM SINAIS,Sem função
1083469,Pensionista,EDITOR DE IMAGENS,Sem função
2104115,Aposentado,VIGILANTE,Sem função
1873537,Ativo,ASSISTENTE EM ADMINISTRACAO,Sem função
1873537,Ativo,Sem informaç,FG 000.1
1689055,Ativo,ASSISTENTE EM ADMINISTRACAO,Sem função
1408527,Aposentado,PROFESSOR DO MAGISTERIO SUPERIOR,Sem função
270481,Aposentado,PROFESSOR DO MAGISTERIO SUPERIOR,Sem função
2747471,Aposentado,PROFESSOR DO MAGISTERIO SUPERIOR,Sem função
1965962,Aposentado,ANALISTA DE TEC DA INFORMACAO,Sem função
2180625,Pensionista,PROFESSOR DO MAGISTERIO SUPERIOR,Sem função
264869,Aposentado,PROFESSOR DO MAGISTERIO SUPERIOR,Sem função
9617,Ativo,ASSISTENTE EM ADMINISTRACAO,Sem função
9617,Ativo,Sem informaç,FG 000.3
1862043,Ativo,PROFESSOR DO MAGISTERIO SUPERIOR,Sem função
3122152,Aposentado,PROFESSOR DO MAGISTERIO SUPERIOR,Sem função
1942427,Pensionista,PROFESSOR DO MAGISTERIO SUPERIOR,Sem função
265917,Ativo,PROFESSOR DO MAGISTERIO SUPERIOR,Sem função
265917,Ativo,Sem informaç,CD 000.3
604136,Ativo,MEDICO-AREA,Sem função
604136,Ativo,Sem informaç,GF 002.7
3590427,Aposentado,AUX EM ADMINISTRACAO,Sem função
1451545,Aposentado,PROFESSOR DO MAGISTERIO SUPERIOR,Sem função
371164,Ativo,PROFESSOR DO MAGISTERIO SUPERIOR,Sem função
143288,Aposentado,TECNICO EM ELETROTECNICA,Sem função
763872,Ativo,MEDICO RESIDENTE,Sem função
3474569,Ativo,ADMINISTRADOR,Sem função
1670106,Pensionista,PROFESSOR DO MAGISTERIO SUPERIOR,Sem função
1677512,Aposentado,ASSISTENTE EM ADMINISTRACAO,Sem função
2593975,Aposentado,PROFESSOR DO MAGISTERIO SUPERIOR,Sem função
2592139,Aposentado,BIBLIOTECARIO-DOCUMENTALISTA,Sem função
367502,Pensionista,PROFESSOR DO MAGISTERIO SUPERIOR,Sem função
2568527,Aposentado,PSICOLOGO-AREA,Sem função
1724342,Pensionista,PROFESSOR DO MAGISTERIO SUPERIOR,Sem função
2065381,Aposentado,PROFESSOR DO MAGISTERIO SUPERIOR,Sem função
655877,Aposentado,ASSISTENTE EM ADMINISTRACAO,Sem função
477231,Ativo,PROFESSOR DO MAGISTERIO SUPERIOR,Sem função
1757143,Aposentado,PSICOLOGO-AREA,Sem função
154702,Pensionista,FARMACEUTICO-HABILITACAO,Sem função
251070,Aposentado,PROFESSOR DO MAGISTERIO SUPERIOR,Sem função
2892531,Ativo,AUXILIAR DE ENFERMAGEM,Sem função
2406540,Ativo,AUX EM ADMINISTRACAO,Sem função
590056,Ativo,PROFESSOR DO MAGISTERIO SUPERIOR,Sem função
3339688,Ativo,TECNICO DE LABORATORIO AREA,Sem função
1433494,Aposentado,PROFESSOR DO MAGISTERIO SUPERIOR,Sem função
968572,Ativo,PROFESSOR DO MAGISTERIO SUPERIOR,Sem função
3621424,Pensionista,PROFESSOR DO MAGISTERIO SUPERIOR,Sem função
2533676,Aposentado,BIBLIOTECARIO-DOCUMENTALISTA,Sem função
3610448,Aposentado,PRODUTOR CULTURAL,Sem função
443125,Ativo,PROFESSOR DO MAGISTERIO SUPERIOR,Sem função
1828818,Ativo,TECNICO DE LABORATORIO AREA,Sem função
658169,Ativo,PROFESSOR MAGISTERIO SUPERIOR-SUBSTITUTO,Sem função
940042,Aposentado,ASSISTENTE EM ADMINISTRACAO,Sem função
940042,Pensionista,AUX EM ADMINISTRACAO,Sem função
239929,Ativo,PSICOLOGO-AREA,Sem função
492257,Ativo,ENFERMEIRO-AREA,Sem função
751627,Aposentado,AUXILIAR DE ENFERMAGEM,Sem função
862031,Aposentado,ARQUIVISTA,Sem função
266289,Ativo,TEC EM ANATOMIA E NECROPSIA,Sem função
714796,Ativo,TECNICO EM RADIOLOGIA,Sem função
2270865,Ativo,PROFESSOR DO MAGISTERIO SUPERIOR,Sem função
2270865,Ativo,Sem informaç,FG 000.1
1451765,Ativo,ENFERMEIRO-AREA,Sem função
3143349,Pensionista,PROFESSOR DO MAGISTERIO SUPERIOR,Sem função
914421,Aposentado,AUX EM ADMINISTRACAO,Sem função
93856,Ativo,PROFESSOR DO MAGISTERIO SUPERIOR,Sem função
816170,Aposentado,PROFESSOR DO MAGISTERIO SUPERIOR,Sem função
3231593,Ativo,PORTEIRO,Sem função
2928194,Aposentado,PEDAGOGO-AREA,Sem função
2620648,Aposentado,PROFESSOR DO MAGISTERIO SUPERIOR,Sem função
956963,Aposentado,PROFESSOR DO MAGISTERIO SUPERIOR,Sem função
3557688,Pensionista,ENGENHEIRO-AREA,Sem função
860809,Aposentado,AUXILIAR DE SAUDE,Sem função
384032,Ativo,TEC DE TECNOLOGIA DA INFORMACAO,Sem função
384032,Ativo,Sem informaç,FG 000.1
315658,Ativo,MEDICO-AREA,Sem função
3099794,Ativo,ASSISTENTE EM ADMINISTRACAO,Sem função
1794512,Pensionista,COPEIRO,Sem função
1794512,Pensionista,RECEPCIONISTA,Sem função
1859003,Aposentado,ASSISTENTE EM ADMINISTRACAO,Sem função
2505132,Pensionista,RECEPCIONISTA,Sem função
2545977,Pensionista,PROFESSOR DO MAGISTERIO SUPERIOR,Sem função
3682387,Ativo,ASSISTENTE EM ADMINISTRACAO,Sem função
1458075,Ativo,AUXILIAR DE ENFERMAGEM,Sem função
1458075,Ativo,Sem informaç,FG 000.3
849831,Aposentado,BIBLIOTECARIO-DOCUMENTALISTA,Sem função
1578949,Aposentado,SECRETARIO EXECUTIVO,Sem função
1317931,Aposentado,ENFERMEIRO-AREA,Sem função
1688956,Aposentado,COPEIRO,Sem função
1325831,Ativo,AUXILIAR DE ENFERMAGEM,Sem função
1183251,Aposentado,COPEIRO,Sem função
2899489,Aposentado,AUXILIAR DE ENFERMAGEM,Sem função
3263556,Pensionista,CONTRAMESTRE-OFICIO,Sem função
2318054,Aposentado,PROFESSOR DO MAGISTERIO SUPERIOR,Sem função
2524247,Aposentado,AUXILIAR DE NUTRICAO E DIETETICA,Sem função
1517974,Ativo,ASSISTENTE EM ADMINISTRACAO,Sem função
925828,Pensionista,PROFESSOR DO MAGISTERIO SUPERIOR,Sem função
3753177,Pensionista,PROFESSOR DO MAGISTERIO SUPERIOR,Sem função
1917752,Ativo,ASSISTENTE EM ADMINISTRACAO,Sem função
1365519,Aposentado,ARQUITETO E URBANISTA,Sem função
2808226,Ativo,PROFESSOR DO MAGISTERIO SUPERIOR,Sem função
401490,Aposentado,AUX EM ADMINISTRACAO,Sem função
552158,Ativo,PROFESSOR DO MAGISTERIO SUPERIOR,Sem função
3456959,Ativo,PROFESSOR DO MAGISTERIO SUPERIOR,Sem função
3456959,Ativo,Sem informaç,FUC 000.1
921389,Aposentado,AUXILIAR DE ENFERMAGEM,Sem função
1270772,Ativo,ASSISTENTE EM ADMINISTRACAO,Sem função
3684667,Ativo,PROFESSOR DO MAGISTERIO SUPERIOR,Sem função
783780,Aposentado,OPERADOR DE MAQUINA COPIADORA,Sem função
1445158,Aposentado,AUXILIAR DE ENFERMAGEM,Sem função
2068131,Pensionista,PROFESSOR DO MAGISTERIO SUPERIOR,Sem função
219272,Ativo,TECNICO EM ASSUNTOS EDUCACIONAIS,Sem função
219272,Ativo,Inválido,Sem função
268071,Ativo,PROFESSOR DO MAGISTERIO SUPERIOR,Sem função
2919006,Ativo,AUX EM ADMINISTRACAO,Sem função
2747685,Pensionista,RECEPCIONISTA,Sem função
3033523,Ativo,NUTRICIONISTA-HABILITACAO,Sem função
619686,Ativo,BIBLIOTECARIO-DOCUMENTALISTA,Sem função
619686,Ativo,Sem informaç,FG 000.1
2227022,Ativo,PSICOLOGO-AREA,Sem função
2227022,Ativo,Sem informaç,FG 000.1
825513,Ativo,TECNICO DE LABORATORIO AREA,Sem função
2435284,Ativo,PROFESSOR MAGISTERIO SUPERIOR-SUBSTITUTO,Sem função
2832276,Ativo,PROFESSOR MAGISTERIO SUPERIOR-SUBSTITUTO,Sem função
2201917,Ativo,ENFERMEIRO-AREA,Sem função
2101243,Ativo,PROFESSOR DO MAGISTERIO SUPERIOR,Sem função
2101243,Ativo,Sem informaç,FUC 000.1
2544234,Ativo,MEDICO RESIDENTE,Sem função
3452115,Ativo,ASSISTENTE EM ADMINISTRACAO,Sem função
3349090,Ativo,MEDICO-AREA,Sem função
3859912,Ativo,MEDICO RESIDENTE,Sem função
1987766,Ativo,MEDICO RESIDENTE,Sem função
545180,Ativo,MEDICO RESIDENTE,Sem função
3475548,Ativo,PROFESSOR DO MAGISTERIO SUPERIOR,Sem função
3852124,Ativo,ASSISTENTE EM ADMINISTRACAO,Sem função
3473136,Ativo,AUX EM ADMINISTRACAO,Sem função
38157,Ativo,BIBLIOTECARIO-DOCUMENTALISTA,Sem função
1247453,Ativo,PROFESSOR DO MAGISTERIO SUPERIOR,Sem função
1160339,Ativo,ASSISTENTE EM ADMINISTRACAO,Sem função
1160339,Ativo,Sem informaç,FG 000.1
469797,Ativo,ASSISTENTE EM ADMINISTRACAO,Sem função
469797,Ativo,Sem informaç,FG 000.1
2603520,Pensionista,PROFESSOR 3 GRAU,Sem função
1711971,Ativo,PROFESSOR DO MAGISTERIO SUPERIOR,Sem função
701596,Ativo,PROFESSOR DO MAGISTERIO SUPERIOR,Sem função
701596,Ativo,Sem informaç,FUC 000.1
820209,Ativo,BIBLIOTECARIO-DOCUMENTALISTA,Sem função
820209,Ativo,Sem informaç,FG 000.3
2451649,Ativo,TRADUTOR INTERPRETE DE LINGUAGEM SINAIS,Sem função
3854116,Ativo,MEDICO RESIDENTE,Sem função
1239299,Ativo,TECNOLOGO-FORMACAO,Sem função
1239299,Ativo,Sem informaç,FG 000.1
1394346,Ativo,ASSISTENTE EM ADMINISTRACAO,Sem função
1975012,Ativo,ASSISTENTE EM ADMINISTRACAO,Sem função
1409778,Ativo,PROFESSOR DO MAGISTERIO SUPERIOR,Sem função
620745,Ativo,ENGENHEIRO-AREA,Sem função
1155312,Ativo,AUX EM ADMINISTRACAO,Sem função
1796249,Ativo,PROFESSOR DO MAGISTERIO SUPERIOR,Sem função
1036924,Ativo,PROFESSOR MAGISTERIO SUPERIOR-SUBSTITUTO,Sem função
1495663,Ativo,ASSISTENTE EM ADMINISTRACAO,Sem função
3853360,Ativo,PROFESSOR MAGISTERIO SUPERIOR-SUBSTITUTO,Sem função
3852467,Ativo,PROFESSOR MAGISTERIO SUPERIOR-SUBSTITUTO,Sem função
809284,Aposentado,PROFESSOR DO MAGISTERIO SUPERIOR,Sem função
3108942,Ativo,AUXILIAR DE ENFERMAGEM,Sem função
523964,Ativo,ASSISTENTE EM ADMINISTRACAO,Sem função
3481036,Ativo,AUX EM ADMINISTRACAO,Sem função
2715540,Ativo,ASSISTENTE EM ADMINISTRACAO,Sem função
791843,Aposentado,ASSISTENTE EM ADMINISTRACAO,Sem função
791843,Pensionista,TECNICO EM ASSUNTOS EDUCACIONAIS,Sem função
1692053,Aposentado,ASSISTENTE EM ADMINISTRACAO,Sem função
3745174,Ativo,AUX EM ADMINISTRACAO,Sem função
793615,Aposentado,PROFESSOR DO MAGISTERIO SUPERIOR,Sem função
793615,Pensionista,PROFESSOR DO MAGISTERIO SUPERIOR,Sem função
3351002,Pensionista,RECEPCIONISTA,Sem função
3696589,Pensionista,ASSISTENTE EM ADMINISTRACAO,Sem função
711461,Aposentado,PROFESSOR DO MAGISTERIO SUPERIOR,Sem função
640579,Aposentado,TECNICO DE LABORATORIO AREA,Sem função
2894944,Aposentado,PROFESSOR DO MAGISTERIO SUPERIOR,Sem função
933602,Aposentado,TELEFONISTA,Sem função
3137269,Aposentado,AUXILIAR DE ENFERMAGEM,Sem função
2467780,Aposentado,ASSISTENTE EM ADMINISTRACAO,Sem função
2053279,Aposentado,ASSISTENTE EM ADMINISTRACAO,Sem função
2053279,Pensionista,TECNICO EM CONTABILIDADE,Sem função
203912,Aposentado,PROFESSOR DO MAGISTERIO SUPERIOR,Sem função
143805,Aposentado,ASSISTENTE EM ADMINISTRACAO,Sem função
2067939,Pensionista,ARQUITETO E URBANISTA,Sem função
1348616,Ativo,COPEIRO,Sem função
1482155,Ativo,PEDAGOGO-AREA,Sem função
217703,Pensionista,PROFESSOR DO MAGISTERIO SUPERIOR,Sem função
2805399,Ativo,PROFESSOR DO MAGISTERIO SUPERIOR,Sem função
1722313,Ativo,TECNICO EM ENFERMAGEM,Sem função
2633060,Pensionista,ASSISTENTE EM ADMINISTRACAO,Sem função
441964,Ativo,ASSISTENTE SOCIAL,Sem função
2251388,Ativo,PROFESSOR MAGISTERIO SUPERIOR-SUBSTITUTO,Sem função
3518495,Ativo,PROFESSOR DO MAGISTERIO SUPERIOR,Sem função
1832002,Aposentado,MEDICO-AREA,Sem função
816401,Aposentado,ASSISTENTE EM ADMINISTRACAO,Sem função
1774028,Aposentado,COPEIRO,Sem função
874631,Aposentado,ASSISTENTE EM ADMINISTRACAO,Sem função
3041030,Ativo,ASSISTENTE SOCIAL,Sem função
427770,Aposentado,TEC DE TECNOLOGIA DA INFORMACAO,Sem função
3016452,Ativo,PROFESSOR DO MAGISTERIO SUPERIOR,Sem função
3780322,Aposentado,PROFESSOR DO MAGISTERIO SUPERIOR,Sem função
169664,Aposentado,PROFESSOR DO MAGISTERIO SUPERIOR,Sem função
3716224,Aposentado,PROFESSOR DO MAGISTERIO SUPERIOR,Sem função
1109583,Ativo,MEDICO RESIDENTE,Sem função
1394040,Ativo,MEDICO-AREA,Sem função
344981,Ativo,TECNICO DE LABORATORIO AREA,Sem função
65263,Aposentado,AUXILIAR DE ENFERMAGEM,Sem função
2383597,Ativo,PROFESSOR DO MAGISTERIO SUPERIOR,Sem função
1137381,Pensionista,PROFESSOR DO MAGISTERIO SUPERIOR,Sem função
2385948,Ativo,PORTEIRO,Sem função
2702316,Ativo,PROFESSOR DO MAGISTERIO SUPERIOR,Sem função
283926,Ativo,ASSISTENTE EM ADMINISTRACAO,Sem função
952931,Pensionista,PROFESSOR DO MAGISTERIO SUPERIOR,Sem função
981044,Ativo,PROFESSOR DO MAGISTERIO SUPERIOR,Sem função
786277,Aposentado,TEC DE TECNOLOGIA DA INFORMACAO,Sem função
2737371,Pensionista,TECNICO EM RADIOLOGIA,Sem função
2096314,Ativo,PROFESSOR DO MAGISTERIO SUPERIOR,Sem função
2096314,Ativo,Sem informaç,FUC 000.1
2875500,Ativo,SECRETARIO EXECUTIVO,Sem função
2380265,Aposentado,OPERADOR DE CAMERA DE CINEMA E TV,Sem função
436820,Ativo,BIBLIOTECARIO-DOCUMENTALISTA,Sem função
1160032,Ativo,ASSISTENTE EM ADMINISTRACAO,Sem função
3086328,Ativo,ASSISTENTE EM ADMINISTRACAO,Sem função
945518,Aposentado,PROFESSOR DO MAGISTERIO SUPERIOR,Sem função
1174833,Ativo,TEC DE TECNOLOGIA DA INFORMACAO,Sem função
1174833,Ativo,Sem informaç,CD 000.4
2700462,Ativo,AUXILIAR DE ENFERMAGEM,Sem função
2643366,Aposentado,AUX EM ADMINISTRACAO,Sem função
3676232,Pensionista,PROFESSOR 3 GRAU,Sem função
2156280,Aposentado,PROCURADOR FEDERAL,Sem função
1752483,Pensionista,RECEPCIONISTA,Sem função
873739,Aposentado,PROFESSOR DO MAGISTERIO SUPERIOR,Sem função
1754042,Pensionista,PROFESSOR DO MAGISTERIO SUPERIOR,Sem função
1683432,Pensionista,MESTRE DE EDIF E INFRAESTRUTURA,Sem função
220837,Aposentado,COZINHEIRO,Sem função
1768597,Pensionista,VIGILANTE,Sem função
2730874,Pensionista,PROFESSOR DO MAGISTERIO SUPERIOR,Sem função
941723,Aposentado,ATENDENTE DE ENFERMAGEM,Sem função
3489575,Ativo,TECNICO DE LABORATORIO AREA,Sem função
3384396,Ativo,PROFESSOR DO MAGISTERIO SUPERIOR,Sem função
3384396,Ativo,Sem informaç,FUC 000.1
2332122,Ativo,TECNICO DE LABORATORIO AREA,Sem função
1419663,Pensionista,ODONTOLOGO - 30 HORAS - DL 1445-76,Sem função
1773558,Pensionista,PROFESSOR DO MAGISTERIO SUPERIOR,Sem função
3319072,Ativo,PROFESSOR MAGISTERIO SUPERIOR-SUBSTITUTO,Sem função
1999173,Ativo,ARQUITETO E URBANISTA,Sem função
2127538,Ativo,PROFESSOR MAGISTERIO SUPERIOR-SUBSTITUTO,Sem função
1183362,Ativo,PROFESSOR DO MAGISTERIO SUPERIOR,Sem função
1183362,Ativo,Sem informaç,FG 000.1
1444158,Ativo,TECNICO EM ENFERMAGEM,Sem função
2896280,Ativo,AUXILIAR DE ENFERMAGEM,Sem função
814082,Aposentado,VIGILANTE,Sem função
246698,Ativo,PROFESSOR ENS BASICO TECN TECNOLOGICO,Sem função
916687,Aposentado,TECNICO EM ENFERMAGEM,Sem função
3204048,Ativo,NUTRICIONISTA-HABILITACAO,Sem função
744563,Pensionista,PROFESSOR DO MAGISTERIO SUPERIOR,Sem função
2271142,Ativo,OPERADOR DE MAQUINA COPIADORA,Sem função
960971,Ativo,PROFESSOR DO MAGISTERIO SUPERIOR,Sem função
2258319,Ativo,AUXILIAR DE LABORATORIO,Sem função
2291712,Ativo,TECNICO DE LABORATORIO AREA,Sem função
1821348,Ativo,TEC DE TECNOLOGIA DA INFORMACAO,Sem função
1003628,Aposentado,PROFESSOR DO MAGISTERIO SUPERIOR,Sem função
1168534,Ativo,PROFESSOR DO MAGISTERIO SUPERIOR,Sem função
3429616,Ativo,AUXILIAR DE ENFERMAGEM,Sem função
2738284,Pensionista,TECNICO DE LABORATORIO AREA,Sem função
696337,Pensionista,PROFESSOR DO MAGISTERIO SUPERIOR,Sem função
3278581,Ativo,PROFESSOR DO MAGISTERIO SUPERIOR,Sem função
3510779,Pensionista,PROFESSOR 3 GRAU,Sem função
2476327,Ativo,PROFESSOR DO MAGISTERIO SUPERIOR,Sem função
3464053,Aposentado,PROFESSOR DO MAGISTERIO SUPERIOR,Sem função
1685680,Aposentado,ASSISTENTE EM ADMINISTRACAO,Sem função
2248562,Ativo,PROFESSOR DO MAGISTERIO SUPERIOR,Sem função
1739853,Pensionista,PROFESSOR DO MAGISTERIO SUPERIOR,Sem função
1019718,Aposentado,ASSISTENTE EM ADMINISTRACAO,Sem função
1074781,Aposentado,ASCENSORISTA,Sem função
2281715,Aposentado,PROFESSOR DO MAGISTERIO SUPERIOR,Sem função
3678969,Aposentado,PROCURADOR FEDERAL,Sem função
1157489,Ativo,AUX EM ADMINISTRACAO,Sem função
3722988,Pensionista,PROFESSOR 3 GRAU,Sem função
3417376,Aposentado,PROFESSOR DO MAGISTERIO SUPERIOR,Sem função
284288,Aposentado,AUXILIAR DE ENFERMAGEM,Sem função
2289717,Ativo,PROFESSOR DO MAGISTERIO SUPERIOR,Sem função
1200955,Ativo,ASSISTENTE EM ADMINISTRACAO,Sem função
667321,Aposentado,TECNICO EM ASSUNTOS EDUCACIONAIS,Sem função
1494891,Aposentado,AUX EM ADMINISTRACAO,Sem função
1548097,Aposentado,ASSISTENTE EM ADMINISTRACAO,Sem função
2552545,Pensionista,PROFESSOR DO MAGISTERIO SUPERIOR,Sem função
1413652,Ativo,PROFESSOR DO MAGISTERIO SUPERIOR,Sem função
1249038,Aposentado,AUX EM ADMINISTRACAO,Sem função
1780408,Aposentado,CONTRAMESTRE-OFICIO,Sem função
2767099,Pensionista,ASCENSORISTA,Sem função
2797136,Aposentado,COPEIRO,Sem função
3132314,Ativo,PROFESSOR DO MAGISTERIO SUPERIOR,Sem função
1272494,Ativo,AUXILIAR DE ENFERMAGEM,Sem função
1577442,Aposentado,TECNICO DE LABORATORIO AREA,Sem função
1522529,Ativo,AUX EM ADMINISTRACAO,Sem função
1522529,Ativo,Sem informaç,FG 000.1
1068667,Pensionista,PROFESSOR DO MAGISTERIO SUPERIOR,Sem função
2598020,Aposentado,ASSISTENTE SOCIAL,Sem função
2773399,Ativo,ASSISTENTE EM ADMINISTRACAO,Sem função
109831,Ativo,PEDAGOGO-AREA,Sem função
2949451,Aposentado,AUXILIAR DE ENFERMAGEM,Sem função
1120535,Aposentado,AUX EM ADMINISTRACAO,Sem função
2404397,Pensionista,MARCENEIRO,Sem função
918667,Pensionista,RECEPCIONISTA,Sem função
1803419,Aposentado,PROFESSOR DO MAGISTERIO SUPERIOR,Sem função
2031883,Pensionista,MOTORISTA,Sem função
3550817,Pensionista,EDITOR DE IMAGENS,Sem função
1133454,Ativo,PROFESSOR DO MAGISTERIO SUPERIOR,Sem função
1176785,Aposentado,ASSISTENTE EM ADMINISTRACAO,Sem função
1377891,Ativo,ENFERMEIRO-AREA,Sem função
650156,Aposentado,PROFESSOR DO MAGISTERIO SUPERIOR,Sem função
650156,Aposentado,PROFESSOR DO MAGISTERIO SUPERIOR,Sem função
1437280,Ativo,PROFESSOR DO MAGISTERIO SUPERIOR,Sem função
1979097,Pensionista,PROFESSOR 3 GRAU,Sem função
2173097,Ativo,PROFESSOR DO MAGISTERIO SUPERIOR,Sem função
3774558,Aposentado,ASSISTENTE EM ADMINISTRACAO,Sem função
2036820,Ativo,PROFESSOR DO MAGISTERIO SUPERIOR,Sem função
2036820,Aposentado,PROFESSOR DO MAGISTERIO SUPERIOR,Sem função
2907361,Ativo,SERVENTE DE LIMPEZA,Sem função
2907361,Pensionista,AUX EM ADMINISTRACAO,Sem função
144688,Aposentado,NUTRICIONISTA-HABILITACAO,Sem função
144688,Aposentado,PROFESSOR DO MAGISTERIO SUPERIOR,Sem função
840919,Ativo,BIOMEDICO,Sem função
1821510,Aposentado,PROFESSOR DO MAGISTERIO SUPERIOR,Sem função
951552,Aposentado,ENFERMEIRO-AREA,Sem função
346296,Aposentado,PROFESSOR DO MAGISTERIO SUPERIOR,Sem função
2691810,Aposentado,PRODUTOR CULTURAL,Sem função
734712,Aposentado,PROFESSOR DO MAGISTERIO SUPERIOR,Sem função
734712,Aposentado,MEDICO-AREA,Sem função
2729408,Aposentado,ASSISTENTE EM ADMINISTRACAO,Sem função
2439544,Aposentado,EDITOR DE IMAGENS,Sem função
1582280,Aposentado,ESTATISTICO,Sem função
2162142,Aposentado,PROFESSOR DO MAGISTERIO SUPERIOR,Sem função
211499,Ativo,ASSISTENTE EM ADMINISTRACAO,Sem função
3072851,Ativo,TECNICO EM ENFERMAGEM,Sem função
467993,Ativo,PROFESSOR DO MAGISTERIO SUPERIOR,Sem função
1751303,Pensionista,MEDICO-AREA,Sem função
1751303,Pensionista,PROFESSOR 3 GRAU,Sem função
3093749,Ativo,ASSISTENTE EM ADMINISTRACAO,Sem função
1731450,Aposentado,AUXILIAR DE ENFERMAGEM,Sem função
2789677,Ativo,AUX EM ADMINISTRACAO,Sem função
1511090,Ativo,TECNICO EM ASSUNTOS EDUCACIONAIS,Sem função
1900285,Ativo,PROFESSOR DO MAGISTERIO SUPERIOR,Sem função
2106155,Ativo,AUXILIAR DE ENFERMAGEM,Sem função
871255,Pensionista,RECEPCIONISTA,Sem função
92230,Ativo,AUX EM ADMINISTRACAO,Sem função
3620624,Pensionista,AUX EM ADMINISTRACAO,Sem função
3521046,Pensionista,ASSISTENTE EM ADMINISTRACAO,Sem função
3784487,Pensionista,ASSISTENTE DE LABORATORIO,Sem função
1680141,Pensionista,MOTORISTA,Sem função
727810,Pensionista,VIGILANTE,Sem função
838730,Aposentado,COSTUREIRO,Sem função
139995,Aposentado,ASSISTENTE EM ADMINISTRACAO,Sem função
3735979,Ativo,ASSISTENTE SOCIAL,Sem função
978489,Ativo,PROFESSOR DO MAGISTERIO SUPERIOR,Sem função
978489,Ativo,Sem informaç,FUC 000.1
2047003,Aposentado,PROFESSOR DO MAGISTERIO SUPERIOR,Sem função
1880770,Pensionista,PROFESSOR DO MAGISTERIO SUPERIOR,Sem função
1511430,Aposentado,MEDICO-AREA,Sem função
2204970,Aposentado,ENFERMEIRO-AREA,Sem função
1854650,Pensionista,VIGILANTE,Sem função
3403556,Pensionista,CARPINTEIRO,Sem função
368922,Ativo,PROFESSOR DO MAGISTERIO SUPERIOR,Sem função
749797,Aposentado,AUXILIAR DE ENFERMAGEM,Sem função
813436,Aposentado,AUX EM ADMINISTRACAO,Sem função
146606,Aposentado,ASSISTENTE EM ADMINISTRACAO,Sem função
1017875,Ativo,PROFESSOR DO MAGISTERIO SUPERIOR,Sem função
1017875,Ativo,Sem informaç,CD 000.3
1309051,Ativo,TECNICO EM CONTABILIDADE,Sem função
3280987,Aposentado,PROFESSOR DO MAGISTERIO SUPERIOR,Sem função
1984295,Aposentado,PROFESSOR DO MAGISTERIO SUPERIOR,Sem função
1136385,Ativo,AUXILIAR DE SAUDE,Sem função
3685749,Ativo,VIGILANTE,Sem função
3323692,Pensionista,AUX EM ADMINISTRACAO,Sem função
2047821,Ativo,RESIDENCIA MULTIPROFISSIONAL,Sem função
2655523,Pensionista,ASSISTENTE EM ADMINISTRACAO,Sem função
3254074,Ativo,PROFESSOR DO MAGISTERIO SUPERIOR,Sem função
3370411,Ativo,MEDICO-AREA,Sem função
413371,Ativo,CONTADOR,Sem função
2532814,Aposentado,PROFESSOR DO MAGISTERIO SUPERIOR,Sem função
1156859,Ativo,PROFESSOR DO MAGISTERIO SUPERIOR,Sem função
3150040,Ativo,VIGILANTE,Sem função
694899,Aposentado,OPERADOR DE CAMERA DE CINEMA E TV,Sem função
1099281,Ativo,VIGILANTE,Sem função
1647682,Ativo,VIGILANTE,Sem função
2268713,Ativo,PROFESSOR DO MAGISTERIO SUPERIOR,Sem função
3143136,Ativo,VIGILANTE,Sem função
1263212,Ativo,PROFESSOR DO MAGISTERIO SUPERIOR,Sem função
351352,Pensionista,ASSISTENTE EM ADMINISTRACAO,Sem função
1230464,Ativo,PROFESSOR DO MAGISTERIO SUPERIOR,Sem função
921454,Aposentado,MEDICO-AREA,Sem função
20643,Aposentado,PROFESSOR DO MAGISTERIO SUPERIOR,Sem função
3095000,Ativo,DESENHISTA DE ARTES GRAFICAS,Sem função
36715,Ativo,PROFESSOR DO MAGISTERIO SUPERIOR,Sem função
1758606,Aposentado,PROFESSOR DO MAGISTERIO SUPERIOR,Sem função
1193659,Ativo,VIGILANTE,Sem função
1193659,Ativo,Sem informaç,FG 000.3
2088951,Ativo,TECNICO EM CONTABILIDADE,Sem função
2455682,Ativo,PROFESSOR MAGISTERIO SUPERIOR -VISITANTE,Sem função
1217345,Aposentado,PROFESSOR DO MAGISTERIO SUPERIOR,Sem função
954686,Ativo,AUXILIAR DE ENFERMAGEM,Sem função
2967250,Ativo,PROFESSOR DO MAGISTERIO SUPERIOR,Sem função
2735322,Ativo,ASSISTENTE EM ADMINISTRACAO,Sem função
3721732,Ativo,PROFESSOR MAGISTERIO SUPERIOR -VISITANTE,Sem função
276961,Ativo,PROFESSOR DO MAGISTERIO SUPERIOR,Sem função
276961,Ativo,Sem informaç,FUC 000.1
245418,Aposentado,VIGILANTE,Sem função
724936,Aposentado,PROFESSOR DO MAGISTERIO SUPERIOR,Sem função
2188941,Aposentado,PROFESSOR DO MAGISTERIO SUPERIOR,Sem função
624154,Ativo,PROFESSOR DO MAGISTERIO SUPERIOR,Sem função
921248,Aposentado,PROFESSOR DO MAGISTERIO SUPERIOR,Sem função
3856566,Ativo,PROFESSOR MAGISTERIO SUPERIOR-SUBSTITUTO,Sem função
303053,Ativo,PROFESSOR DO MAGISTERIO SUPERIOR,Sem função
2975683,Aposentado,PROFESSOR DO MAGISTERIO SUPERIOR,Sem função
1730926,Pensionista,PROFESSOR DO MAGISTERIO SUPERIOR,Sem função
1580166,Ativo,PROFESSOR DO MAGISTERIO SUPERIOR,Sem função
1580166,Ativo,Sem informaç,FUC 000.1
340369,Aposentado,AUX EM ADMINISTRACAO,Sem função
1753754,Aposentado,DESENHISTA DE ARTES GRAFICAS,Sem função
509351,Pensionista,PROFESSOR DO MAGISTERIO SUPERIOR,Sem função
70867,Aposentado,PROFESSOR DO MAGISTERIO SUPERIOR,Sem função
3071650,Aposentado,MONTADOR CINEMATOGRAFICO,Sem função
2617929,Aposentado,PROFESSOR DO MAGISTERIO SUPERIOR,Sem função
1337306,Ativo,PROFESSOR DO MAGISTERIO SUPERIOR,Sem função
2943092,Ativo,PROFESSOR DO MAGISTERIO SUPERIOR,Sem função
599701,Ativo,RESIDENCIA MULTIPROFISSIONAL,Sem função
1254173,Ativo,PROFESSOR DO MAGISTERIO SUPERIOR,Sem função
108469,Ativo,VIGILANTE,Sem função
143762,Aposentado,PROFESSOR DO MAGISTERIO SUPERIOR,Sem função
2771117,Pensionista,CONTINUO,Sem função
1977063,Ativo,PROFESSOR MAGISTERIO SUPERIOR-SUBSTITUTO,Sem função
696831,Aposentado,ASSISTENTE EM ADMINISTRACAO,Sem função
1119256,Pensionista,RECEPCIONISTA,Sem função
2525695,Ativo,ASSISTENTE EM ADMINISTRACAO,Sem função
2199933,Ativo,ENFERMEIRO-AREA,Sem função
1358191,Ativo,PROFESSOR DO MAGISTERIO SUPERIOR,Sem função
1358191,Pensionista,PROFESSOR 3 GRAU,Sem função
1219565,Ativo,ASSISTENTE EM ADMINISTRACAO,Sem função
1146073,Ativo,PROFESSOR ENS BASICO TECN TECNOLOGICO,Sem função
2919717,Ativo,PROFESSOR DO MAGISTERIO SUPERIOR,Sem função
3581016,Ativo,PROFESSOR DO MAGISTERIO SUPERIOR,Sem função
3581016,Ativo,Sem informaç,FUC 000.1
3720923,Ativo,PROFESSOR DO MAGISTERIO SUPERIOR,Sem função
3076311,Ativo,ASSISTENTE EM ADMINISTRACAO,Sem função
2677988,Ativo,PROFESSOR MAGISTERIO SUPERIOR-SUBSTITUTO,Sem função
338069,Ativo,QUIMICO,Sem função
3096649,Ativo,PSICOLOGO-AREA,Sem função
1056202,Ativo,MEDICO RESIDENTE,Sem função
461942,Aposentado,PROFESSOR DO MAGISTERIO SUPERIOR,Sem função
356299,Ativo,ASSISTENTE EM ADMINISTRACAO,Sem função
635462,Ativo,ENFERMEIRO-AREA,Sem função
1009483,Ativo,PROFESSOR DO MAGISTERIO SUPERIOR,Sem função
1915664,Ativo,PROFESSOR DO MAGISTERIO SUPERIOR,Sem função
1523997,Ativo,PROFESSOR MAGISTERIO SUPERIOR-SUBSTITUTO,Sem função
2683519,Ativo,MEDICO RESIDENTE,Sem função
2150977,Aposentado,PROFESSOR DO MAGISTERIO SUPERIOR,Sem função
1219200,Ativo,PROFESSOR DO MAGISTERIO SUPERIOR,Sem função
1000401,Ativo,ASSISTENTE EM ADMINISTRACAO,Sem função
1000401,Ativo,Sem informaç,FG 000.1
1826816,Ativo,ASSISTENTE EM ADMINISTRACAO,Sem função
2396308,Ativo,ASSISTENTE EM ADMINISTRACAO,Sem função
2742499,Ativo,ASSISTENTE EM ADMINISTRACAO,Sem função
594908,Ativo,PROFESSOR DO MAGISTERIO SUPERIOR,Sem função
1683062,Ativo,TECNICO EM ASSUNTOS EDUCACIONAIS,Sem função
1830258,Ativo,ASSISTENTE EM ADMINISTRACAO,Sem função
1533792,Ativo,ASSISTENTE EM ADMINISTRACAO,Sem função
1295333,Ativo,TECNICO DE LABORATORIO AREA,Sem função
2322958,Ativo,PROFESSOR DO MAGISTERIO SUPERIOR,Sem função
88911,Ativo,ASSISTENTE EM ADMINISTRACAO,Sem função
88911,Ativo,Sem informaç,FG 000.1
2922089,Ativo,PROFESSOR DO MAGISTERIO SUPERIOR,Sem função
3017723,Aposentado,PROFESSOR DO MAGISTERIO SUPERIOR,Sem função
1600530,Pensionista,AUXILIAR DE ENFERMAGEM,Sem função
2863007,Ativo,ASSISTENTE EM ADMINISTRACAO,Sem função
2863007,Ativo,Sem informaç,FG 000.3
3439885,Pensionista,MESTRE DE EDIF E INFRAESTRUTURA,Sem função
583783,Ativo,PSICOLOGO-AREA,Sem função
3716853,Ativo,ENFERMEIRO-AREA,Sem função
14843,Ativo,ASSISTENTE EM ADMINISTRACAO,Sem função
322830,Aposentado,PROFESSOR DO MAGISTERIO SUPERIOR,Sem função
2242251,Ativo,TECNICO EM SECRETARIADO,Sem função
3715082,Ativo,ENFERMEIRO-AREA,Sem função
2931043,Ativo,PROFESSOR DO MAGISTERIO SUPERIOR,Sem função
1404645,Ativo,ASSISTENTE EM ADMINISTRACAO,Sem função
3717767,Ativo,TECNICO EM ENFERMAGEM,Sem função
1049880,Ativo,PROFESSOR DO MAGISTERIO SUPERIOR,Sem função
2700423,Ativo,TECNICO EM ASSUNTOS EDUCACIONAIS,Sem função
3044126,Ativo,PROFESSOR DO MAGISTERIO SUPERIOR,Sem função
1650027,Ativo,AUXILIAR DE ENFERMAGEM,Sem função
2691986,Ativo,AUXILIAR DE LABORATORIO,Sem função
177315,Pensionista,PROFESSOR 3 GRAU,Sem função
1869111,Ativo,PROFESSOR DO MAGISTERIO SUPERIOR,Sem função
1168764,Ativo,ENFERMEIRO-AREA,Sem função
2820962,Ativo,ASSISTENTE EM ADMINISTRACAO,Sem função
3114268,Ativo,AUXILIAR DE ENFERMAGEM,Sem função
2803802,Ativo,MEDICO-AREA,Sem função
2374390,Ativo,PROFESSOR DO MAGISTERIO SUPERIOR,Sem função
1259034,Ativo,PROFESSOR DO MAGISTERIO SUPERIOR,Sem função
1259034,Ativo,Sem informaç,FUC 000.1
2628489,Pensionista,RECEPCIONISTA,Sem função
495395,Ativo,PROFESSOR DO MAGISTERIO SUPERIOR,Sem função
2106052,Ativo,PROFESSOR MAGISTERIO SUPERIOR -VISITANTE,Sem função
3400733,Aposentado,SECRETARIO EXECUTIVO,Sem função
2093863,Ativo,PROFESSOR DO MAGISTERIO SUPERIOR,Sem função
3376567,Pensionista,ASSISTENTE EM ADMINISTRACAO,Sem função
1391800,Ativo,PROFESSOR DO MAGISTERIO SUPERIOR,Sem função
1257251,Ativo,MEDICO-AREA,Sem função
328308,Ativo,SECRETARIO EXECUTIVO,Sem função
3516493,Ativo,ENFERMEIRO-AREA,Sem função
382586,Ativo,AUXILIAR DE ENFERMAGEM,Sem função
2497122,Ativo,PROFESSOR DO MAGISTERIO SUPERIOR,Sem função
1205882,Ativo,ASSISTENTE SOCIAL,Sem função
3681516,Ativo,ADMINISTRADOR,Sem função
2696007,Ativo,ENFERMEIRO-AREA,Sem função
2331885,Ativo,ASSISTENTE EM ADMINISTRACAO,Sem função
2200891,Ativo,PROFESSOR DO MAGISTERIO SUPERIOR,Sem função
415303,Ativo,PROFESSOR DO MAGISTERIO SUPERIOR,Sem função
2996487,Pensionista,PROFESSOR DO MAGISTERIO SUPERIOR,Sem função
1214330,Ativo,SANITARISTA,Sem função
1538901,Aposentado,ASSISTENTE EM ADMINISTRACAO,Sem função
2841809,Ativo,TECNICO EM ENFERMAGEM,Sem função
218128,Ativo,MEDICO RESIDENTE,Sem função
3635444,Pensionista,PROFESSOR DO MAGISTERIO SUPERIOR,Sem função
3171605,Ativo,PROFESSOR DO MAGISTERIO SUPERIOR,Sem função
2848332,Ativo,ASSISTENTE EM ADMINISTRACAO,Sem função
2848332,Ativo,Sem informaç,FG 000.2
1554160,Ativo,PROFESSOR DO MAGISTERIO SUPERIOR,Sem função
235121,Ativo,PROFESSOR DO MAGISTERIO SUPERIOR,Sem função
13028,Ativo,BIBLIOTECARIO-DOCUMENTALISTA,Sem função
377970,Ativo,PROFESSOR ENS BASICO TECN TECNOLOGICO,Sem função
1133976,Ativo,AUXILIAR DE ENFERMAGEM,Sem função
1364937,Ativo,PROFESSOR DO MAGISTERIO SUPERIOR,Sem função
2214444,Ativo,PROFESSOR DO MAGISTERIO SUPERIOR,Sem função
1640153,Ativo,PROFESSOR DO MAGISTERIO SUPERIOR,Sem função
2755474,Aposentado,PROFESSOR ENS BASICO TECN TECNOLOGICO,Sem função
905951,Pensionista,PROFESSOR DO MAGISTERIO SUPERIOR,Sem função
905951,Pensionista,PROFESSOR DO MAGISTERIO SUPERIOR,Sem função
321535,Aposentado,ASSISTENTE DE LABORATORIO,Sem função
343352,Aposentado,DESENHISTA DE ARTES GRAFICAS,Sem função
551507,Ativo,ASSISTENTE EM ADMINISTRACAO,Sem função
231296,Ativo,ENGENHEIRO-AREA,Sem função
231296,Ativo,Sem informaç,CD 000.3
1202107,Ativo,PROFESSOR DO MAGISTERIO SUPERIOR,Sem função
1872114,Ativo,PROFESSOR DO MAGISTERIO SUPERIOR,Sem função
1111847,Aposentado,PROFESSOR DO MAGISTERIO SUPERIOR,Sem função
1545287,Aposentado,DIRETOR DE IMAGEM,Sem função
3464537,Aposentado,MEDICO-AREA,Sem função
3392882,Aposentado,PROFESSOR DO MAGISTERIO SUPERIOR,Sem função
226260,Aposentado,PROFESSOR DO MAGISTERIO SUPERIOR,Sem função
1678435,Ativo,PROFESSOR DO MAGISTERIO SUPERIOR,Sem função
1952288,Ativo,ASSISTENTE EM ADMINISTRACAO,Sem função
3284559,Aposentado,PROFESSOR DO MAGISTERIO SUPERIOR,Sem função
1238946,Ativo,PROFESSOR DO MAGISTERIO SUPERIOR,Sem função
2683316,Ativo,TECNICO DE LABORATORIO AREA,Sem função
172892,Pensionista,ASSISTENTE EM ADMINISTRACAO,Sem função
2103179,Aposentado,PROFESSOR DO MAGISTERIO SUPERIOR,Sem função
2563851,Aposentado,PROFESSOR DO MAGISTERIO SUPERIOR,Sem função
2563851,Aposentado,PROFESSOR DO MAGISTERIO SUPERIOR,Sem função
2664938,Aposentado,MEDICO-AREA,Sem função
2942768,Ativo,PROFESSOR DO MAGISTERIO SUPERIOR,Sem função
1033955,Aposentado,PROFESSOR DO MAGISTERIO SUPERIOR,Sem função
3096599,Ativo,VIGILANTE,Sem função
3848912,Pensionista,CONTINUO,Sem função
2582866,Aposentado,PROFESSOR 3 GRAU,Sem função
3345618,Ativo,ASSISTENTE EM ADMINISTRACAO,Sem função
3345618,Ativo,Sem informaç,FG 000.1
1053451,Ativo,DESENHISTA DE ARTES GRAFICAS,Sem função
3469641,Ativo,PROFESSOR MAGISTERIO SUPERIOR-SUBSTITUTO,Sem função
1898745,Aposentado,VIGILANTE,Sem função
901871,Ativo,TECNICO EM SOM,Sem função
2883644,Ativo,PROFESSOR DO MAGISTERIO SUPERIOR,Sem função
1968690,Aposentado,ASSISTENTE EM ADMINISTRACAO,Sem função
1546934,Aposentado,TECNICO DE LABORATORIO AREA,Sem função
1083914,Ativo,VESTIARISTA,Sem função
295155,Aposentado,VIGILANTE,Sem função
1326931,Ativo,VIGILANTE,Sem função
2361904,Ativo,EDITOR DE IMAGENS,Sem função
2687131,Aposentado,VIGILANTE,Sem função
1651845,Aposentado,AUX EM ADMINISTRACAO,Sem função
2982501,Aposentado,PROFESSOR DO MAGISTERIO SUPERIOR,Sem função
2428643,Ativo,PROFESSOR MAGISTERIO SUPERIOR-SUBSTITUTO,Sem função
2550886,Ativo,PROFESSOR DO MAGISTERIO SUPERIOR,Sem função
2064059,Ativo,ASSISTENTE EM ADMINISTRACAO,Sem função
301945,Ativo,PROFESSOR DO MAGISTERIO SUPERIOR,Sem função
961736,Aposentado,TECNICO EM SANEAMENTO,Sem função
1719972,Aposentado,PROFESSOR DO MAGISTERIO SUPERIOR,Sem função
667098,Ativo,PROFESSOR DO MAGISTERIO SUPERIOR,Sem função
3447923,Ativo,VIGILANTE,Sem função
2751317,Pensionista,ASSISTENTE EM ADMINISTRACAO,Sem função
3287324,Ativo,ASSISTENTE EM ADMINISTRACAO,Sem função
3287324,Ativo,Sem informaç,FG 000.1
147073,Aposentado,PROFESSOR DO MAGISTERIO SUPERIOR,Sem função
3186383,Ativo,PROFESSOR DO MAGISTERIO SUPERIOR,Sem função
2532888,Ativo,TECNICO DE LABORATORIO AREA,Sem função
272121,Ativo,PROFESSOR DO MAGISTERIO SUPERIOR,Sem função
272121,Ativo,Sem informaç,FUC 000.1
2225607,Ativo,PROFESSOR DO MAGISTERIO SUPERIOR,Sem função
2225607,Ativo,Sem informaç,FUC 000.1
209023,Ativo,MEDICO RESIDENTE,Sem função
2352157,Ativo,ASSISTENTE EM ADMINISTRACAO,Sem função
2075988,Ativo,TECNICO DE LABORATORIO AREA,Sem função
3856303,Ativo,ASSISTENTE EM ADMINISTRACAO,Sem função
2530655,Ativo,TECNICO EM CONTABILIDADE,Sem função
2530655,Ativo,Sem informaç,FG 000.2
214394,Ativo,PROFESSOR DO MAGISTERIO SUPERIOR,Sem função
2298796,Ativo,PROFESSOR DO MAGISTERIO SUPERIOR,Sem função
2298796,Ativo,Sem informaç,CD 000.3
745702,Aposentado,PROFESSOR DO MAGISTERIO SUPERIOR,Sem função
386473,Ativo,PROFESSOR DO MAGISTERIO SUPERIOR,Sem função
386473,Ativo,Sem informaç,FUC 000.1
2791289,Ativo,PROFESSOR DO MAGISTERIO SUPERIOR,Sem função
2930343,Ativo,ASSISTENTE EM ADMINISTRACAO,Sem função
1260471,Ativo,PROFESSOR DO MAGISTERIO SUPERIOR,Sem função
1840352,Ativo,PROFESSOR DO MAGISTERIO SUPERIOR,Sem função
1840352,Ativo,Sem informaç,CCX 011.5
2663501,Aposentado,PROFESSOR DO MAGISTERIO SUPERIOR,Sem função
606403,Aposentado,PROFESSOR DO MAGISTERIO SUPERIOR,Sem função
2213728,Ativo,PROFESSOR DO MAGISTERIO SUPERIOR,Sem função
2354092,Ativo,PROFESSOR DO MAGISTERIO SUPERIOR,Sem função
1277252,Aposentado,PROFESSOR DO MAGISTERIO SUPERIOR,Sem função
2350540,Ativo,PROFESSOR DO MAGISTERIO SUPERIOR,Sem função
2350540,Ativo,Sem informaç,FG 000.1
2217290,Ativo,ASSISTENTE EM ADMINISTRACAO,Sem função
1862021,Pensionista,AUXILIAR DE ENFERMAGEM,Sem função
3077617,Ativo,PROFESSOR DO MAGISTERIO SUPERIOR,Sem função
360011,Ativo,PROFESSOR DO MAGISTERIO SUPERIOR,Sem função
272931,Ativo,MARCENEIRO,Sem função
2365797,Ativo,PROFESSOR DO MAGISTERIO SUPERIOR,Sem função
2965522,Ativo,PROFESSOR DO MAGISTERIO SUPERIOR,Sem função
1374570,Ativo,ASSISTENTE EM ADMINISTRACAO,Sem função
326538,Aposentado,PROFESSOR DO MAGISTERIO SUPERIOR,Sem função
1153008,Ativo,VIGILANTE,Sem função
2906810,Ativo,PROFESSOR DO MAGISTERIO SUPERIOR,Sem função
1430805,Ativo,AUXILIAR DE ENFERMAGEM,Sem função
1181398,Aposentado,ASSISTENTE EM ADMINISTRACAO,Sem função
977311,Ativo,PROFESSOR DO MAGISTERIO SUPERIOR,Sem função
977311,Aposentado,PROFESSOR ENS BASICO TECN TECNOLOGICO,Sem função
2955647,Ativo,PROFESSOR DO MAGISTERIO SUPERIOR,Sem função
2955647,Ativo,Sem informaç,FG 000.3
3043291,Ativo,ASSISTENTE EM ADMINISTRACAO,Sem função
1823296,Ativo,PROFESSOR DO MAGISTERIO SUPERIOR,Sem função
1823296,Ativo,Sem informaç,FUC 000.1
325023,Aposentado,ASSISTENTE EM ADMINISTRACAO,Sem função
562087,Aposentado,PROFESSOR DO MAGISTERIO SUPERIOR,Sem função
2579610,Aposentado,ASSISTENTE EM ADMINISTRACAO,Sem função
2200858,Ativo,PROFESSOR DO MAGISTERIO SUPERIOR,Sem função
2200858,Aposentado,ANALISTA DE TEC DA INFORMACAO,Sem função
373181,Aposentado,VIGILANTE,Sem função
3394943,Ativo,PROFESSOR DO MAGISTERIO SUPERIOR,Sem função
1010674,Ativo,ANALISTA DE TEC DA INFORMACAO,Sem função
976534,Ativo,TECNICO DE LABORATORIO AREA,Sem função
3821788,Aposentado,PROFESSOR DO MAGISTERIO SUPERIOR,Sem função
336988,Aposentado,PROFESSOR DO MAGISTERIO SUPERIOR,Sem função
2122824,Ativo,ASSISTENTE EM ADMINISTRACAO,Sem função
23567,Aposentado,PROFESSOR DO MAGISTERIO SUPERIOR,Sem função
3800914,Aposentado,PROFESSOR DO MAGISTERIO SUPERIOR,Sem função
2913382,Ativo,PROFESSOR DO MAGISTERIO SUPERIOR,Sem função
2332286,Ativo,PROFESSOR DO MAGISTERIO SUPERIOR,Sem função
1197497,Ativo,PROFESSOR DO MAGISTERIO SUPERIOR,Sem função
2296734,Ativo,PROFESSOR DO MAGISTERIO SUPERIOR,Sem função
2296734,Ativo,Sem informaç,FUC 000.1
2360461,Ativo,AUXILIAR DE ENFERMAGEM,Sem função
2946435,Ativo,PROFESSOR DO MAGISTERIO SUPERIOR,Sem função
299900,Ativo,ASSISTENTE EM ADMINISTRACAO,Sem função
3434284,Pensionista,ASSISTENTE EM ADMINISTRACAO,Sem função
490500,Ativo,PROFESSOR DO MAGISTERIO SUPERIOR,Sem função
2934389,Ativo,ANALISTA DE TEC DA INFORMACAO,Sem função
3691194,Ativo,PROFESSOR DO MAGISTERIO SUPERIOR,Sem função
3691194,Ativo,Sem informaç,FG 000.1
934477,Aposentado,PROFESSOR DO MAGISTERIO SUPERIOR,Sem função
242004,Aposentado,PROFESSOR DO MAGISTERIO SUPERIOR,Sem função
1838780,Aposentado,MOTORISTA,Sem função
2108200,Ativo,ADMINISTRADOR,Sem função
532532,Ativo,AUX EM ADMINISTRACAO,Sem função
166953,Aposentado,BOMBEIRO HIDRAULICO,Sem função
1785307,Aposentado,RECEPCIONISTA,Sem função
1436367,Ativo,MEDICO RESIDENTE,Sem função
3366802,Ativo,TEC DE TECNOLOGIA DA INFORMACAO,Sem função
2321645,Ativo,PROFESSOR DO MAGISTERIO SUPERIOR,Sem função
2321645,Ativo,Sem informaç,CD 000.3
3765054,Ativo,AUXILIAR DE LABORATORIO,Sem função
21574,Ativo,PROFESSOR DO MAGISTERIO SUPERIOR,Sem função
2826,Ativo,PROFESSOR DO MAGISTERIO SUPERIOR,Sem função
2826,Ativo,Sem informaç,FUC 000.1
2839874,Ativo,PROFESSOR DO MAGISTERIO SUPERIOR,Sem função
834514,Aposentado,AUX EM ADMINISTRACAO,Sem função
323419,Ativo,ASSISTENTE DE ALUNO,Sem função
1947092,Ativo,VIGILANTE,Sem função
541990,Aposentado,AJUSTADOR MECANICO,Sem função
541990,Pensionista,AUXILIAR DE ENFERMAGEM,Sem função
274413,Aposentado,PROFESSOR DO MAGISTERIO SUPERIOR,Sem função
1392845,Ativo,TEC DE TECNOLOGIA DA INFORMACAO,Sem função
1392845,Ativo,Sem informaç,FG 000.1
2605073,Aposentado,MOTORISTA,Sem função
426527,Ativo,ASSISTENTE EM ADMINISTRACAO,Sem função
426527,Ativo,Sem informaç,FG 000.1
1171366,Aposentado,PROFESSOR DO MAGISTERIO SUPERIOR,Sem função
3656623,Ativo,PROFESSOR DO MAGISTERIO SUPERIOR,Sem função
1015974,Aposentado,PROFESSOR DO MAGISTERIO SUPERIOR,Sem função
254951,Ativo,TECNICO EM EDIFICACOES,Sem função
470393,Ativo,PROFESSOR MAGISTERIO SUPERIOR-SUBSTITUTO,Sem função
3111421,Ativo,TECNICO DE LABORATORIO AREA,Sem função
595040,Ativo,MEDICO RESIDENTE,Sem função
2520646,Ativo,TECNICO EM ENFERMAGEM,Sem função
3240058,Ativo,PROFESSOR MAGISTERIO SUPERIOR-SUBSTITUTO,Sem função
2513925,Ativo,PROFESSOR MAGISTERIO SUPERIOR-SUBSTITUTO,Sem função
1047840,Ativo,VIGILANTE,Sem função
3348206,Ativo,DESENHISTA DE ARTES GRAFICAS,Sem função
306977,Ativo,TECNOLOGO-FORMACAO,Sem função
3080612,Ativo,MEDICO RESIDENTE,Sem função
1207683,Ativo,AUXILIAR DE ENFERMAGEM,Sem função
1484457,Aposentado,PROFESSOR DO MAGISTERIO SUPERIOR,Sem função
1021059,Ativo,PROFESSOR DO MAGISTERIO SUPERIOR,Sem função
1021059,Aposentado,PROFESSOR DO MAGISTERIO SUPERIOR,Sem função
1965786,Ativo,PROFESSOR DO MAGISTERIO SUPERIOR,Sem função
1965786,Ativo,Sem informaç,FG 000.1
837029,Aposentado,PROFESSOR DO MAGISTERIO SUPERIOR,Sem função
2338069,Ativo,ASSISTENTE EM ADMINISTRACAO,Sem função
2338069,Ativo,Sem informaç,FG 000.3
3655335,Aposentado,ARMAZENISTA,Sem função
5270,Ativo,PROFESSOR DO MAGISTERIO SUPERIOR,Sem função
3428098,Aposentado,PROFESSOR DO MAGISTERIO SUPERIOR,Sem função
2865959,Ativo,AUXILIAR DE COZINHA,Sem função
566691,Ativo,PROFESSOR MAGISTERIO SUPERIOR-SUBSTITUTO,Sem função
372544,Ativo,PROFESSOR DO MAGISTERIO SUPERIOR,Sem função
3169380,Ativo,PROFESSOR DO MAGISTERIO SUPERIOR,Sem função
2348965,Ativo,PROFESSOR DO MAGISTERIO SUPERIOR,Sem função
2467705,Ativo,PROFESSOR DO MAGISTERIO SUPERIOR,Sem função
3339795,Ativo,PROFESSOR DO MAGISTERIO SUPERIOR,Sem função
3339795,Ativo,Sem informaç,FUC 000.1
3527614,Aposentado,PROFESSOR DO MAGISTERIO SUPERIOR,Sem função
1120674,Ativo,PROFESSOR DO MAGISTERIO SUPERIOR,Sem função
1120674,Ativo,Sem informaç,FG 000.1
3557475,Ativo,PROFESSOR MAGISTERIO SUPERIOR-SUBSTITUTO,Sem função
1381646,Ativo,VIGILANTE,Sem função
1449304,Aposentado,TECNICO DE LABORATORIO AREA,Sem função
1468303,Ativo,PROFESSOR DO MAGISTERIO SUPERIOR,Sem função
1988737,Ativo,PROFESSOR DO MAGISTERIO SUPERIOR,Sem função
405417,Ativo,TEC DE TECNOLOGIA DA INFORMACAO,Sem função
3275876,Ativo,ASSISTENTE EM ADMINISTRACAO,Sem função
1974900,Ativo,ASSISTENTE EM ADMINISTRACAO,Sem função
3556759,Pensionista,RECEPCIONISTA,Sem função
3146755,Ativo,ASSISTENTE EM ADMINISTRACAO,Sem função
1387697,Ativo,TECNICO DE LABORATORIO AREA,Sem função
2952476,Ativo,PROFESSOR DO MAGISTERIO SUPERIOR,Sem função
2952476,Ativo,Sem informaç,CD 000.2
1281694,Ativo,AUX EM ADMINISTRACAO,Sem função
1281694,Ativo,Sem informaç,FG 000.1
2834971,Ativo,ASSISTENTE EM ADMINISTRACAO,Sem função
3475068,Aposentado,PROFESSOR DO MAGISTERIO SUPERIOR,Sem função
2856262,Ativo,PROFESSOR ENS BASICO TECN TECNOLOGICO,Sem função
647432,Ativo,MEDICO RESIDENTE,Sem função
2801503,Ativo,PROFESSOR DO MAGISTERIO SUPERIOR,Sem função
1843323,Ativo,PROFESSOR DO MAGISTERIO SUPERIOR,Sem função
1149934,Ativo,PROFESSOR DO MAGISTERIO SUPERIOR,Sem função
88392,Ativo,JORNALISTA,Sem função
1215362,Ativo,PROFESSOR DO MAGISTERIO SUPERIOR,Sem função
1368358,Ativo,PROFESSOR DO MAGISTERIO SUPERIOR,Sem função
2056574,Ativo,ADMINISTRADOR,Sem função
3411563,Ativo,PROFESSOR DO MAGISTERIO SUPERIOR,Sem função
537815,Ativo,PROFESSOR DO MAGISTERIO SUPERIOR,Sem função
3441804,Ativo,MEDICO RESIDENTE,Sem função
2849252,Ativo,ASSISTENTE EM ADMINISTRACAO,Sem função
2849252,Ativo,Sem informaç,FG 000.3
610888,Ativo,TECNICO DE LABORATORIO AREA,Sem função
1058396,Ativo,ENGENHEIRO-AREA,Sem função
3863537,Ativo,MEDICO RESIDENTE,Sem função
572227,Ativo,PROFESSOR DO MAGISTERIO SUPERIOR,Sem função
2978986,Ativo,PROFESSOR DO MAGISTERIO SUPERIOR,Sem função
1037689,Aposentado,ANALISTA DE TEC DA INFORMACAO,Sem função
3753913,Ativo,ADMINISTRADOR DE EDIFICIOS,Sem função
3224072,Pensionista,ASSISTENTE EM ADMINISTRACAO,Sem função
2980111,Aposentado,VIGILANTE,Sem função
2193706,Ativo,TECNICO EM ENFERMAGEM,Sem função
1040767,Ativo,ASSISTENTE EM ADMINISTRACAO,Sem função
3274848,Ativo,PROFESSOR DO MAGISTERIO SUPERIOR,Sem função
538799,Ativo,CONTADOR,Sem função
1929902,Ativo,PROFESSOR MAGISTERIO SUPERIOR-SUBSTITUTO,Sem função
3180464,Ativo,PROFESSOR MAGISTERIO SUPERIOR-SUBSTITUTO,Sem função
3180464,Ativo,ENFERMEIRO-AREA,Sem função
1474667,Ativo,ENFERMEIRO-AREA,Sem função
450067,Ativo,ENFERMEIRO-AREA,Sem função
2202811,Ativo,ASSISTENTE EM ADMINISTRACAO,Sem função
2202811,Ativo,Sem informaç,FG 000.3
2085897,Aposentado,AUX EM ADMINISTRACAO,Sem função
1878010,Ativo,PROFESSOR DO MAGISTERIO SUPERIOR,Sem função
1876693,Ativo,ASSISTENTE EM ADMINISTRACAO,Sem função
36122,Ativo,ENFERMEIRO-AREA,Sem função
719255,Ativo,PROFESSOR DO MAGISTERIO SUPERIOR,Sem função
3110237,Ativo,ESTATISTICO,Sem função
3110237,Ativo,Sem informaç,FG 000.1
2945895,Ativo,PROFESSOR DO MAGISTERIO SUPERIOR,Sem função
3862842,Ativo,PROFESSOR MAGISTERIO SUPERIOR-SUBSTITUTO,Sem função
82747,Ativo,ARQUITETO E URBANISTA,Sem função
82747,Ativo,Sem informaç,FG 000.1
3111305,Ativo,ASSISTENTE EM ADMINISTRACAO,Sem função
1787762,Ativo,NUTRICIONISTA-HABILITACAO,Sem função
2825228,Ativo,ENFERMEIRO-AREA,Sem função
3230591,Ativo,AUXILIAR DE ENFERMAGEM,Sem função
3230591,Ativo,Inválido,Sem função
1420785,Ativo,PROFESSOR DO MAGISTERIO SUPERIOR,Sem função
1420785,Ativo,Inválido,Sem função
3351038,Aposentado,ASSISTENTE EM ADMINISTRACAO,Sem função
3203956,Aposentado,VIGILANTE,Sem função
3859405,Ativo,RESIDENCIA MULTIPROFISSIONAL,Sem função
1662059,Ativo,PROFESSOR ENS BASICO TECN TECNOLOGICO,Sem função
2721756,Ativo,AUXILIAR DE ENFERMAGEM,Sem função
3852315,Ativo,RESIDENCIA MULTIPROFISSIONAL,Sem função
3259860,Aposentado,ASSISTENTE EM ADMINISTRACAO,Sem função
3135154,Pensionista,ASSISTENTE EM ADMINISTRACAO,Sem função
864516,Pensionista,COSTUREIRO,Sem função
1960319,Ativo,SECRETARIO EXECUTIVO,Sem função
1897337,Aposentado,PROFESSOR DO MAGISTERIO SUPERIOR,Sem função
1897337,Pensionista,PROFESSOR DO MAGISTERIO SUPERIOR,Sem função
1824699,Ativo,MEDICO-AREA,Sem função
3356560,Ativo,MUSICO,Sem função
1338619,Ativo,PROFESSOR DO MAGISTERIO SUPERIOR,Sem função
1346623,Aposentado,TECNICO DE LABORATORIO AREA,Sem função
484830,Ativo,ENGENHEIRO DE SEG DO TRABALHO,Sem função
3273124,Ativo,MEDICO-AREA,Sem função
414716,Ativo,TECNICO DE LABORATORIO AREA,Sem função
1670531,Pensionista,TECNICO EM ENFERMAGEM,Sem função
2855716,Ativo,PROFESSOR DO MAGISTERIO SUPERIOR,Sem função
2855716,Ativo,Sem informaç,FUC 000.1
313590,Ativo,ASSISTENTE EM ADMINISTRACAO,Sem função
1540654,Ativo,PROFESSOR DO MAGISTERIO SUPERIOR,Sem função
201398,Ativo,ASSISTENTE EM ADMINISTRACAO,Sem função
1867287,Ativo,PROFESSOR DO MAGISTERIO SUPERIOR,Sem função
504073,Ativo,PROFESSOR DO MAGISTERIO SUPERIOR,Sem função
2188679,Ativo,TEC EM ELETROELETRONICA,Sem função
782924,Ativo,PROFESSOR MAGISTERIO SUPERIOR-SUBSTITUTO,Sem função
535213,Ativo,PROFESSOR DO MAGISTERIO SUPERIOR,Sem função
242903,Ativo,PROFESSOR DO MAGISTERIO SUPERIOR,Sem função
1596720,Ativo,PROFESSOR MAGISTERIO SUPERIOR -VISITANTE,Sem função
1729189,Ativo,PROFESSOR DO MAGISTERIO SUPERIOR,Sem função
1729189,Ativo,Sem informaç,FUC 000.1
3815139,Ativo,PROFESSOR DO MAGISTERIO SUPERIOR,Sem função
1116612,Ativo,ASSISTENTE EM ADMINISTRACAO,Sem função
1116612,Ativo,Sem informaç,FG 000.1
1251438,Aposentado,PROFESSOR DO MAGISTERIO SUPERIOR,Sem função
3524339,Ativo,ASSISTENTE EM ADMINISTRACAO,Sem função
3495636,Ativo,FARMACEUTICO-HABILITACAO,Sem função
2208277,Ativo,TECNICO DE LABORATORIO AREA,Sem função
1924572,Ativo,ASSISTENTE EM ADMINISTRACAO,Sem função
61148,Ativo,MEDICO RESIDENTE,Sem função
287382,Ativo,PROFESSOR DO MAGISTERIO SUPERIOR,Sem função
954995,Pensionista,PROFESSOR DO MAGISTERIO SUPERIOR,Sem função
1196848,Ativo,ASSISTENTE EM ADMINISTRACAO,Sem função
2854304,Ativo,MEDICO RESIDENTE,Sem função
1070591,Ativo,ASSISTENTE EM ADMINISTRACAO,Sem função
3260547,Ativo,TECNICO EM CONTABILIDADE,Sem função
3260547,Ativo,Sem informaç,FG 000.1
2000610,Ativo,TEC DE TECNOLOGIA DA INFORMACAO,Sem função
3072945,Aposentado,COPEIRO,Sem função
2215820,Ativo,PROFESSOR DO MAGISTERIO SUPERIOR,Sem função
2975681,Ativo,PROFESSOR DO MAGISTERIO SUPERIOR,Sem função
727134,Ativo,ASSISTENTE EM ADMINISTRACAO,Sem função
3855502,Ativo,TEC DE TECNOLOGIA DA INFORMACAO,Sem função
1096417,Ativo,ADMINISTRADOR,Sem função
3716758,Ativo,ASSISTENTE EM ADMINISTRACAO,Sem função
3716758,Ativo,Sem informaç,FG 000.1
3419376,Ativo,PROFESSOR MAGISTERIO SUPERIOR-SUBSTITUTO,Sem função
1322727,Ativo,TEC DE TECNOLOGIA DA INFORMACAO,Sem função
979447,Aposentado,TECNICO EM CONTABILIDADE,Sem função
2103997,Ativo,PROFESSOR MAGISTERIO SUPERIOR-SUBSTITUTO,Sem função
2837149,Ativo,PROFESSOR DO MAGISTERIO SUPERIOR,Sem função
2388497,Ativo,PROFESSOR DO MAGISTERIO SUPERIOR,Sem função
2412499,Ativo,SECRETARIO EXECUTIVO,Sem função
1051401,Ativo,ARQUITETO E URBANISTA,Sem função
61108,Ativo,SANITARISTA,Sem função
3861349,Ativo,MEDICO RESIDENTE,Sem função
2909653,Ativo,PROFESSOR DO MAGISTERIO SUPERIOR,Sem função
132775,Ativo,TECNICO EM CONTABILIDADE,Sem função
1370961,Ativo,BIBLIOTECARIO-DOCUMENTALISTA,Sem função
2247577,Ativo,PROFESSOR MAGISTERIO SUPERIOR-SUBSTITUTO,Sem função
2236725,Ativo,TECNICO EM ASSUNTOS EDUCACIONAIS,Sem função
316392,Ativo,PROFESSOR DO MAGISTERIO SUPERIOR,Sem função
33631,Ativo,ENFERMEIRO-AREA,Sem função
2394312,Ativo,PROFESSOR DO MAGISTERIO SUPERIOR,Sem função
421208,Ativo,TECNICO EM ASSUNTOS EDUCACIONAIS,Sem função
3750114,Ativo,ASSISTENTE EM ADMINISTRACAO,Sem função
599422,Ativo,PROFESSOR MAGISTERIO SUPERIOR-SUBSTITUTO,Sem função
131236,Ativo,MEDICO-AREA,Sem função
1240230,Ativo,ASSISTENTE EM ADMINISTRACAO,Sem função
806520,Ativo,PROFESSOR DO MAGISTERIO SUPERIOR,Sem função
2596397,Pensionista,ASSISTENTE EM ADMINISTRACAO,Sem função
586970,Aposentado,ADMINISTRADOR,Sem função
197668,Pensionista,AUX EM ADMINISTRACAO,Sem função
3076408,Ativo,CONTINUO,Sem função
2582287,Aposentado,PROFESSOR DO MAGISTERIO SUPERIOR,Sem função
1022608,Ativo,MEDICO-AREA,Sem função
68267,Ativo,VIGILANTE,Sem função
1361231,Ativo,PROFESSOR MAGISTERIO SUPERIOR-SUBSTITUTO,Sem função
978904,Aposentado,PROFESSOR DO MAGISTERIO SUPERIOR,Sem função
2836411,Ativo,PROFESSOR DO MAGISTERIO SUPERIOR,Sem função
2580442,Aposentado,PROFESSOR DO MAGISTERIO SUPERIOR,Sem função
1308823,Ativo,PROFESSOR DO MAGISTERIO SUPERIOR,Sem função
3608811,Ativo,ASSISTENTE EM ADMINISTRACAO,Sem função
1062079,Ativo,PRODUTOR CULTURAL,Sem função
1062079,Ativo,Sem informaç,FG 000.1
3438034,Ativo,ASSISTENTE EM ADMINISTRACAO,Sem função
3344836,Ativo,MEDICO RESIDENTE,Sem função
2215523,Ativo,JORNALISTA,Sem função
3726963,Aposentado,PROFESSOR DO MAGISTERIO SUPERIOR,Sem função
2148983,Aposentado,PROFESSOR DO MAGISTERIO SUPERIOR,Sem função
1334014,Ativo,PROFESSOR DO MAGISTERIO SUPERIOR,Sem função
1931619,Ativo,PROFESSOR DO MAGISTERIO SUPERIOR,Sem função
3124606,Aposentado,PROFESSOR DO MAGISTERIO SUPERIOR,Sem função
1536518,Aposentado,TECNICO DE LABORATORIO AREA,Sem função
2521308,Aposentado,ASSISTENTE EM ADMINISTRACAO,Sem função
2218052,Ativo,PROFESSOR DO MAGISTERIO SUPERIOR,Sem função
2534689,Ativo,ASSISTENTE EM ADMINISTRACAO,Sem função
2799369,Ativo,PROFESSOR DO MAGISTERIO SUPERIOR,Sem função
1069192,Aposentado,PROFESSOR DO MAGISTERIO SUPERIOR,Sem função
3450017,Ativo,MEDICO RESIDENTE,Sem função
3892537,Ativo,PROFESSOR DO MAGISTERIO SUPERIOR,Sem função
103605,Ativo,MEDICO VETERINARIO,Sem função
3078390,Ativo,SECRETARIO EXECUTIVO,Sem função
2462512,Ativo,MEDICO RESIDENTE,Sem função
326774,Aposentado,PROFESSOR DO MAGISTERIO SUPERIOR,Sem função
326774,Aposentado,PROFESSOR DO MAGISTERIO SUPERIOR,Sem função
3718205,Ativo,PROFESSOR DO MAGISTERIO SUPERIOR,Sem função
348263,Ativo,PROFESSOR MAGISTERIO SUPERIOR-SUBSTITUTO,Sem função
413659,Ativo,ASSISTENTE EM ADMINISTRACAO,Sem função
1726807,Ativo,AUX EM ADMINISTRACAO,Sem função
3727083,Ativo,TECNICO DE LABORATORIO AREA,Sem função
132876,Ativo,BIOMEDICO,Sem função
1015559,Ativo,TEC DE TECNOLOGIA DA INFORMACAO,Sem função
575617,Ativo,PROFESSOR DO MAGISTERIO SUPERIOR,Sem função
1554098,Ativo,PROFESSOR DO MAGISTERIO SUPERIOR,Sem função
539189,Ativo,ANALISTA DE TEC DA INFORMACAO,Sem função
1131902,Ativo,ASSISTENTE EM ADMINISTRACAO,Sem função
1320291,Ativo,PROFESSOR DO MAGISTERIO SUPERIOR,Sem função
1910702,Ativo,PROFESSOR MAGISTERIO SUPERIOR-SUBSTITUTO,Sem função
3336686,Pensionista,FOTOGRAFO,Sem função
2231423,Ativo,PROFESSOR DO MAGISTERIO SUPERIOR,Sem função
845221,Ativo,ASSISTENTE EM ADMINISTRACAO,Sem função
3132246,Ativo,AUX EM ADMINISTRACAO,Sem função
2710335,Ativo,PROFESSOR DO MAGISTERIO SUPERIOR,Sem função
2477967,Ativo,PROFESSOR MAGISTERIO SUPERIOR-SUBSTITUTO,Sem função
2240118,Ativo,PROFESSOR DO MAGISTERIO SUPERIOR,Sem função
3133910,Ativo,PROFESSOR DO MAGISTERIO SUPERIOR,Sem função
962368,Pensionista,RECEPCIONISTA,Sem função
85722,Ativo,ENFERMEIRO-AREA,Sem função
3077497,Ativo,TECNICO DE LABORATORIO AREA,Sem função
560833,Aposentado,BIBLIOTECARIO-DOCUMENTALISTA,Sem função
1137716,Ativo,AUXILIAR DE ENFERMAGEM,Sem função
1153574,Ativo,TECNICO EM ENFERMAGEM,Sem função
3851376,Ativo,MEDICO RESIDENTE,Sem função
1725094,Ativo,TECNICO DE LABORATORIO AREA,Sem função
2191515,Aposentado,BIBLIOTECARIO-DOCUMENTALISTA,Sem função
278132,Ativo,PROFESSOR DO MAGISTERIO SUPERIOR,Sem função
278132,Ativo,Sem informaç,GF 002.6
2615504,Pensionista,ASSISTENTE EM ADMINISTRACAO,Sem função
2090611,Ativo,VIGILANTE,Sem função
3302537,Ativo,SECRETARIO EXECUTIVO,Sem função
108713,Ativo,PROFESSOR MAGISTERIO SUPERIOR-SUBSTITUTO,Sem função
2217699,Ativo,MEDICO-AREA,Sem função
771316,Aposentado,PROFESSOR DO MAGISTERIO SUPERIOR,Sem função
2950318,Aposentado,ASSISTENTE EM ADMINISTRACAO,Sem função
2332362,Ativo,PROFESSOR DO MAGISTERIO SUPERIOR,Sem função
3118671,Ativo,ENFERMEIRO-AREA,Sem função
789517,Ativo,ASSISTENTE EM ADMINISTRACAO,Sem função
3448463,Aposentado,PROFESSOR DO MAGISTERIO SUPERIOR,Sem função
242073,Ativo,PROFESSOR DO MAGISTERIO SUPERIOR,Sem função
486927,Ativo,PROFESSOR DO MAGISTERIO SUPERIOR,Sem função
3261675,Ativo,BIBLIOTECARIO-DOCUMENTALISTA,Sem função
1041305,Ativo,TEC DE TECNOLOGIA DA INFORMACAO,Sem função
497847,Ativo,PROFESSOR DO MAGISTERIO SUPERIOR,Sem função
304684,Aposentado,PROFESSOR DO MAGISTERIO SUPERIOR,Sem função
1129790,Ativo,PROFESSOR MAGISTERIO SUPERIOR-SUBSTITUTO,Sem função
3852736,Ativo,ASSISTENTE EM ADMINISTRACAO,Sem função
567308,Ativo,PROFESSOR DO MAGISTERIO SUPERIOR,Sem função
648904,Ativo,TEC EM SEGURANCA DO TRABALHO,Sem função
535291,Ativo,TRADUTOR INTERPRETE DE LINGUAGEM SINAIS,Sem função
3067604,Ativo,ENGENHEIRO-AREA,Sem função
3067604,Ativo,Sem informaç,CD 000.4
452342,Ativo,RESIDENCIA MULTIPROF. SAUDE DA FAMILIA,Sem função
2721090,Aposentado,ASSISTENTE EM ADMINISTRACAO,Sem função
597961,Ativo,MEDICO RESIDENTE,Sem função
2925930,Ativo,SECRETARIO EXECUTIVO,Sem função
2925930,Ativo,Sem informaç,FG 000.1
3861511,Ativo,RESIDENCIA MULTIPROFISSIONAL,Sem função
949198,Ativo,AUX EM ADMINISTRACAO,Sem função
949198,Ativo,Sem informaç,FG 000.1
3033270,Ativo,PROFESSOR DO MAGISTERIO SUPERIOR,Sem função
3270902,Ativo,TECNICO EM ASSUNTOS EDUCACIONAIS,Sem função
694567,Ativo,MEDICO RESIDENTE,Sem função
384060,Ativo,PROFESSOR DO MAGISTERIO SUPERIOR,Sem função
3477111,Ativo,PSICOLOGO-AREA,Sem função
61246,Ativo,TECNICO EM ENFERMAGEM,Sem função
897133,Aposentado,ASSISTENTE EM ADMINISTRACAO,Sem função
1783400,Ativo,PROFESSOR DO MAGISTERIO SUPERIOR,Sem função
1783400,Ativo,Sem informaç,FUC 000.1
1384525,Ativo,PROFESSOR DO MAGISTERIO SUPERIOR,Sem função
2300448,Ativo,PROFESSOR DO MAGISTERIO SUPERIOR,Sem função
619305,Pensionista,RECEPCIONISTA,Sem função
318285,Ativo,PROFESSOR DO MAGISTERIO SUPERIOR,Sem função
2781540,Pensionista,ASSISTENTE EM ADMINISTRACAO,Sem função
2762344,Pensionista,ASSISTENTE EM ADMINISTRACAO,Sem função
946874,Pensionista,PROFESSOR DO MAGISTERIO SUPERIOR,Sem função
2353310,Aposentado,TECNICO EM ASSUNTOS EDUCACIONAIS,Sem função
746388,Aposentado,ASSISTENTE EM ADMINISTRACAO,Sem função
183693,Aposentado,TECNICO DE LABORATORIO AREA,Sem função
726491,Aposentado,TECNICO EM ENFERMAGEM,Sem função
860677,Aposentado,TECNICO EM CONTABILIDADE,Sem função
1407022,Ativo,ENFERMEIRO-AREA,Sem função
2772528,Ativo,AUXILIAR DE ENFERMAGEM,Sem função
2684396,Pensionista,ASSISTENTE EM ADMINISTRACAO,Sem função
324600,Aposentado,AUX EM ADMINISTRACAO,Sem função
1435917,Ativo,MEDICO RESIDENTE,Sem função
214914,Aposentado,ODONTOLOGO - 30 HORAS - DL 1445-76,Sem função
3210831,Aposentado,ATENDENTE DE ENFERMAGEM,Sem função
546360,Ativo,AUX EM ADMINISTRACAO,Sem função
3397429,Ativo,PROFESSOR MAGISTERIO SUPERIOR-SUBSTITUTO,Sem função
2304464,Aposentado,TECNICO EM MECANICA,Sem função
237921,Ativo,ASSISTENTE EM ADMINISTRACAO,Sem função
2833252,Ativo,ENGENHEIRO-AREA,Sem função
2833252,Ativo,Sem informaç,FG 000.1
1094767,Ativo,PROFESSOR DO MAGISTERIO SUPERIOR,Sem função
1094767,Ativo,Sem informaç,FUC 000.1
146987,Aposentado,VIGILANTE,Sem função
1362840,Ativo,VIGILANTE,Sem função
225694,Aposentado,PROFESSOR DO MAGISTERIO SUPERIOR,Sem função
547846,Ativo,PROFESSOR DO MAGISTERIO SUPERIOR,Sem função
3758159,Pensionista,PROFESSOR DO MAGISTERIO SUPERIOR,Sem função
2578035,Aposentado,PROFESSOR DO MAGISTERIO SUPERIOR,Sem função
3219193,Ativo,TECNICO DE LABORATORIO AREA,Sem função
919807,Aposentado,TELEFONISTA,Sem função
2914291,Ativo,CONTADOR,Sem função
1150803,Aposentado,ASSISTENTE EM ADMINISTRACAO,Sem função
289920,Pensionista,FOTOGRAFO,Sem função
3333759,Pensionista,ASSISTENTE EM ADMINISTRACAO,Sem função
2559988,Ativo,TECNICO EM ENFERMAGEM,Sem função
949734,Pensionista,PROFESSOR DO MAGISTERIO SUPERIOR,Sem função
3753318,Aposentado,TECNICO DE LABORATORIO AREA,Sem função
1109142,Ativo,PROFESSOR DO MAGISTERIO SUPERIOR,Sem função
758577,Aposentado,BIBLIOTECARIO-DOCUMENTALISTA,Sem função
3235736,Pensionista,CONTRAMESTRE-OFICIO,Sem função
2624773,Pensionista,RECEPCIONISTA,Sem função
1033157,Aposentado,TECNICO EM ASSUNTOS EDUCACIONAIS,Sem função
929397,Pensionista,PROFESSOR DO MAGISTERIO SUPERIOR,Sem função
1910845,Ativo,AUXILIAR DE ENFERMAGEM,Sem função
1336286,Ativo,PROFESSOR DO MAGISTERIO SUPERIOR,Sem função
1336286,Ativo,Sem informaç,FG 000.1
2636124,Aposentado,TECNICO DE LABORATORIO AREA,Sem função
2323526,Aposentado,ASSISTENTE EM ADMINISTRACAO,Sem função
3496853,Ativo,TECNICO EM ENFERMAGEM,Sem função
1625076,Ativo,ENFERMEIRO-AREA,Sem função
420916,Ativo,BIBLIOTECARIO-DOCUMENTALISTA,Sem função
1659401,Aposentado,PROFESSOR DO MAGISTERIO SUPERIOR,Sem função
2000155,Pensionista,VESTIARISTA,Sem função
2098191,Ativo,ENFERMEIRO-AREA,Sem função
1678849,Ativo,AUX EM ADMINISTRACAO,Sem função
2506481,Ativo,TECNICO DE LABORATORIO AREA,Sem função
2506481,Ativo,Sem informaç,FG 000.1
1617340,Ativo,PROFESSOR DO MAGISTERIO SUPERIOR,Sem função
2877149,Ativo,PROFESSOR MAGISTERIO SUPERIOR-SUBSTITUTO,Sem função
2319310,Ativo,MEDICO-AREA,Sem função
49261,Ativo,SECRETARIO EXECUTIVO,Sem função
15229,Ativo,ADMINISTRADOR DE EDIFICIOS,Sem função
15229,Ativo,Sem informaç,FG 000.1
3344055,Pensionista,PROFESSOR DO MAGISTERIO SUPERIOR,Sem função
3344055,Pensionista,ASSISTENTE EM ADMINISTRACAO,Sem função
316337,Ativo,PROFESSOR DO MAGISTERIO SUPERIOR,Sem função
511474,Ativo,PROFESSOR DO MAGISTERIO SUPERIOR,Sem função
3245173,Ativo,PROFESSOR MAGISTERIO SUPERIOR-SUBSTITUTO,Sem função
3720563,Ativo,MEDICO RESIDENTE,Sem função
2346592,Ativo,FISIOTERAPEUTA,Sem função
307067,Ativo,TECNICO DE LABORATORIO AREA,Sem função
2867612,Ativo,PROFESSOR DO MAGISTERIO SUPERIOR,Sem função
3042939,Ativo,ASSISTENTE EM ADMINISTRACAO,Sem função
71905,Ativo,ENFERMEIRO-AREA,Sem função
827677,Ativo,PROFESSOR DO MAGISTERIO SUPERIOR,Sem função
2927404,Ativo,PROFESSOR DO MAGISTERIO SUPERIOR,Sem função
1155583,Ativo,PROFESSOR DO MAGISTERIO SUPERIOR,Sem função
3254886,Ativo,PROFESSOR DO MAGISTERIO SUPERIOR,Sem função
3254886,Ativo,Sem informaç,CCX 021.3
1718306,Ativo,TECNICO EM ASSUNTOS EDUCACIONAIS,Sem função
3194339,Ativo,ASSISTENTE SOCIAL,Sem função
3133108,Ativo,BIBLIOTECARIO-DOCUMENTALISTA,Sem função
492626,Ativo,TECNICO EM ENFERMAGEM,Sem função
3211029,Ativo,PROFESSOR DO MAGISTERIO SUPERIOR,Sem função
1666681,Aposentado,QUIMICO,Sem função
2916117,Ativo,AUX EM ADMINISTRACAO,Sem função
295993,Ativo,PROFESSOR DO MAGISTERIO SUPERIOR,Sem função
1787308,Ativo,PROFESSOR DO MAGISTERIO SUPERIOR,Sem função
3050303,Ativo,ENFERMEIRO-AREA,Sem função
1014148,Ativo,PSICOLOGO-AREA,Sem função
2409238,Ativo,JORNALISTA,Sem função
2409238,Ativo,Inválido,Sem função
2214948,Ativo,AUXILIAR DE ENFERMAGEM,Sem função
848805,Ativo,PROFESSOR DO MAGISTERIO SUPERIOR,Sem função
1004166,Ativo,PROFESSOR DO MAGISTERIO SUPERIOR,Sem função
1056319,Ativo,PEDAGOGO-AREA,Sem função
2372446,Ativo,PROFESSOR DO MAGISTERIO SUPERIOR,Sem função
3263064,Ativo,NUTRICIONISTA-HABILITACAO,Sem função
1904822,Ativo,ADMINISTRADOR,Sem função
2934424,Ativo,ASSISTENTE SOCIAL,Sem função
263336,Aposentado,JORNALISTA,Sem função
141198,Ativo,PROFESSOR DO MAGISTERIO SUPERIOR,Sem função
567690,Ativo,ASSISTENTE EM ADMINISTRACAO,Sem função
567690,Ativo,Sem informaç,GF 002.6
3112166,Ativo,PROFESSOR DO MAGISTERIO SUPERIOR,Sem função
3112166,Ativo,Sem informaç,FUC 000.1
2338407,Ativo,PROFESSOR MAGISTERIO SUPERIOR-SUBSTITUTO,Sem função
273369,Ativo,PROFESSOR DO MAGISTERIO SUPERIOR,Sem função
2519704,Aposentado,PROFESSOR DO MAGISTERIO SUPERIOR,Sem função
441568,Ativo,VIGILANTE,Sem função
1152585,Ativo,PROFESSOR DO MAGISTERIO SUPERIOR,Sem função
3382404,Ativo,PROFESSOR DO MAGISTERIO SUPERIOR,Sem função
868217,Ativo,TECNICO EM RADIOLOGIA,Sem função
280194,Ativo,PROFESSOR DO MAGISTERIO SUPERIOR,Sem função
544061,Ativo,AUX EM ADMINISTRACAO,Sem função
3431483,Ativo,PROFESSOR MAGISTERIO SUPERIOR -VISITANTE,Sem função
2917918,Ativo,PROFESSOR DO MAGISTERIO SUPERIOR,Sem função
3514517,Ativo,PROFESSOR DO MAGISTERIO SUPERIOR,Sem função
3250923,Ativo,PROFESSOR DO MAGISTERIO SUPERIOR,Sem função
1477587,Ativo,PROFESSOR DO MAGISTERIO SUPERIOR,Sem função
3123725,Pensionista,JORNALISTA,Sem função
1060757,Ativo,PROFESSOR DO MAGISTERIO SUPERIOR,Sem função
1412902,Aposentado,PROFESSOR DO MAGISTERIO SUPERIOR,Sem função
1049500,Ativo,ASSISTENTE EM ADMINISTRACAO,Sem função
2550768,Ativo,ANALISTA DE TEC DA INFORMACAO,Sem função
2550768,Ativo,Sem informaç,CD 000.3
8556,Ativo,PROFESSOR DO MAGISTERIO SUPERIOR,Sem função
3303212,Ativo,PROFESSOR DO MAGISTERIO SUPERIOR,Sem função
3303212,Ativo,Sem informaç,FG 000.1
757441,Aposentado,SECRETARIO EXECUTIVO,Sem função
158088,Pensionista,PROFESSOR 3 GRAU,Sem função
705689,Ativo,RESIDENCIA MULTIPROFISSIONAL,Sem função
3504784,Ativo,PROFESSOR DO MAGISTERIO SUPERIOR,Sem função
617538,Ativo,PROFESSOR DO MAGISTERIO SUPERIOR,Sem função
459835,Ativo,ASSISTENTE EM ADMINISTRACAO,Sem função
339389,Aposentado,PROFESSOR DO MAGISTERIO SUPERIOR,Sem função
364144,Ativo,BIBLIOTECARIO-DOCUMENTALISTA,Sem função
1971628,Aposentado,PROFESSOR DO MAGISTERIO SUPERIOR,Sem função
173886,Aposentado,ADMINISTRADOR,Sem função
3707896,Ativo,PROFESSOR DO MAGISTERIO SUPERIOR,Sem função
2920124,Ativo,VIGILANTE,Sem função
3514527,Ativo,ASSISTENTE EM ADMINISTRACAO,Sem função
3369039,Aposentado,PROFESSOR DO MAGISTERIO SUPERIOR,Sem função
1144567,Ativo,PROFESSOR DO MAGISTERIO SUPERIOR,Sem função
2920607,Ativo,PROFESSOR DO MAGISTERIO SUPERIOR,Sem função
1788783,Aposentado,PROFESSOR DO MAGISTERIO SUPERIOR,Sem função
2672658,Pensionista,PROFESSOR 3 GRAU,Sem função
2317564,Ativo,PROFESSOR DO MAGISTERIO SUPERIOR,Sem função
2317564,Ativo,Sem informaç,FUC 000.1
629908,Aposentado,PROFESSOR DO MAGISTERIO SUPERIOR,Sem função
3465981,Ativo,PROFESSOR DO MAGISTERIO SUPERIOR,Sem função
930517,Pensionista,PROFESSOR DO MAGISTERIO SUPERIOR,Sem função
930517,Pensionista,PROFESSOR DO MAGISTERIO SUPERIOR,Sem função
1211023,Ativo,PROFESSOR DO MAGISTERIO SUPERIOR,Sem função
3629139,Aposentado,MEDICO-AREA,Sem função
1083256,Ativo,PROFESSOR DO MAGISTERIO SUPERIOR,Sem função
1972293,Ativo,PROFESSOR DO MAGISTERIO SUPERIOR,Sem função
3112070,Ativo,ADMINISTRADOR,Sem função
3112070,Ativo,Sem informaç,FG 000.1
1361693,Ativo,PROFESSOR DO MAGISTERIO SUPERIOR,Sem função
2694643,Aposentado,PROFESSOR DO MAGISTERIO SUPERIOR,Sem função
1182170,Aposentado,PROFESSOR DO MAGISTERIO SUPERIOR,Sem função
3440608,Aposentado,PROFESSOR DO MAGISTERIO SUPERIOR,Sem função
3197253,Ativo,PROFESSOR DO MAGISTERIO SUPERIOR,Sem função
369240,Ativo,PROFESSOR DO MAGISTERIO SUPERIOR,Sem função
1574681,Ativo,PROFESSOR DO MAGISTERIO SUPERIOR,Sem função
2887706,Ativo,PROFESSOR DO MAGISTERIO SUPERIOR,Sem função
2709955,Aposentado,PROFESSOR DO MAGISTERIO SUPERIOR,Sem função
1962098,Ativo,PROFESSOR DO MAGISTERIO SUPERIOR,Sem função
2531436,Aposentado,PROFESSOR DO MAGISTERIO SUPERIOR,Sem função
57397,Ativo,VIGILANTE,Sem função
538987,Aposentado,PROFESSOR DO MAGISTERIO SUPERIOR,Sem função
49594,Ativo,JORNALISTA,Sem função
2782768,Ativo,AUDITOR,Sem função
48736,Ativo,PROFESSOR DO MAGISTERIO SUPERIOR,Sem função
1299961,Aposentado,PROFESSOR DO MAGISTERIO SUPERIOR,Sem função
3242976,Ativo,VIGILANTE,Sem função
3211028,Ativo,ASSISTENTE EM ADMINISTRACAO,Sem função
3211028,Ativo,Sem informaç,FG 000.1
3391343,Ativo,ASSISTENTE EM ADMINISTRACAO,Sem função
375907,Ativo,PROFESSOR DO MAGISTERIO SUPERIOR,Sem função
1608943,Ativo,VIGILANTE,Sem função
359151,Ativo,PROFESSOR DO MAGISTERIO SUPERIOR,Sem função
2825363,Ativo,ASSISTENTE EM ADMINISTRACAO,Sem função
1355297,Ativo,PROFESSOR DO MAGISTERIO SUPERIOR,Sem função
2256235,Ativo,ASSISTENTE EM ADMINISTRACAO,Sem função
2231587,Ativo,PROFESSOR DO MAGISTERIO SUPERIOR,Sem função
2834086,Ativo,PROFESSOR DO MAGISTERIO SUPERIOR,Sem função
1497067,Aposentado,PROFESSOR DO MAGISTERIO SUPERIOR,Sem função
2312106,Ativo,PROFESSOR DO MAGISTERIO SUPERIOR,Sem função
3180291,Ativo,PROFESSOR DO MAGISTERIO SUPERIOR,Sem função
2497700,Ativo,PROFESSOR DO MAGISTERIO SUPERIOR,Sem função
399056,Ativo,PROFESSOR DO MAGISTERIO SUPERIOR,Sem função
399056,Ativo,Sem informaç,FG 000.1
2394060,Ativo,ASSISTENTE EM ADMINISTRACAO,Sem função
2367521,Ativo,PROFESSOR DO MAGISTERIO SUPERIOR,Sem função
3694392,Ativo,PROFESSOR ENS BASICO TECN TECNOLOGICO,Sem função
2908189,Ativo,PROFESSOR DO MAGISTERIO SUPERIOR,Sem função
2812455,Ativo,PROFESSOR DO MAGISTERIO SUPERIOR,Sem função
1712800,Aposentado,PROFESSOR DO MAGISTERIO SUPERIOR,Sem função
2499874,Ativo,PROFESSOR DO MAGISTERIO SUPERIOR,Sem função
3725409,Ativo,PROFESSOR DO MAGISTERIO SUPERIOR,Sem função
3725409,Ativo,Sem informaç,FUC 000.1
1302662,Aposentado,ASSISTENTE EM ADMINISTRACAO,Sem função
1302662,Pensionista,ASSISTENTE EM ADMINISTRACAO,Sem função
2728661,Aposentado,MEDICO-AREA,Sem função
3501980,Aposentado,AUXILIAR DE ENFERMAGEM,Sem função
424508,Ativo,TECNICO EM ENFERMAGEM,Sem função
870056,Aposentado,PROFESSOR DO MAGISTERIO SUPERIOR,Sem função
883531,Pensionista,TECNICO EM ELETROMECANICA,Sem função
3458694,Ativo,ASSISTENTE EM ADMINISTRACAO,Sem função
2407599,Pensionista,OPERADOR DE CAMERA DE CINEMA E TV,Sem função
2864229,Ativo,ASSISTENTE DE LABORATORIO,Sem função
394881,Ativo,TECNICO EM RADIOLOGIA,Sem função
1158462,Ativo,PROFESSOR DO MAGISTERIO SUPERIOR,Sem função
1158462,Ativo,Sem informaç,FUC 000.1
510586,Aposentado,AUX EM ADMINISTRACAO,Sem função
3181442,Ativo,TECNICO DE LABORATORIO AREA,Sem função
1148134,Ativo,ASSISTENTE EM ADMINISTRACAO,Sem função
1617508,Ativo,PROFESSOR MAGISTERIO SUPERIOR-SUBSTITUTO,Sem função
1497922,Aposentado,PROFESSOR DO MAGISTERIO SUPERIOR,Sem função
2586598,Pensionista,PROFESSOR DO MAGISTERIO SUPERIOR,Sem função
2329546,Aposentado,SERVENTE DE LIMPEZA,Sem função
1731021,Ativo,ASSISTENTE EM ADMINISTRACAO,Sem função
1731021,Ativo,Sem informaç,FG 000.3
3534094,Pensionista,EDITOR DE IMAGENS,Sem função
970208,Aposentado,AUX EM ADMINISTRACAO,Sem função
2186665,Pensionista,VIGILANTE,Sem função
1393467,Ativo,PROFESSOR MAGISTERIO SUPERIOR-SUBSTITUTO,Sem função
170950,Aposentado,AUX EM ADMINISTRACAO,Sem função
2117046,Aposentado,CONTINUO,Sem função
486137,Ativo,PROFESSOR ENS BASICO TECN TECNOLOGICO,Sem função
738009,Aposentado,ASSISTENTE EM ADMINISTRACAO,Sem função
397351,Aposentado,FARMACEUTICO-HABILITACAO,Sem função
3544971,Pensionista,AUXILIAR DE LABORATORIO,Sem função
3858552,Ativo,MEDICO RESIDENTE,Sem função
2431155,Aposentado,MEDICO-AREA,Sem função
3014454,Ativo,PROFESSOR DO MAGISTERIO SUPERIOR,Sem função
136225,Aposentado,PROFESSOR DO MAGISTERIO SUPERIOR,Sem função
3394967,Ativo,PROFESSOR MAGISTERIO SUPERIOR-SUBSTITUTO,Sem função
3193983,Pensionista,AUX EM ADMINISTRACAO,Sem função
1053218,Ativo,TECNICO EM ENFERMAGEM,Sem função
3685689,Pensionista,ASSISTENTE EM ADMINISTRACAO,Sem função
1858297,Aposentado,PROFESSOR DO MAGISTERIO SUPERIOR,Sem função
1357904,Ativo,AUX EM ADMINISTRACAO,Sem função
1365993,Pensionista,ATENDENTE DE ENFERMAGEM,Sem função
2210621,Aposentado,ASSISTENTE EM ADMINISTRACAO,Sem função
1528677,Aposentado,RECEPCIONISTA,Sem função
926806,Aposentado,SERVENTE DE LIMPEZA,Sem função
3303687,Pensionista,OPERADOR DE MAQ AGRICOLAS,Sem função
778077,Pensionista,RECEPCIONISTA,Sem função
1413896,Aposentado,PROFESSOR DO MAGISTERIO SUPERIOR,Sem função
3548799,Ativo,PROFESSOR MAGISTERIO SUPERIOR-SUBSTITUTO,Sem função
3860026,Ativo,TECNICO EM CONTABILIDADE,Sem função
820303,Ativo,ANALISTA DE TEC DA INFORMACAO,Sem função
820303,Ativo,Sem informaç,FG 000.1
3135123,Ativo,TECNICO EM ASSUNTOS EDUCACIONAIS,Sem função
308296,Ativo,VIGILANTE,Sem função
308296,Ativo,Sem informaç,FG 000.3
701908,Aposentado,SERVENTE DE LIMPEZA,Sem função
1903728,Ativo,ASSISTENTE EM ADMINISTRACAO,Sem função
2969405,Pensionista,VIGILANTE,Sem função
331325,Aposentado,PRODUTOR CULTURAL,Sem função
1341670,Aposentado,PROFESSOR DO MAGISTERIO SUPERIOR,Sem função
3297699,Ativo,VIGILANTE,Sem função
2192521,Ativo,PROFESSOR DO MAGISTERIO SUPERIOR,Sem função
3023670,Ativo,PROFESSOR DO MAGISTERIO SUPERIOR,Sem função
299821,Ativo,ASSISTENTE EM ADMINISTRACAO,Sem função
3129575,Ativo,ASSISTENTE EM ADMINISTRACAO,Sem função
1355316,Ativo,PROFESSOR DO MAGISTERIO SUPERIOR,Sem função
355168,Ativo,PROFESSOR DO MAGISTERIO SUPERIOR,Sem função
3580441,Ativo,ASSISTENTE SOCIAL,Sem função
1833844,Ativo,ENFERMEIRO-AREA,Sem função
1833844,Ativo,Sem informaç,GF 002.7
3174323,Ativo,PROFESSOR MAGISTERIO SUPERIOR-SUBSTITUTO,Sem função
130149,Ativo,MEDICO RESIDENTE,Sem função
3087841,Ativo,Sem informaç,CD 000.3
343176,Ativo,SECRETARIO EXECUTIVO,Sem função
1515278,Ativo,COPEIRO,Sem função
1981102,Ativo,PROFESSOR DO MAGISTERIO SUPERIOR,Sem função
1981102,Ativo,Sem informaç,FG 000.1
295296,Ativo,ARQUITETO E URBANISTA,Sem função
428614,Ativo,PROFESSOR DO MAGISTERIO SUPERIOR,Sem função
2357071,Ativo,ASSISTENTE EM ADMINISTRACAO,Sem função
2347377,Ativo,PROFESSOR DO MAGISTERIO SUPERIOR,Sem função
589872,Ativo,PSICOLOGO-AREA,Sem função
2367191,Ativo,PROFESSOR MAGISTERIO SUPERIOR-SUBSTITUTO,Sem função
648730,Pensionista,PROFESSOR DO MAGISTERIO SUPERIOR,Sem função
936860,Aposentado,ASSISTENTE SOCIAL,Sem função
2139805,Aposentado,PROFESSOR DO MAGISTERIO SUPERIOR,Sem função
2139805,Pensionista,PROFESSOR DO MAGISTERIO SUPERIOR,Sem função
2139805,Pensionista,PROFESSOR DO MAGISTERIO SUPERIOR,Sem função
1315035,Ativo,PROFESSOR DO MAGISTERIO SUPERIOR,Sem função
2325406,Ativo,PROFESSOR DO MAGISTERIO SUPERIOR,Sem função
2325406,Ativo,Sem informaç,FG 000.1
2213738,Pensionista,CONTINUO,Sem função
786718,Pensionista,PROFESSOR DO MAGISTERIO SUPERIOR,Sem função
2790606,Ativo,PROFESSOR MAGISTERIO SUPERIOR-SUBSTITUTO,Sem função
220381,Ativo,TRADUTOR INTERPRETE DE LINGUAGEM SINAIS,Sem função
864242,Aposentado,PROFESSOR DO MAGISTERIO SUPERIOR,Sem função
1125755,Ativo,PROFESSOR DO MAGISTERIO SUPERIOR,Sem função
305515,Ativo,PROFESSOR DO MAGISTERIO SUPERIOR,Sem função
3276206,Aposentado,PROFESSOR DO MAGISTERIO SUPERIOR,Sem função
1613426,Aposentado,PROFESSOR DO MAGISTERIO SUPERIOR,Sem função
2639322,Ativo,MEDICO-AREA,Sem função
167772,Ativo,MEDICO-AREA,Sem função
1073325,Aposentado,ECONOMISTA,Sem função
1075618,Aposentado,PROFESSOR DO MAGISTERIO SUPERIOR,Sem função
1075618,Aposentado,MEDICO-AREA,Sem função
2623546,Aposentado,PROFESSOR DO MAGISTERIO SUPERIOR,Sem função
1800894,Ativo,PROFESSOR DO MAGISTERIO SUPERIOR,Sem função
2181838,Aposentado,PROFESSOR DO MAGISTERIO SUPERIOR,Sem função
1600650,Ativo,VIGILANTE,Sem função
2891988,Ativo,PROFESSOR DO MAGISTERIO SUPERIOR,Sem função
1321375,Aposentado,VIGILANTE,Sem função
1024580,Aposentado,MEDICO-AREA,Sem função
900270,Aposentado,PROFESSOR DO MAGISTERIO SUPERIOR,Sem função
2309167,Ativo,PROFESSOR DO MAGISTERIO SUPERIOR,Sem função
2349149,Aposentado,PROFESSOR DO MAGISTERIO SUPERIOR,Sem função
931852,Aposentado,CONTRA REGRA,Sem função
1051910,Aposentado,PROFESSOR DO MAGISTERIO SUPERIOR,Sem função
1761574,Ativo,TECNICO DE LABORATORIO AREA,Sem função
1149360,Ativo,PROFESSOR DO MAGISTERIO SUPERIOR,Sem função
1351357,Pensionista,PROFESSOR DO MAGISTERIO SUPERIOR,Sem função
378831,Ativo,PROFESSOR DO MAGISTERIO SUPERIOR,Sem função
1944138,Aposentado,PROFESSOR DO MAGISTERIO SUPERIOR,Sem função
3758070,Aposentado,PROFESSOR DO MAGISTERIO SUPERIOR,Sem função
570358,Ativo,PROFESSOR DO MAGISTERIO SUPERIOR,Sem função
3186344,Ativo,PEDAGOGO-AREA,Sem função
69656,Ativo,PROFESSOR DO MAGISTERIO SUPERIOR,Sem função
996052,Ativo,TECNICO DE LABORATORIO AREA,Sem função
619395,Ativo,PROFESSOR DO MAGISTERIO SUPERIOR,Sem função
3435719,Ativo,PROFESSOR DO MAGISTERIO SUPERIOR,Sem função
2887827,Ativo,TECNICO EM RADIOLOGIA,Sem função
2537265,Ativo,PROFESSOR DO MAGISTERIO SUPERIOR,Sem função
602590,Aposentado,PROFESSOR DO MAGISTERIO SUPERIOR,Sem função
910874,Aposentado,EDITOR DE IMAGENS,Sem função
1106770,Ativo,PROFESSOR DO MAGISTERIO SUPERIOR,Sem função
2858691,Ativo,AUX EM ADMINISTRACAO,Sem função
974003,Pensionista,PROFESSOR DO MAGISTERIO SUPERIOR,Sem função
881953,Aposentado,AUXILIAR DE ELETRICISTA,Sem função
2970653,Ativo,ASSISTENTE EM ADMINISTRACAO,Sem função
1111620,Ativo,AUXILIAR DE LABORATORIO,Sem função
2372023,Ativo,TECNICO EM ENFERMAGEM,Sem função
3101501,Aposentado,ASSISTENTE EM ADMINISTRACAO,Sem função
2320999,Ativo,AUX EM ADMINISTRACAO,Sem função
3057652,Ativo,PROFESSOR DO MAGISTERIO SUPERIOR,Sem função
3233924,Ativo,ELETRICISTA,Sem função
3044057,Ativo,PROFESSOR DO MAGISTERIO SUPERIOR,Sem função
3044057,Ativo,Sem informaç,FG 000.1
322953,Ativo,PROFESSOR DO MAGISTERIO SUPERIOR,Sem função
960929,Ativo,PROFESSOR MAGISTERIO SUPERIOR-SUBSTITUTO,Sem função
1511039,Ativo,AUX EM ADMINISTRACAO,Sem função
1511039,Ativo,Inválido,Sem função
1143510,Pensionista,AUXILIAR DE LABORATORIO,Sem função
778589,Pensionista,CARPINTEIRO,Sem função
3323694,Ativo,ASSISTENTE EM ADMINISTRACAO,Sem função
66312,Ativo,PROFESSOR DO MAGISTERIO SUPERIOR,Sem função
3855111,Ativo,TECNICO EM CONTABILIDADE,Sem função
3858438,Ativo,TEC DE TECNOLOGIA DA INFORMACAO,Sem função
2243706,Ativo,TEC DE TECNOLOGIA DA INFORMACAO,Sem função
791608,Aposentado,PROFESSOR DO MAGISTERIO SUPERIOR,Sem função
840992,Ativo,BIBLIOTECARIO-DOCUMENTALISTA,Sem função
2362041,Ativo,ASSISTENTE EM ADMINISTRACAO,Sem função
3215080,Ativo,PROFESSOR DO MAGISTERIO SUPERIOR,Sem função
269041,Ativo,TECNICO DE LABORATORIO AREA,Sem função
3435143,Ativo,MEDICO RESIDENTE,Sem função
2868811,Ativo,PROFESSOR DO MAGISTERIO SUPERIOR,Sem função
2868811,Ativo,Inválido,Sem função
2281928,Ativo,JORNALISTA,Sem função
1291461,Ativo,ENFERMEIRO-AREA,Sem função
2322973,Ativo,PROFESSOR DO MAGISTERIO SUPERIOR,Sem função
2322973,Ativo,Sem informaç,FEX 021.4
1056295,Ativo,MEDICO-AREA,Sem função
971679,Ativo,TECNICO EM ASSUNTOS EDUCACIONAIS,Sem função
1414716,Ativo,PROFESSOR DO MAGISTERIO SUPERIOR,Sem função
2017332,Ativo,PROFESSOR MAGISTERIO SUPERIOR-SUBSTITUTO,Sem função
2966862,Ativo,PROFESSOR DO MAGISTERIO SUPERIOR,Sem função
2366411,Ativo,PROFESSOR ENS BASICO TECN TECNOLOGICO,Sem função
3244899,Ativo,PROFESSOR DO MAGISTERIO SUPERIOR,Sem função
1361949,Ativo,TECNICO DE LABORATORIO AREA,Sem função
1049066,Ativo,ASSISTENTE EM ADMINISTRACAO,Sem função
1049066,Ativo,Sem informaç,FG 000.1
3352274,Ativo,PROFESSOR DO MAGISTERIO SUPERIOR,Sem função
3352274,Ativo,Sem informaç,CD 000.4
1374060,Ativo,ASSISTENTE EM ADMINISTRACAO,Sem função
1964543,Ativo,PROFESSOR DO MAGISTERIO SUPERIOR,Sem função
1964543,Ativo,Sem informaç,FUC 000.1
1935514,Ativo,EDITOR DE IMAGENS,Sem função
1324296,Ativo,PROFESSOR DO MAGISTERIO SUPERIOR,Sem função
3358480,Ativo,MEDICO-AREA,Sem função
3852518,Ativo,MEDICO RESIDENTE,Sem função
297650,Ativo,BIBLIOTECARIO-DOCUMENTALISTA,Sem função
2881455,Ativo,ASSISTENTE EM ADMINISTRACAO,Sem função
1533814,Ativo,ECONOMISTA,Sem função
1002957,Ativo,PROFESSOR DO MAGISTERIO SUPERIOR,Sem função
1002957,Ativo,Sem informaç,FUC 000.1
3262676,Ativo,ASSISTENTE EM ADMINISTRACAO,Sem função
2050394,Ativo,PROFESSOR DO MAGISTERIO SUPERIOR,Sem função
1124934,Ativo,NUTRICIONISTA-HABILITACAO,Sem função
554426,Ativo,ANALISTA DE TEC DA INFORMACAO,Sem função
181499,Ativo,ASSISTENTE EM ADMINISTRACAO,Sem função
2549753,Pensionista,PROFESSOR DO MAGISTERIO SUPERIOR,Sem função
990130,Ativo,PROFESSOR DO MAGISTERIO SUPERIOR,Sem função
990130,Ativo,Sem informaç,FUC 000.1
436300,Ativo,PROFESSOR DO MAGISTERIO SUPERIOR,Sem função
1069818,Ativo,PROFESSOR DO MAGISTERIO SUPERIOR,Sem função
1069818,Ativo,Sem informaç,FUC 000.1
2035866,Ativo,PROFESSOR DO MAGISTERIO SUPERIOR,Sem função
3282565,Ativo,TECNICO DE LABORATORIO AREA,Sem função
3669497,Ativo,PROFESSOR MAGISTERIO SUPERIOR-SUBSTITUTO,Sem função
1413231,Ativo,PROF ENS BAS TEC TECNOLOGICO-SUBSTITUTO,Sem função
3236042,Ativo,ASSISTENTE EM ADMINISTRACAO,Sem função
1434553,Ativo,TECNICO DE LABORATORIO AREA,Sem função
22955,Ativo,PROFESSOR DO MAGISTERIO SUPERIOR,Sem função
3351288,Ativo,TECNICO EM ELETROTECNICA,Sem função
1609244,Ativo,PROFESSOR DO MAGISTERIO SUPERIOR,Sem função
1726261,Ativo,PROFESSOR DO MAGISTERIO SUPERIOR,Sem função
1726261,Ativo,Sem informaç,FUC 000.1
1246177,Ativo,PROFESSOR MAGISTERIO SUPERIOR -VISITANTE,Sem função
525493,Aposentado,TECNICO EM ASSUNTOS EDUCACIONAIS,Sem função
2033456,Aposentado,ASSISTENTE EM ADMINISTRACAO,Sem função
1085393,Ativo,ENGENHEIRO-AREA,Sem função
1085393,Ativo,Inválido,Sem função
2277551,Aposentado,ECONOMISTA,Sem função
2241854,Ativo,VIGILANTE,Sem função
3178672,Ativo,PROFESSOR ENS BASICO TECN TECNOLOGICO,Sem função
18511,Ativo,PROFESSOR DO MAGISTERIO SUPERIOR,Sem função
18511,Ativo,Sem informaç,FUC 000.1
1600262,Ativo,PROFESSOR DO MAGISTERIO SUPERIOR,Sem função
2225922,Ativo,ASSIST DE TECNOLOGIA DA INFORMACAO,Sem função
3376013,Ativo,AUX EM ADMINISTRACAO,Sem função
3855946,Ativo,ASSISTENTE EM ADMINISTRACAO,Sem função
2556932,Pensionista,ELETRICISTA,Sem função
1318150,Ativo,CONTADOR,Sem função
1299093,Ativo,PROFESSOR DO MAGISTERIO SUPERIOR,Sem função
481182,Ativo,ASSISTENTE EM ADMINISTRACAO,Sem função
3278996,Aposentado,PROFESSOR DO MAGISTERIO SUPERIOR,Sem função
3326919,Ativo,TECNICO DE LABORATORIO AREA,Sem função
745316,Aposentado,OPERADOR DE MAQUINA COPIADORA,Sem função
312525,Ativo,ASSISTENTE EM ADMINISTRACAO,Sem função
312525,Ativo,Sem informaç,GF 002.7
952109,Ativo,AUX EM ADMINISTRACAO,Sem função
3307191,Ativo,PROFESSOR DO MAGISTERIO SUPERIOR,Sem função
1715153,Aposentado,PROFESSOR DO MAGISTERIO SUPERIOR,Sem função
3145619,Ativo,TECNICO DE LABORATORIO AREA,Sem função
1681640,Pensionista,PROFESSOR 3 GRAU,Sem função
82281,Ativo,AUX EM ADMINISTRACAO,Sem função
3069118,Ativo,TECNICO EM CONTABILIDADE,Sem função
1999240,Aposentado,PROFESSOR DO MAGISTERIO SUPERIOR,Sem função
2373441,Aposentado,PROFESSOR DO MAGISTERIO SUPERIOR,Sem função
330833,Ativo,TECNICO DE LABORATORIO AREA,Sem função
1798641,Ativo,PROFESSOR DO MAGISTERIO SUPERIOR,Sem função
49460,Ativo,AUXILIAR DE ENFERMAGEM,Sem função
3476470,Ativo,PROFESSOR DO MAGISTERIO SUPERIOR,Sem função
2001947,Pensionista,COPEIRO,Sem função
1410626,Ativo,EDITOR DE IMAGENS,Sem função
1145713,Ativo,MEDICO RESIDENTE,Sem função
1088465,Ativo,PROFESSOR DO MAGISTERIO SUPERIOR,Sem função
2474730,Ativo,PROFESSOR DO MAGISTERIO SUPERIOR,Sem função
2474730,Ativo,Sem informaç,FG 000.1
1072061,Ativo,PROFESSOR MAGISTERIO SUPERIOR-SUBSTITUTO,Sem função
331863,Ativo,PROFESSOR DO MAGISTERIO SUPERIOR,Sem função
3155684,Ativo,PROFESSOR DO MAGISTERIO SUPERIOR,Sem função
3155684,Ativo,Sem informaç,FUC 000.1
2741512,Aposentado,PROFESSOR DO MAGISTERIO SUPERIOR,Sem função
3199628,Aposentado,VIGILANTE,Sem função
2804933,Ativo,ASSISTENTE EM ADMINISTRACAO,Sem função
820033,Aposentado,TECNICO DE LABORATORIO AREA,Sem função
2028145,Pensionista,PROFESSOR DO MAGISTERIO SUPERIOR,Sem função
3342142,Ativo,TECNICO EM SANEAMENTO,Sem função
3352552,Ativo,ASSISTENTE DE LABORATORIO,Sem função
1209902,Ativo,PROFESSOR DO MAGISTERIO SUPERIOR,Sem função
1928062,Ativo,ENGENHEIRO-AREA,Sem função
3136882,Pensionista,PROFESSOR DO MAGISTERIO SUPERIOR,Sem função
23299,Ativo,ASSISTENTE EM ADMINISTRACAO,Sem função
23299,Ativo,Sem informaç,FG 000.1
1921182,Aposentado,MEDICO-AREA,Sem função
1921182,Aposentado,MEDICO-AREA,Sem função
2000859,Pensionista,CONTINUO,Sem função
604921,Aposentado,AUX EM ADMINISTRACAO,Sem função
1079429,Ativo,TECNICO DE LABORATORIO AREA,Sem função
1079429,Ativo,Sem informaç,FG 000.1
394755,Ativo,ANALISTA DE TEC DA INFORMACAO,Sem função
3288658,Ativo,AUX EM ADMINISTRACAO,Sem função
262256,Ativo,AUXILIAR DE ENFERMAGEM,Sem função
1046194,Ativo,PROFESSOR DO MAGISTERIO SUPERIOR,Sem função
2567328,Pensionista,MOTORISTA,Sem função
1706912,Aposentado,PROFESSOR DO MAGISTERIO SUPERIOR,Sem função
3783876,Aposentado,ASSISTENTE EM ADMINISTRACAO,Sem função
732618,Aposentado,AUXILIAR DE ENFERMAGEM,Sem função
1904597,Aposentado,TECNICO EM ENFERMAGEM,Sem função
3520195,Aposentado,AUX EM ADMINISTRACAO,Sem função
980760,Ativo,PROFESSOR DO MAGISTERIO SUPERIOR,Sem função
3205600,Pensionista,VIGILANTE,Sem função
1924272,Aposentado,PROFESSOR DO MAGISTERIO SUPERIOR,Sem função
1678371,Aposentado,PROFESSOR DO MAGISTERIO SUPERIOR,Sem função
1582936,Aposentado,PROFESSOR DO MAGISTERIO SUPERIOR,Sem função
3093226,Ativo,PROFESSOR DO MAGISTERIO SUPERIOR,Sem função
2577661,Pensionista,PROFESSOR DO MAGISTERIO SUPERIOR,Sem função
411635,Aposentado,PROFESSOR DO MAGISTERIO SUPERIOR,Sem função
989022,Pensionista,VIGILANTE,Sem função
3563265,Aposentado,TEC DE TECNOLOGIA DA INFORMACAO,Sem função
1279975,Aposentado,SERVENTE DE LIMPEZA,Sem função
2063907,Pensionista,RECEPCIONISTA,Sem função
686929,Aposentado,CONTADOR,Sem função
1383232,Aposentado,PROFESSOR DO MAGISTERIO SUPERIOR,Sem função
919406,Ativo,PROFESSOR DO MAGISTERIO SUPERIOR,Sem função
3607633,Pensionista,RECEPCIONISTA,Sem função
2847436,Ativo,SERVENTE DE LIMPEZA,Sem função
235602,Aposentado,SERVENTE DE LIMPEZA,Sem função
41013,Ativo,PROFESSOR DO MAGISTERIO SUPERIOR,Sem função
217895,Pensionista,PROFESSOR DO MAGISTERIO SUPERIOR,Sem função
3325874,Ativo,MEDICO RESIDENTE,Sem função
3240178,Ativo,MEDICO RESIDENTE,Sem função
1085242,Aposentado,ASSISTENTE EM ADMINISTRACAO,Sem função
2724717,Pensionista,EDITOR DE IMAGENS,Sem função
3198603,Ativo,PROFESSOR DO MAGISTERIO SUPERIOR,Sem função
232689,Ativo,AUX EM ADMINISTRACAO,Sem função
1050244,Ativo,ENFERMEIRO-AREA,Sem função
1285393,Aposentado,ASSISTENTE EM ADMINISTRACAO,Sem função
593742,Ativo,AUXILIAR DE LABORATORIO,Sem função
2087518,Aposentado,PORTEIRO,Sem função
3156963,Ativo,PROFESSOR DO MAGISTERIO SUPERIOR,Sem função
608234,Ativo,PROFESSOR DO MAGISTERIO SUPERIOR,Sem função
1206604,Ativo,AUX EM ADMINISTRACAO,Sem função
2418929,Aposentado,ASSISTENTE EM ADMINISTRACAO,Sem função
972931,Ativo,CONTADOR,Sem função
972931,Ativo,Sem informaç,CD 000.4
2905768,Ativo,ENFERMEIRO-AREA,Sem função
3462979,Ativo,MEDICO RESIDENTE,Sem função
2801611,Ativo,TEC EM ANATOMIA E NECROPSIA,Sem função
1192046,Ativo,ASSISTENTE EM ADMINISTRACAO,Sem função
511913,Ativo,PROFESSOR DO MAGISTERIO SUPERIOR,Sem função
3697375,Ativo,PROFESSOR DO MAGISTERIO SUPERIOR,Sem função
3046082,Ativo,ENFERMEIRO-AREA,Sem função
2736277,Pensionista,PROFESSOR DO MAGISTERIO SUPERIOR,Sem função
378013,Ativo,PROFESSOR DO MAGISTERIO SUPERIOR,Sem função
148266,Ativo,PROFESSOR DO MAGISTERIO SUPERIOR,Sem função
3110039,Aposentado,ASSISTENTE EM ADMINISTRACAO,Sem função
1488705,Aposentado,ENFERMEIRO-AREA,Sem função
2700081,Aposentado,ENFERMEIRO-AREA,Sem função
898064,Aposentado,VIGILANTE,Sem função
88633,Ativo,COPEIRO,Sem função
2369089,Ativo,ANALISTA DE TEC DA INFORMACAO,Sem função
2369089,Ativo,Sem informaç,CD 000.4
1934312,Aposentado,PROFESSOR DO MAGISTERIO SUPERIOR,Sem função
2289491,Ativo,PROFESSOR DO MAGISTERIO SUPERIOR,Sem função
1908632,Aposentado,AUXILIAR DE ENFERMAGEM,Sem função
279659,Ativo,PROFESSOR DO MAGISTERIO SUPERIOR,Sem função
2737983,Aposentado,PROFESSOR DO MAGISTERIO SUPERIOR,Sem função
2910573,Ativo,TECNICO DE LABORATORIO AREA,Sem função
5773,Aposentado,SANITARISTA,Sem função
2373115,Ativo,PROFESSOR MAGISTERIO SUPERIOR-SUBSTITUTO,Sem função
3686788,Ativo,PROFESSOR DO MAGISTERIO SUPERIOR,Sem função
935831,Aposentado,ROTEIRISTA,Sem função
1910588,Aposentado,PSICOLOGO-AREA,Sem função
190483,Aposentado,VIGILANTE,Sem função
307874,Pensionista,TECNICO DE LABORATORIO AREA,Sem função
3272037,Pensionista,AUXILIAR DE LABORATORIO,Sem função
2527115,Ativo,AUXILIAR DE ENFERMAGEM,Sem função
1310164,Ativo,PROFESSOR DO MAGISTERIO SUPERIOR,Sem função
2203947,Ativo,AUXILIAR DE ENFERMAGEM,Sem função
2217303,Ativo,PROFESSOR DO MAGISTERIO SUPERIOR,Sem função
2217303,Ativo,Sem informaç,CD 000.4
403191,Aposentado,PROFESSOR ENS BASICO TECN TECNOLOGICO,Sem função
3200604,Ativo,BIBLIOTECARIO-DOCUMENTALISTA,Sem função
3251624,Ativo,ASSISTENTE EM ADMINISTRACAO,Sem função
708340,Ativo,TEC EM ANATOMIA E NECROPSIA,Sem função
1181988,Ativo,VIGILANTE,Sem função
282858,Ativo,TECNICO EM ENFERMAGEM,Sem função
1719194,Aposentado,TECNICO EM ASSUNTOS EDUCACIONAIS,Sem função
2487154,Ativo,AUXILIAR DE ENFERMAGEM,Sem função
1786438,Ativo,AUX EM ADMINISTRACAO,Sem função
1605385,Pensionista,AUXILIAR DE ENFERMAGEM,Sem função
3772376,Pensionista,PROFESSOR 3 GRAU,Sem função
1830491,Aposentado,RECEPCIONISTA,Sem função
21671,Ativo,PROFESSOR DO MAGISTERIO SUPERIOR,Sem função
21671,Ativo,Sem informaç,FG 000.1
1609890,Pensionista,FOTOGRAFO,Sem função
451172,Aposentado,NUTRICIONISTA-HABILITACAO,Sem função
606551,Aposentado,PROFESSOR DO MAGISTERIO SUPERIOR,Sem função
2757113,Pensionista,EDITOR DE IMAGENS,Sem função
25897,Ativo,AUXILIAR DE ENFERMAGEM,Sem função
1867415,Ativo,PROFESSOR ENS BASICO TECN TECNOLOGICO,Sem função
1374895,Pensionista,AUX EM ADMINISTRACAO,Sem função
2201898,Pensionista,ASSISTENTE EM ADMINISTRACAO,Sem função
1645483,Pensionista,RECEPCIONISTA,Sem função
2755025,Pensionista,RECEPCIONISTA,Sem função
2362909,Ativo,MESTRE DE EDIF E INFRAESTRUTURA,Sem função
1790780,Ativo,TIPOGRAFO,Sem função
3055847,Aposentado,ASSISTENTE EM ADMINISTRACAO,Sem função
951806,Aposentado,ASSISTENTE EM ADMINISTRACAO,Sem função
3759822,Pensionista,VIGILANTE,Sem função
2555165,Pensionista,ASSISTENTE EM ADMINISTRACAO,Sem função
2188175,Ativo,PROFESSOR DO MAGISTERIO SUPERIOR,Sem função
1162239,Ativo,PROFESSOR DO MAGISTERIO SUPERIOR,Sem função
3643216,Pensionista,PROFESSOR DO MAGISTERIO SUPERIOR,Sem função
1199413,Aposentado,AUX EM ADMINISTRACAO,Sem função
1139156,Ativo,ASSISTENTE EM ADMINISTRACAO,Sem função
617626,Ativo,AUXILIAR DE ENFERMAGEM,Sem função
2378516,Ativo,ENFERMEIRO-AREA,Sem função
2004863,Pensionista,TECNICO DE LABORATORIO AREA,Sem função
3576607,Aposentado,ASSISTENTE EM ADMINISTRACAO,Sem função
2548274,Aposentado,PROFESSOR DO MAGISTERIO SUPERIOR,Sem função
2548274,Pensionista,PROFESSOR DO MAGISTERIO SUPERIOR,Sem função
920499,Ativo,AUXILIAR DE ENFERMAGEM,Sem função
1693190,Pensionista,VIGILANTE,Sem função
1558852,Ativo,ENFERMEIRO-AREA,Sem função
1160310,Ativo,AUXILIAR DE ENFERMAGEM,Sem função
2597067,Pensionista,MOTORISTA,Sem função
735485,Ativo,PROFESSOR DO MAGISTERIO SUPERIOR,Sem função
735485,Ativo,Sem informaç,FG 000.1
2149500,Pensionista,VIGILANTE,Sem função
2890995,Ativo,PROFESSOR DO MAGISTERIO SUPERIOR,Sem função
1217955,Aposentado,PROFESSOR DO MAGISTERIO SUPERIOR,Sem função
1072592,Ativo,AUXILIAR DE ENFERMAGEM,Sem função
494328,Ativo,TECNICO EM ENFERMAGEM,Sem função
3234687,Ativo,BIBLIOTECARIO-DOCUMENTALISTA,Sem função
750099,Aposentado,AUXILIAR DE ENFERMAGEM,Sem função
1076686,Aposentado,NUTRICIONISTA-HABILITACAO,Sem função
762597,Pensionista,ATENDENTE DE ENFERMAGEM,Sem função
3642976,Aposentado,AUXILIAR DE SAUDE,Sem função
881163,Pensionista,ADMINISTRADOR,Sem função
2427389,Pensionista,VIGILANTE,Sem função
903863,Aposentado,ENFERMEIRO-AREA,Sem função
3303921,Ativo,TECNICO EM ENFERMAGEM,Sem função
1839704,Ativo,ASSISTENTE EM ADMINISTRACAO,Sem função
2990098,Aposentado,MEDICO-AREA,Sem função
2417742,Pensionista,RECEPCIONISTA,Sem função
2843362,Ativo,AUXILIAR DE ENFERMAGEM,Sem função
241896,Ativo,SECRETARIO EXECUTIVO,Sem função
997537,Ativo,PROFESSOR DO MAGISTERIO SUPERIOR,Sem função
3705534,Ativo,BIBLIOTECARIO-DOCUMENTALISTA,Sem função
3622217,Pensionista,VIGILANTE,Sem função
2376667,Aposentado,PROFESSOR DO MAGISTERIO SUPERIOR,Sem função
2507362,Ativo,AUXILIAR DE ENFERMAGEM,Sem função
391164,Ativo,AUXILIAR DE ENFERMAGEM,Sem função
2964429,Ativo,AUXILIAR DE SAUDE,Sem função
1786370,Pensionista,TECNICO DE LABORATORIO AREA,Sem função
164884,Aposentado,TECNICO EM RADIOLOGIA,Sem função
289541,Ativo,SERVENTE DE LIMPEZA,Sem função
3146072,Ativo,TEC EM TELECOMUNICACAO,Sem função
3067929,Ativo,PROFESSOR MAGISTERIO SUPERIOR-SUBSTITUTO,Sem função
3039356,Aposentado,PROFESSOR DO MAGISTERIO SUPERIOR,Sem função
1854123,Ativo,VIGILANTE,Sem função
924298,Aposentado,PROFESSOR DO MAGISTERIO SUPERIOR,Sem função
2245082,Ativo,OPERADOR DE RADIO TELECOMUNICACOES,Sem função
81914,Ativo,ESTATISTICO,Sem função
1647826,Ativo,PROFESSOR DO MAGISTERIO SUPERIOR,Sem função
3334314,Aposentado,AUXILIAR DE ENFERMAGEM,Sem função
3698000,Ativo,PROFESSOR DO MAGISTERIO SUPERIOR,Sem função
3561023,Aposentado,PROFESSOR DO MAGISTERIO SUPERIOR,Sem função
1762481,Ativo,TECNICO DE LABORATORIO AREA,Sem função
1247098,Ativo,BIBLIOTECARIO-DOCUMENTALISTA,Sem função
3229375,Aposentado,EDITOR DE IMAGENS,Sem função
685541,Ativo,TECNICO DE LABORATORIO AREA,Sem função
1724725,Ativo,PROFESSOR DO MAGISTERIO SUPERIOR,Sem função
1618554,Ativo,TECNICO EM CONTABILIDADE,Sem função
249281,Aposentado,PROFESSOR DO MAGISTERIO SUPERIOR,Sem função
3614014,Pensionista,TECNICO DE LABORATORIO AREA,Sem função
2562352,Aposentado,COPEIRO,Sem função
2314113,Aposentado,TECNICO EM ASSUNTOS EDUCACIONAIS,Sem função
1248364,Aposentado,PROFESSOR DO MAGISTERIO SUPERIOR,Sem função
1940663,Pensionista,RECEPCIONISTA,Sem função
3796409,Pensionista,ELETRICISTA,Sem função
2821751,Pensionista,PROFESSOR 3 GRAU,Sem função
690284,Pensionista,ASSISTENTE EM ADMINISTRACAO,Sem função
850584,Aposentado,ASSISTENTE EM ADMINISTRACAO,Sem função
138858,Aposentado,VIGILANTE,Sem função
2698691,Ativo,ASSISTENTE EM ADMINISTRACAO,Sem função
3355098,Ativo,PROFESSOR DO MAGISTERIO SUPERIOR,Sem função
2845137,Aposentado,MEDICO-AREA,Sem função
3188602,Ativo,AUXILIAR DE ENFERMAGEM,Sem função
916172,Aposentado,FARMACEUTICO-HABILITACAO,Sem função
3192537,Aposentado,AUXILIAR DE ENFERMAGEM,Sem função
1176758,Ativo,AUX EM ADMINISTRACAO,Sem função
332206,Pensionista,AUXILIAR DE ENFERMAGEM,Sem função
6821,Ativo,PROFESSOR DO MAGISTERIO SUPERIOR,Sem função
238598,Ativo,PROFESSOR DO MAGISTERIO SUPERIOR,Sem função
1807497,Aposentado,MEDICO-AREA,Sem função
2329182,Ativo,PROFESSOR DO MAGISTERIO SUPERIOR,Sem função
63116,Ativo,PROFESSOR MAGISTERIO SUPERIOR-SUBSTITUTO,Sem função
3188600,Ativo,TECNICO DE LABORATORIO AREA,Sem função
1936886,Ativo,NUTRICIONISTA-HABILITACAO,Sem função
90984,Ativo,CONTADOR,Sem função
90984,Ativo,Sem informaç,FG 000.1
303081,Ativo,PROFESSOR DO MAGISTERIO SUPERIOR,Sem função
2113658,Aposentado,PROFESSOR DO MAGISTERIO SUPERIOR,Sem função
1768794,Ativo,ASSISTENTE EM ADMINISTRACAO,Sem função
1479367,Ativo,PROFESSOR DO MAGISTERIO SUPERIOR,Sem função
2773915,Aposentado,ASSISTENTE EM ADMINISTRACAO,Sem função
508793,Aposentado,MEDICO-AREA,Sem função
508793,Aposentado,PROFESSOR DO MAGISTERIO SUPERIOR,Sem função
43449,Aposentado,PROFESSOR DO MAGISTERIO SUPERIOR,Sem função
336461,Ativo,AUX EM ADMINISTRACAO,Sem função
3860524,Ativo,ASSISTENTE EM ADMINISTRACAO,Sem função
2302062,Ativo,FARMACEUTICO,Sem função
2302062,Ativo,Sem informaç,GF 002.6
2042002,Pensionista,SERVENTE DE OBRAS,Sem função
445959,Ativo,PSICOLOGO-AREA,Sem função
2255630,Ativo,RESIDENCIA MULTIPROFISSIONAL,Sem função
3016538,Ativo,PROFESSOR MAGISTERIO SUPERIOR-SUBSTITUTO,Sem função
117160,Aposentado,PROFESSOR DO MAGISTERIO SUPERIOR,Sem função
2904867,Ativo,PROFESSOR DO MAGISTERIO SUPERIOR,Sem função
3533026,Ativo,PROFESSOR DO MAGISTERIO SUPERIOR,Sem função
1468282,Pensionista,AUXILIAR DE ENFERMAGEM,Sem função
3219952,Ativo,AUX EM ADMINISTRACAO,Sem função
3219952,Ativo,Sem informaç,FG 000.1
117935,Ativo,ADMINISTRADOR,Sem função
658495,Aposentado,PROFESSOR DO MAGISTERIO SUPERIOR,Sem função
2452423,Ativo,ASSISTENTE EM ADMINISTRACAO,Sem função
2452423,Ativo,Sem informaç,FG 000.1
3631703,Pensionista,PROFESSOR DO MAGISTERIO SUPERIOR,Sem função
3631703,Pensionista,PROFESSOR 3 GRAU,Sem função
290929,Ativo,TECNICO EM RADIOLOGIA,Sem função
3148753,Ativo,ASSISTENTE EM ADMINISTRACAO,Sem função
401002,Aposentado,ENFERMEIRO-AREA,Sem função
3290900,Pensionista,CONTINUO,Sem função
1098643,Ativo,PROGRAMADOR VISUAL,Sem função
3489302,Aposentado,PROFESSOR DO MAGISTERIO SUPERIOR,Sem função
2847700,Ativo,PROFESSOR DO MAGISTERIO SUPERIOR,Sem função
2847700,Ativo,Sem informaç,FUC 000.1
1130130,Ativo,PROFESSOR DO MAGISTERIO SUPERIOR,Sem função
2445320,Aposentado,PROFESSOR DO MAGISTERIO SUPERIOR,Sem função
66526,Ativo,AUXILIAR DE ENFERMAGEM,Sem função
1318991,Ativo,PROFESSOR DO MAGISTERIO SUPERIOR,Sem função
598477,Ativo,AUXILIAR DE ENFERMAGEM,Sem função
3681899,Ativo,TECNICO DE LABORATORIO AREA,Sem função
2374107,Ativo,ASSISTENTE EM ADMINISTRACAO,Sem função
3642935,Pensionista,RECEPCIONISTA,Sem função
2899035,Aposentado,MEDICO-AREA,Sem função
1011631,Ativo,ASSISTENTE SOCIAL,Sem função
3148481,Ativo,TECNICO EM ASSUNTOS EDUCACIONAIS,Sem função
907918,Pensionista,ENGENHEIRO-AREA,Sem função
3289763,Pensionista,PROFESSOR DO MAGISTERIO SUPERIOR,Sem função
3289763,Pensionista,PROFESSOR DO MAGISTERIO SUPERIOR,Sem função
3262419,Ativo,PROFESSOR DO MAGISTERIO SUPERIOR,Sem função
1174339,Ativo,ASSISTENTE EM ADMINISTRACAO,Sem função
3723929,Ativo,AUX EM ADMINISTRACAO,Sem função
3166500,Ativo,INSTRUMENTADOR CIRURGICO,Sem função
2827155,Aposentado,MEDICO-AREA,Sem função
3065636,Ativo,PROFESSOR DO MAGISTERIO SUPERIOR,Sem função
3065636,Ativo,Sem informaç,FUC 000.1
1926043,Pensionista,ELETRICISTA,Sem função
901735,Pensionista,SERVENTE DE LIMPEZA,Sem função
196453,Pensionista,MOTORISTA,Sem função
2168184,Pensionista,DIRETOR DE IMAGEM,Sem função
15597,Aposentado,VESTIARISTA,Sem função
2981805,Ativo,VESTIARISTA,Sem função
1999674,Pensionista,AUX EM ADMINISTRACAO,Sem função
107268,Aposentado,ASSISTENTE EM ADMINISTRACAO,Sem função
1658231,Pensionista,ASSISTENTE EM ADMINISTRACAO,Sem função
516095,Ativo,BIBLIOTECARIO-DOCUMENTALISTA,Sem função
545160,Ativo,PROFESSOR DO MAGISTERIO SUPERIOR,Sem função
2344037,Ativo,TECNICO DE LABORATORIO AREA,Sem função
1191386,Aposentado,TECNICO DE LABORATORIO AREA,Sem função
1755418,Ativo,TECNICO EM ENFERMAGEM,Sem função
2410335,Ativo,PROFESSOR DO MAGISTERIO SUPERIOR,Sem função
323416,Ativo,TECNICO EM ASSUNTOS EDUCACIONAIS,Sem função
2712578,Aposentado,ECONOMISTA,Sem função
2373760,Ativo,MEDICO-AREA,Sem função
1220648,Aposentado,PROFESSOR DO MAGISTERIO SUPERIOR,Sem função
182336,Pensionista,MEDICO-AREA,Sem função
2555681,Pensionista,ASSISTENTE EM ADMINISTRACAO,Sem função
1251992,Aposentado,AUX EM ADMINISTRACAO,Sem função
2134622,Aposentado,PROFESSOR DO MAGISTERIO SUPERIOR,Sem função
1718222,Ativo,ENGENHEIRO DE SEG DO TRABALHO,Sem função
1718222,Ativo,Sem informaç,FG 000.1
34364,Aposentado,MEDICO-AREA,Sem função
34364,Aposentado,MEDICO-AREA,Sem função
289000,Ativo,SECRETARIO EXECUTIVO,Sem função
1783256,Pensionista,PROFESSOR DO MAGISTERIO SUPERIOR,Sem função
1783256,Pensionista,PROFESSOR DO MAGISTERIO SUPERIOR,Sem função
2553729,Ativo,TECNICO DE LABORATORIO AREA,Sem função
979336,Ativo,ELETRICISTA,Sem função
2695427,Ativo,PROFESSOR DO MAGISTERIO SUPERIOR,Sem função
2695427,Ativo,Sem informaç,FG 000.1
1465105,Ativo,PROFESSOR DO MAGISTERIO SUPERIOR,Sem função
1465105,Ativo,MEDICO-AREA,Sem função
2511412,Ativo,PROFESSOR DO MAGISTERIO SUPERIOR,Sem função
3544448,Pensionista,TECNICO EM ARTES GRAFICAS,Sem função
315122,Ativo,PROFESSOR DO MAGISTERIO SUPERIOR,Sem função
3854753,Ativo,TECNICO EM CONTABILIDADE,Sem função
875422,Pensionista,ELETRICISTA,Sem função
1567676,Ativo,PROFESSOR DO MAGISTERIO SUPERIOR,Sem função
3324314,Pensionista,TECNICO EM RADIOLOGIA,Sem função
1359118,Aposentado,PROFESSOR DO MAGISTERIO SUPERIOR,Sem função
1316509,Ativo,PROFESSOR DO MAGISTERIO SUPERIOR,Sem função
46560,Ativo,ASSISTENTE EM ADMINISTRACAO,Sem função
2621517,Pensionista,ANALISTA DE TEC DA INFORMACAO,Sem função
2201548,Ativo,CONTADOR,Sem função
3585879,Pensionista,ASSISTENTE EM ADMINISTRACAO,Sem função
1061692,Aposentado,ASSISTENTE EM ADMINISTRACAO,Sem função
3489333,Ativo,PROFESSOR MAGISTERIO SUPERIOR-SUBSTITUTO,Sem função
418706,Aposentado,FARMACEUTICO-HABILITACAO,Sem função
346231,Aposentado,PROFESSOR DO MAGISTERIO SUPERIOR,Sem função
346231,Pensionista,PROFESSOR 3 GRAU,Sem função
1249558,Ativo,PROFESSOR DO MAGISTERIO SUPERIOR,Sem função
2935078,Ativo,MOTORISTA,Sem função
89705,Ativo,PROFESSOR DO MAGISTERIO SUPERIOR,Sem função
3356959,Ativo,PROFESSOR DO MAGISTERIO SUPERIOR,Sem função
873448,Aposentado,PROFESSOR DO MAGISTERIO SUPERIOR,Sem função
80348,Ativo,PROFESSOR DO MAGISTERIO SUPERIOR,Sem função
1294217,Ativo,PROFESSOR DO MAGISTERIO SUPERIOR,Sem função
1294217,Ativo,Sem informaç,FUC 000.1
2553251,Ativo,TECNICO EM RADIOLOGIA,Sem função
555371,Ativo,AUX EM ADMINISTRACAO,Sem função
2830261,Ativo,PROFESSOR DO MAGISTERIO SUPERIOR,Sem função
2475945,Aposentado,PROFESSOR DO MAGISTERIO SUPERIOR,Sem função
566437,Ativo,PROFESSOR DO MAGISTERIO SUPERIOR,Sem função
2921824,Ativo,TECNICO EM ASSUNTOS EDUCACIONAIS,Sem função
865043,Ativo,ASSISTENTE EM ADMINISTRACAO,Sem função
2815078,Ativo,PROFESSOR DO MAGISTERIO SUPERIOR,Sem função
2815078,Ativo,Sem informaç,FEX 031.3
3197910,Ativo,TECNICO DE LABORATORIO AREA,Sem função
1594879,Ativo,PROFESSOR DO MAGISTERIO SUPERIOR,Sem função
296435,Ativo,ASSISTENTE EM ADMINISTRACAO,Sem função
504030,Ativo,PROFESSOR MAGISTERIO SUPERIOR-SUBSTITUTO,Sem função
2542493,Aposentado,ASSISTENTE EM ADMINISTRACAO,Sem função
3138379,Ativo,PROFESSOR DO MAGISTERIO SUPERIOR,Sem função
858620,Aposentado,VESTIARISTA,Sem função
3502072,Pensionista,RECEPCIONISTA,Sem função
1703310,Aposentado,TELEFONISTA,Sem função
1951570,Aposentado,PROFESSOR ENS BASICO TECN TECNOLOGICO,Sem função
814839,Aposentado,ECONOMISTA,Sem função
1117549,Ativo,QUIMICO,Sem função
2326457,Aposentado,MOTORISTA,Sem função
3234239,Ativo,ASSISTENTE EM ADMINISTRACAO,Sem função
1286069,Aposentado,VIGILANTE,Sem função
2882056,Ativo,OPERADOR DE CAMERA DE CINEMA E TV,Sem função
658376,Aposentado,PROFESSOR DO MAGISTERIO SUPERIOR,Sem função
3682834,Aposentado,PROFESSOR DO MAGISTERIO SUPERIOR,Sem função
1780756,Aposentado,PROFESSOR DO MAGISTERIO SUPERIOR,Sem função
1086421,Ativo,AUX EM ADMINISTRACAO,Sem função
1050435,Aposentado,ASSISTENTE EM ADMINISTRACAO,Sem função
1050435,Pensionista,AUXILIAR DE ENFERMAGEM,Sem função
1707393,Aposentado,AUX EM ADMINISTRACAO,Sem função
197378,Pensionista,VESTIARISTA,Sem função
2656699,Ativo,PROFESSOR DO MAGISTERIO SUPERIOR,Sem função
2883379,Ativo,PROFESSOR DO MAGISTERIO SUPERIOR,Sem função
1712527,Ativo,PINTOR-AREA,Sem função
1712527,Ativo,Sem informaç,FG 000.3
2701198,Pensionista,ASSISTENTE EM ADMINISTRACAO,Sem função
3121640,Aposentado,PROFESSOR DO MAGISTERIO SUPERIOR,Sem função
1653800,Aposentado,ASSISTENTE EM ADMINISTRACAO,Sem função
2088546,Pensionista,TECNICO EM PROTESE DENTARIA,Sem função
3557269,Pensionista,TECNICO DE LABORATORIO AREA,Sem função
1394604,Pensionista,ASSISTENTE EM ADMINISTRACAO,Sem função
2167524,Pensionista,PROFESSOR DO MAGISTERIO SUPERIOR,Sem função
515045,Aposentado,AUX EM ADMINISTRACAO,Sem função
1144968,Ativo,PROFESSOR DO MAGISTERIO SUPERIOR,Sem função
939684,Pensionista,PROFESSOR DO MAGISTERIO SUPERIOR,Sem função
2304240,Pensionista,ADMINISTRADOR,Sem função
2742168,Pensionista,TECNICO EM CONTABILIDADE,Sem função
3175827,Ativo,TECNICO EM ENFERMAGEM,Sem função
2410689,Aposentado,PROFESSOR DO MAGISTERIO SUPERIOR,Sem função
599299,Ativo,AUXILIAR DE ENFERMAGEM,Sem função
2266322,Ativo,FARMACEUTICO-HABILITACAO,Sem função
821223,Pensionista,RECEPCIONISTA,Sem função
3703934,Ativo,ASSISTENTE EM ADMINISTRACAO,Sem função
2148447,Aposentado,PROFESSOR DO MAGISTERIO SUPERIOR,Sem função
2815551,Ativo,SERVENTE DE LIMPEZA,Sem função
3741427,Ativo,ASSISTENTE EM ADMINISTRACAO,Sem função
514291,Aposentado,PROFESSOR DO MAGISTERIO SUPERIOR,Sem função
2235017,Ativo,PROFESSOR DO MAGISTERIO SUPERIOR,Sem função
1316266,Aposentado,MEDICO-AREA,Sem função
2512243,Ativo,ASSISTENTE EM ADMINISTRACAO,Sem função
219607,Ativo,PROFESSOR DO MAGISTERIO SUPERIOR,Sem função
2514053,Ativo,PROFESSOR DO MAGISTERIO SUPERIOR,Sem função
2514053,Ativo,Sem informaç,FG 000.1
3528439,Aposentado,PROFESSOR DO MAGISTERIO SUPERIOR,Sem função
1961418,Ativo,PROFESSOR DO MAGISTERIO SUPERIOR,Sem função
1002547,Ativo,PROFESSOR DO MAGISTERIO SUPERIOR,Sem função
109194,Ativo,MEDICO-AREA,Sem função
335360,Ativo,ASSISTENTE EM ADMINISTRACAO,Sem função
2072310,Ativo,PROFESSOR DO MAGISTERIO SUPERIOR,Sem função
2072310,Ativo,Sem informaç,FUC 000.1
2522088,Ativo,PROFESSOR DO MAGISTERIO SUPERIOR,Sem função
1636632,Aposentado,PROFESSOR DO MAGISTERIO SUPERIOR,Sem função
3243319,Ativo,TECNICO DE LABORATORIO AREA,Sem função
10153,Ativo,ELETRICISTA,Sem função
53153,Ativo,ASSISTENTE EM ADMINISTRACAO,Sem função
1061286,Ativo,ASSISTENTE EM ADMINISTRACAO,Sem função
512202,Ativo,PROFESSOR DO MAGISTERIO SUPERIOR,Sem função
1644481,Aposentado,PROFESSOR DO MAGISTERIO SUPERIOR,Sem função
2897329,Ativo,ASSISTENTE EM ADMINISTRACAO,Sem função
3239514,Ativo,VIGILANTE,Sem função
2825316,Ativo,PROFESSOR DO MAGISTERIO SUPERIOR,Sem função
3458,Ativo,PROGRAMADOR VISUAL,Sem função
1406328,Ativo,PROFESSOR DO MAGISTERIO SUPERIOR,Sem função
2175781,Aposentado,PROFESSOR DO MAGISTERIO SUPERIOR,Sem função
1664779,Aposentado,PROFESSOR DO MAGISTERIO SUPERIOR,Sem função
2856465,Ativo,ASSISTENTE EM ADMINISTRACAO,Sem função
2856465,Ativo,Sem informaç,FG 000.3
1147438,Ativo,ADMINISTRADOR DE EDIFICIOS,Sem função
2232981,Aposentado,PROFESSOR DO MAGISTERIO SUPERIOR,Sem função
1645074,Ativo,TECNICO EM REFRIGERACAO,Sem função
1066239,Ativo,SECRETARIO EXECUTIVO,Sem função
1066239,Ativo,Sem informaç,FG 000.3
2796441,Ativo,PROFESSOR DO MAGISTERIO SUPERIOR,Sem função
139064,Ativo,PROFESSOR DO MAGISTERIO SUPERIOR,Sem função
382518,Ativo,PROFESSOR DO MAGISTERIO SUPERIOR,Sem função
847375,Ativo,MEDICO RESIDENTE,Sem função
1468342,Ativo,PROFESSOR DO MAGISTERIO SUPERIOR,Sem função
1458515,Ativo,PROFESSOR DO MAGISTERIO SUPERIOR,Sem função
2249958,Aposentado,PROFESSOR ENS BASICO TECN TECNOLOGICO,Sem função
2190883,Pensionista,TECNICO EM RADIOLOGIA,Sem função
3102647,Ativo,EDITOR DE IMAGENS,Sem função
3208626,Ativo,PROFESSOR DO MAGISTERIO SUPERIOR,Sem função
853398,Pensionista,TECNICO EM ENFERMAGEM,Sem função
1329453,Pensionista,PROFESSOR DO MAGISTERIO SUPERIOR,Sem função
3288241,Ativo,PROFESSOR DO MAGISTERIO SUPERIOR,Sem função
413873,Ativo,PROFESSOR DO MAGISTERIO SUPERIOR,Sem função
3244859,Ativo,MEDICO-AREA,Sem função
3266755,Ativo,PROFESSOR DO MAGISTERIO SUPERIOR,Sem função
3737808,Aposentado,PROFESSOR DO MAGISTERIO SUPERIOR,Sem função
740692,Aposentado,TECNICO DE LABORATORIO AREA,Sem função
1662862,Ativo,TECNICO DE LABORATORIO AREA,Sem função
3228711,Pensionista,VIGILANTE,Sem função
1349507,Pensionista,RECEPCIONISTA,Sem função
44009,Ativo,PROFESSOR DO MAGISTERIO SUPERIOR,Sem função
2592945,Aposentado,ASSISTENTE EM ADMINISTRACAO,Sem função
3330096,Pensionista,RECEPCIONISTA,Sem função
156121,Pensionista,PROFESSOR 3 GRAU,Sem função
3322473,Aposentado,PROFESSOR DO MAGISTERIO SUPERIOR,Sem função
3631943,Pensionista,RECEPCIONISTA,Sem função
2663011,Pensionista,RECEPCIONISTA,Sem função
1875478,Aposentado,ATENDENTE DE ENFERMAGEM,Sem função
3634652,Pensionista,BOMBEIRO HIDRAULICO,Sem função
2152937,Pensionista,MESTRE DE EDIF E INFRAESTRUTURA,Sem função
1709673,Ativo,ASSISTENTE DE LABORATORIO,Sem função
3791705,Pensionista,RECEPCIONISTA,Sem função
1834963,Pensionista,BOMBEIRO HIDRAULICO,Sem função
867521,Pensionista,ASSISTENTE EM ADMINISTRACAO,Sem função
3323537,Pensionista,COPEIRO,Sem função
3278851,Pensionista,PROFESSOR DO MAGISTERIO SUPERIOR,Sem função
2872253,Aposentado,AUXILIAR DE ENFERMAGEM,Sem função
2061569,Pensionista,MOTORISTA,Sem função
1950962,Pensionista,VIGILANTE,Sem função
1861272,Aposentado,AUXILIAR DE ENFERMAGEM,Sem função
3743579,Pensionista,MESTRE DE EDIF E INFRAESTRUTURA,Sem função
2729237,Aposentado,AUXILIAR DE ENFERMAGEM,Sem função
586778,Aposentado,TECNICO EM ENFERMAGEM,Sem função
67643,Aposentado,AUX EM ADMINISTRACAO,Sem função
1348729,Aposentado,ATENDENTE DE ENFERMAGEM,Sem função
2578456,Pensionista,RECEPCIONISTA,Sem função
2221285,Ativo,AUXILIAR DE ENFERMAGEM,Sem função
1768834,Pensionista,PROFESSOR 3 GRAU,Sem função
1768834,Pensionista,PROFESSOR 3 GRAU,Sem função
1691330,Pensionista,ASSISTENTE DE DIRECAO E PRODUCAO,Sem função
3541245,Pensionista,VIGILANTE,Sem função
2885985,Aposentado,AUXILIAR DE MICROFILMAGEM,Sem função
2149736,Pensionista,TECNICO EM MUSICA,Sem função
2495456,Pensionista,MESTRE DE EDIF E INFRAESTRUTURA,Sem função
378484,Ativo,AUXILIAR DE ENFERMAGEM,Sem função
3628772,Pensionista,ASSISTENTE EM ADMINISTRACAO,Sem função
2467140,Aposentado,PROFESSOR DO MAGISTERIO SUPERIOR,Sem função
1316469,Pensionista,RECEPCIONISTA,Sem função
1928386,Ativo,ATENDENTE DE CONSULTORIO-AREA,Sem função
1928386,Ativo,Sem informaç,GF 002.7
3094335,Ativo,PROFESSOR DO MAGISTERIO SUPERIOR,Sem função
3080147,Ativo,OPERADOR DE MAQ DE LAVANDERIA,Sem função
1043117,Ativo,FARMACEUTICO-HABILITACAO,Sem função
2802445,Aposentado,MEDICO-AREA,Sem função
766414,Aposentado,TECNICO EM ARTES GRAFICAS,Sem função
1970752,Aposentado,PEDREIRO,Sem função
2841350,Ativo,AUX EM ADMINISTRACAO,Sem função
238927,Aposentado,AUXILIAR DE ENFERMAGEM,Sem função
1698338,Aposentado,OPERADOR DE CAMERA DE CINEMA E TV,Sem função
3548173,Aposentado,ARQUITETO E URBANISTA,Sem função
1825342,Ativo,TECNICO EM ELETROMECANICA,Sem função
438567,Aposentado,AUXILIAR DE LABORATORIO,Sem função
3705406,Ativo,AUX EM ADMINISTRACAO,Sem função
1129624,Ativo,MOTORISTA,Sem função
277250,Aposentado,AUX EM ADMINISTRACAO,Sem função
3585644,Aposentado,MECANICO,Sem função
1459455,Ativo,PROFESSOR DO MAGISTERIO SUPERIOR,Sem função
3080613,Ativo,PROFESSOR DO MAGISTERIO SUPERIOR,Sem função
3562516,Aposentado,ASSISTENTE EM ADMINISTRACAO,Sem função
1178377,Ativo,ENGENHEIRO-AREA,Sem função
3202001,Ativo,SERVENTE DE LIMPEZA,Sem função
1965734,Pensionista,AUX EM ADMINISTRACAO,Sem função
729541,Aposentado,OPERADOR DE MAQ AGRICOLAS,Sem função
2735570,Aposentado,CONTINUO,Sem função
84316,Ativo,PROFESSOR MAGISTERIO SUPERIOR -VISITANTE,Sem função
1673263,Aposentado,PROFESSOR DO MAGISTERIO SUPERIOR,Sem função
2175446,Aposentado,COZINHEIRO,Sem função
3237811,Ativo,VIGILANTE,Sem função
3752818,Ativo,AUXILIAR DE ENFERMAGEM,Sem função
294181,Aposentado,TECNICO EM CONTABILIDADE,Sem função
3189500,Ativo,PROFESSOR DO MAGISTERIO SUPERIOR,Sem função
343459,Ativo,MESTRE DE EDIF E INFRAESTRUTURA,Sem função
2318118,Aposentado,PROFESSOR DO MAGISTERIO SUPERIOR,Sem função
1004391,Aposentado,TECNICO EM MECANICA,Sem função
2958006,Pensionista,AUXILIAR DE ENFERMAGEM,Sem função
1586118,Aposentado,ASSISTENTE EM ADMINISTRACAO,Sem função
1426885,Pensionista,TEC EM ANATOMIA E NECROPSIA,Sem função
3259102,Ativo,PROFESSOR DO MAGISTERIO SUPERIOR,Sem função
3569515,Pensionista,ADMINISTRADOR DE EDIFICIOS,Sem função
864066,Pensionista,PROFESSOR DO MAGISTERIO SUPERIOR,Sem função
2795142,Ativo,PROFESSOR DO MAGISTERIO SUPERIOR,Sem função
3184388,Ativo,ASSISTENTE EM ADMINISTRACAO,Sem função
567220,Ativo,ASSISTENTE EM ADMINISTRACAO,Sem função
418340,Ativo,PROFESSOR DO MAGISTERIO SUPERIOR,Sem função
531943,Ativo,PROFESSOR DO MAGISTERIO SUPERIOR,Sem função
589766,Aposentado,MEDICO-AREA,Sem função
53039,Ativo,ASSISTENTE EM ADMINISTRACAO,Sem função
282025,Pensionista,PROFESSOR DO MAGISTERIO SUPERIOR,Sem função
2643365,Aposentado,PROFESSOR DO MAGISTERIO SUPERIOR,Sem função
3389964,Ativo,PROFESSOR DO MAGISTERIO SUPERIOR,Sem função
2470052,Ativo,PROFESSOR MAGISTERIO SUPERIOR-SUBSTITUTO,Sem função
1338287,Ativo,ASSISTENTE EM ADMINISTRACAO,Sem função
1004611,Ativo,PROFESSOR DO MAGISTERIO SUPERIOR,Sem função
3211613,Ativo,AUXILIAR DE ENFERMAGEM,Sem função
3226249,Ativo,ASSISTENTE EM ADMINISTRACAO,Sem função
3226249,Ativo,Sem informaç,FG 000.1
692748,Ativo,ANALISTA DE TEC DA INFORMACAO,Sem função
692748,Ativo,Sem informaç,GF 002.6
322553,Ativo,PROFESSOR DO MAGISTERIO SUPERIOR,Sem função
3173572,Ativo,PROFESSOR DO MAGISTERIO SUPERIOR,Sem função
3616150,Pensionista,ASSISTENTE EM ADMINISTRACAO,Sem função
1860126,Ativo,PROFESSOR DO MAGISTERIO SUPERIOR,Sem função
1860126,Ativo,Sem informaç,FG 000.1
257910,Ativo,BIBLIOTECARIO-DOCUMENTALISTA,Sem função
257910,Ativo,Sem informaç,FG 000.3
404079,Ativo,PROFESSOR DO MAGISTERIO SUPERIOR,Sem função
1076784,Ativo,PROFESSOR DO MAGISTERIO SUPERIOR,Sem função
1076784,Ativo,Sem informaç,FG 000.1
3120709,Ativo,TECNICO DE LABORATORIO AREA,Sem função
33441,Ativo,ASSISTENTE EM ADMINISTRACAO,Sem função
294052,Ativo,QUIMICO,Sem função
2412242,Ativo,PROFESSOR MAGISTERIO SUPERIOR-SUBSTITUTO,Sem função
292090,Pensionista,PROFESSOR DO MAGISTERIO SUPERIOR,Sem função
954444,Pensionista,PROFESSOR 3 GRAU,Sem função
2235902,Ativo,PROFESSOR DO MAGISTERIO SUPERIOR,Sem função
338607,Ativo,MEDICO-AREA,Sem função
225235,Aposentado,PROFESSOR DO MAGISTERIO SUPERIOR,Sem função
1579258,Ativo,ASSISTENTE EM ADMINISTRACAO,Sem função
1579258,Ativo,Inválido,Sem função
294781,Aposentado,PROFESSOR DO MAGISTERIO SUPERIOR,Sem função
2261519,Ativo,PROFESSOR DO MAGISTERIO SUPERIOR,Sem função
2261519,Aposentado,PROFESSOR DO MAGISTERIO SUPERIOR,Sem função
1373700,Aposentado,PRODUTOR CULTURAL,Sem função
3440846,Ativo,MEDICO RESIDENTE,Sem função
1231777,Ativo,ASSISTENTE EM ADMINISTRACAO,Sem função
743865,Pensionista,ASSISTENTE EM ADMINISTRACAO,Sem função
405365,Aposentado,PROFESSOR DO MAGISTERIO SUPERIOR,Sem função
3676860,Ativo,TELEFONISTA,Sem função
705510,Aposentado,PROFESSOR DO MAGISTERIO SUPERIOR,Sem função
2686506,Aposentado,ARQUITETO E URBANISTA,Sem função
1840971,Aposentado,VIGILANTE,Sem função
586450,Aposentado,MEDICO-AREA,Sem função
586450,Aposentado,MEDICO-AREA,Sem função
2200019,Aposentado,VESTIARISTA,Sem função
1703757,Ativo,NUTRICIONISTA-HABILITACAO,Sem função
1090119,Aposentado,MEDICO-AREA,Sem função
1854320,Ativo,PROFESSOR DO MAGISTERIO SUPERIOR,Sem função
811846,Ativo,PROFESSOR DO MAGISTERIO SUPERIOR,Sem função
2204782,Ativo,AUXILIAR DE ENFERMAGEM,Sem função
1014937,Ativo,TECNICO DE LABORATORIO AREA,Sem função
2726601,Pensionista,PROFESSOR DO MAGISTERIO SUPERIOR,Sem função
243012,Aposentado,PSICOLOGO-AREA,Sem função
704199,Ativo,NUTRICIONISTA-HABILITACAO,Sem função
2554659,Ativo,PROFESSOR DO MAGISTERIO SUPERIOR,Sem função
2554659,Ativo,Sem informaç,FUC 000.1
1382411,Ativo,PROFESSOR DO MAGISTERIO SUPERIOR,Sem função
123408,Ativo,PROFESSOR DO MAGISTERIO SUPERIOR,Sem função
2290432,Aposentado,ANALISTA DE TEC DA INFORMACAO,Sem função
976518,Aposentado,TECNICO EM RADIOLOGIA,Sem função
939640,Pensionista,ASSISTENTE EM ADMINISTRACAO,Sem função
1124434,Ativo,PROFESSOR DO MAGISTERIO SUPERIOR,Sem função
364018,Ativo,AUXILIAR DE ENFERMAGEM,Sem função
1366965,Ativo,PROFESSOR DO MAGISTERIO SUPERIOR,Sem função
1008090,Ativo,PROFESSOR DO MAGISTERIO SUPERIOR,Sem função
1947806,Aposentado,PROFESSOR DO MAGISTERIO SUPERIOR,Sem função
1095324,Ativo,CONTADOR,Sem função
1180032,Ativo,AUXILIAR DE ENFERMAGEM,Sem função
282005,Pensionista,VIGILANTE,Sem função
3223899,Aposentado,ASSISTENTE EM ADMINISTRACAO,Sem função
1776074,Ativo,TECNICO EM ENFERMAGEM,Sem função
2991123,Ativo,AUXILIAR DE ENFERMAGEM,Sem função
1113335,Ativo,TECNICO DE LABORATORIO AREA,Sem função
436742,Ativo,PROFESSOR DO MAGISTERIO SUPERIOR,Sem função
1433150,Ativo,TECNICO EM ENFERMAGEM,Sem função
937511,Pensionista,PROFESSOR DO MAGISTERIO SUPERIOR,Sem função
195317,Aposentado,PROFESSOR DO MAGISTERIO SUPERIOR,Sem função
937973,Aposentado,MEDICO-AREA,Sem função
2888360,Ativo,PROFESSOR DO MAGISTERIO SUPERIOR,Sem função
1883371,Ativo,ASSISTENTE EM ADMINISTRACAO,Sem função
1883371,Ativo,Sem informaç,FG 000.3
3357875,Pensionista,PROFESSOR DO MAGISTERIO SUPERIOR,Sem função
1873028,Aposentado,PROFESSOR DO MAGISTERIO SUPERIOR,Sem função
2207954,Ativo,ASSISTENTE SOCIAL,Sem função
2931921,Ativo,PROFESSOR DO MAGISTERIO SUPERIOR,Sem função
721645,Aposentado,ASSISTENTE EM ADMINISTRACAO,Sem função
1743682,Aposentado,TECNICO EM RADIOLOGIA,Sem função
1976601,Pensionista,PROFESSOR DO MAGISTERIO SUPERIOR,Sem função
2002357,Pensionista,TECNICO EM ASSUNTOS EDUCACIONAIS,Sem função
3778010,Pensionista,IMPRESSOR,Sem função
2193500,Aposentado,VESTIARISTA,Sem função
2395361,Aposentado,PROFESSOR DO MAGISTERIO SUPERIOR,Sem função
3608702,Aposentado,BIBLIOTECARIO-DOCUMENTALISTA,Sem função
192520,Aposentado,AUX EM ADMINISTRACAO,Sem função
3557718,Aposentado,PROFESSOR DO MAGISTERIO SUPERIOR,Sem função
355157,Aposentado,PROFESSOR DO MAGISTERIO SUPERIOR,Sem função
68412,Ativo,PROFESSOR DO MAGISTERIO SUPERIOR,Sem função
18344,Ativo,PROFESSOR DO MAGISTERIO SUPERIOR,Sem função
1027899,Ativo,AUX EM ADMINISTRACAO,Sem função
1027899,Ativo,Inválido,Sem função
2899674,Ativo,ASSISTENTE EM ADMINISTRACAO,Sem função
976950,Ativo,PROFESSOR DO MAGISTERIO SUPERIOR,Sem função
1876089,Ativo,TECNICO DE LABORATORIO AREA,Sem função
317612,Aposentado,MEDICO-AREA,Sem função
31045,Ativo,PROFESSOR DO MAGISTERIO SUPERIOR,Sem função
846624,Ativo,TECNICO DE LABORATORIO AREA,Sem função
2253387,Ativo,PROFESSOR DO MAGISTERIO SUPERIOR,Sem função
259766,Ativo,PROFESSOR DO MAGISTERIO SUPERIOR,Sem função
2048547,Ativo,PROFESSOR DO MAGISTERIO SUPERIOR,Sem função
2048547,Ativo,Sem informaç,FG 000.1
2708822,Aposentado,ASSISTENTE EM ADMINISTRACAO,Sem função
1943872,Ativo,ADMINISTRADOR DE EDIFICIOS,Sem função
3084391,Ativo,TECNOLOGO-FORMACAO,Sem função
2013104,Ativo,PROFESSOR DO MAGISTERIO SUPERIOR,Sem função
52835,Ativo,PROFESSOR DO MAGISTERIO SUPERIOR,Sem função
2397704,Ativo,PROFESSOR DO MAGISTERIO SUPERIOR,Sem função
1531712,Ativo,SERVENTE DE LIMPEZA,Sem função
187294,Aposentado,PROFESSOR DO MAGISTERIO SUPERIOR,Sem função
902260,Aposentado,PROFESSOR DO MAGISTERIO SUPERIOR,Sem função
1088031,Ativo,AUXILIAR DE ENFERMAGEM,Sem função
1914241,Aposentado,PROFESSOR DO MAGISTERIO SUPERIOR,Sem função
1066203,Ativo,PROFESSOR DO MAGISTERIO SUPERIOR,Sem função
1478288,Ativo,PROFESSOR DO MAGISTERIO SUPERIOR,Sem função
1174728,Aposentado,PROFESSOR DO MAGISTERIO SUPERIOR,Sem função
1174728,Aposentado,PROFESSOR DO MAGISTERIO SUPERIOR,Sem função
363335,Aposentado,PROFESSOR DO MAGISTERIO SUPERIOR,Sem função
1024392,Ativo,PROFESSOR DO MAGISTERIO SUPERIOR,Sem função
2322507,Aposentado,PROFESSOR DO MAGISTERIO SUPERIOR,Sem função
3431397,Ativo,PROFESSOR DO MAGISTERIO SUPERIOR,Sem função
2523339,Ativo,PROFESSOR DO MAGISTERIO SUPERIOR,Sem função
3128418,Ativo,PROFESSOR MAGISTERIO SUPERIOR-SUBSTITUTO,Sem função
2312009,Ativo,PROFESSOR DO MAGISTERIO SUPERIOR,Sem função
1534236,Ativo,PROFESSOR DO MAGISTERIO SUPERIOR,Sem função
1534236,Ativo,Sem informaç,FUC 000.1
1010513,Ativo,ASSISTENTE EM ADMINISTRACAO,Sem função
2704107,Aposentado,MEDICO-AREA,Sem função
3686797,Aposentado,TECNICO DE LABORATORIO AREA,Sem função
3235862,Pensionista,TECNICO EM ASSUNTOS EDUCACIONAIS,Sem função
2196688,Pensionista,RECEPCIONISTA,Sem função
2274320,Ativo,PROFESSOR DO MAGISTERIO SUPERIOR,Sem função
1958650,Ativo,ENFERMEIRO-AREA,Sem função
2131713,Ativo,MEDICO-AREA,Sem função
2131713,Ativo,PROFESSOR DO MAGISTERIO SUPERIOR,Sem função
2131713,Ativo,Sem informaç,FG 000.3
298783,Ativo,TECNICO DE LABORATORIO AREA,Sem função
1113325,Ativo,PROFESSOR DO MAGISTERIO SUPERIOR,Sem função
2921963,Ativo,PROFESSOR DO MAGISTERIO SUPERIOR,Sem função
2921963,Ativo,Sem informaç,FG 000.1
1542007,Ativo,PROFESSOR DO MAGISTERIO SUPERIOR,Sem função
2835149,Ativo,PROFESSOR DO MAGISTERIO SUPERIOR,Sem função
92240,Aposentado,ENFERMEIRO-AREA,Sem função
42808,Ativo,PROFESSOR DO MAGISTERIO SUPERIOR,Sem função
42808,Ativo,Sem informaç,FUC 000.1
832402,Ativo,PROFESSOR DO MAGISTERIO SUPERIOR,Sem função
73827,Ativo,ASSISTENTE EM ADMINISTRACAO,Sem função
3171012,Ativo,PROFESSOR DO MAGISTERIO SUPERIOR,Sem função
3703519,Ativo,SECRETARIO EXECUTIVO,Sem função
101179,Aposentado,PROFESSOR DO MAGISTERIO SUPERIOR,Sem função
192857,Aposentado,PROFESSOR DO MAGISTERIO SUPERIOR,Sem função
1204153,Ativo,TEC DE TECNOLOGIA DA INFORMACAO,Sem função
2492998,Ativo,TECNICO DE LABORATORIO AREA,Sem função
2942677,Ativo,BIBLIOTECARIO-DOCUMENTALISTA,Sem função
2942677,Ativo,Sem informaç,FG 000.1
1094032,Aposentado,PROFESSOR DO MAGISTERIO SUPERIOR,Sem função
1775218,Ativo,TECNICO EM ENFERMAGEM,Sem função
3060332,Ativo,PROGRAMADOR VISUAL,Sem função
783004,Ativo,PROFESSOR DO MAGISTERIO SUPERIOR,Sem função
560527,Ativo,TECNICO DE LABORATORIO AREA,Sem função
1934677,Ativo,PROFESSOR DO MAGISTERIO SUPERIOR,Sem função
883787,Pensionista,ARQUITETO E URBANISTA,Sem função
2853925,Ativo,PROFESSOR DO MAGISTERIO SUPERIOR,Sem função
1532141,Ativo,PROFESSOR DO MAGISTERIO SUPERIOR,Sem função
569839,Aposentado,PROFESSOR DO MAGISTERIO SUPERIOR,Sem função
220738,Aposentado,ASSISTENTE EM ADMINISTRACAO,Sem função
3582049,Pensionista,RECEPCIONISTA,Sem função
3604460,Pensionista,ELETRICISTA,Sem função
1662766,Ativo,AUXILIAR DE ENFERMAGEM,Sem função
3502717,Aposentado,AUXILIAR DE ENFERMAGEM,Sem função
3726532,Aposentado,VIGILANTE,Sem função
2737620,Aposentado,BIBLIOTECARIO-DOCUMENTALISTA,Sem função
3111591,Ativo,PROFESSOR DO MAGISTERIO SUPERIOR,Sem função
3858440,Ativo,ASSISTENTE EM ADMINISTRACAO,Sem função
2642623,Aposentado,TECNICO DE LABORATORIO AREA,Sem função
1350780,Ativo,PSICOLOGO-AREA,Sem função
1373214,Aposentado,TECNICO EM ASSUNTOS EDUCACIONAIS,Sem função
484824,Ativo,TECNICO EM ENFERMAGEM,Sem função
70353,Ativo,AUX EM ADMINISTRACAO,Sem função
1090522,Aposentado,ENFERMEIRO-AREA,Sem função
1579107,Ativo,PROFESSOR ENS BASICO TECN TECNOLOGICO,Sem função
1544922,Ativo,PROFESSOR DO MAGISTERIO SUPERIOR,Sem função
3856450,Ativo,MEDICO RESIDENTE,Sem função
317930,Pensionista,PROFESSOR DO MAGISTERIO SUPERIOR,Sem função
116737,Aposentado,PROFESSOR 3 GRAU,Sem função
577294,Aposentado,NUTRICIONISTA-HABILITACAO,Sem função
2632151,Pensionista,VIGILANTE,Sem função
1553526,Aposentado,ASSISTENTE EM ADMINISTRACAO,Sem função
1472145,Aposentado,ASSISTENTE EM ADMINISTRACAO,Sem função
2052601,Aposentado,ASSISTENTE EM ADMINISTRACAO,Sem função
2185871,Ativo,ASSISTENTE EM ADMINISTRACAO,Sem função
2395807,Ativo,PROFESSOR DO MAGISTERIO SUPERIOR,Sem função
1317477,Ativo,AUXILIAR DE ENFERMAGEM,Sem função
3043945,Ativo,TECNICO EM CONTABILIDADE,Sem função
2807493,Ativo,PROFESSOR DO MAGISTERIO SUPERIOR,Sem função
2807493,Ativo,Sem informaç,FUC 000.1
2292448,Ativo,ASSISTENTE EM ADMINISTRACAO,Sem função
1896510,Pensionista,PROFESSOR DO MAGISTERIO SUPERIOR,Sem função
1021781,Aposentado,ASSISTENTE EM ADMINISTRACAO,Sem função
1051314,Aposentado,NUTRICIONISTA-HABILITACAO,Sem função
2939291,Ativo,PROFESSOR DO MAGISTERIO SUPERIOR,Sem função
3341383,Aposentado,TECNICO EM ASSUNTOS EDUCACIONAIS,Sem função
676712,Aposentado,ASSISTENTE EM ADMINISTRACAO,Sem função
512613,Ativo,ASSISTENTE EM ADMINISTRACAO,Sem função
1302854,Aposentado,PROFESSOR DO MAGISTERIO SUPERIOR,Sem função
885568,Aposentado,PROFESSOR DO MAGISTERIO SUPERIOR,Sem função
446773,Ativo,SERVENTE DE LIMPEZA,Sem função
446773,Ativo,Sem informaç,FG 000.2
1366056,Aposentado,ASSISTENTE EM ADMINISTRACAO,Sem função
3064589,Ativo,PROFESSOR DO MAGISTERIO SUPERIOR,Sem função
251772,Aposentado,TECNICO EM CONTABILIDADE,Sem função
392347,Pensionista,PROFESSOR DO MAGISTERIO SUPERIOR,Sem função
259841,Pensionista,AUXILIAR DE ENFERMAGEM,Sem função
859790,Aposentado,AUX EM ADMINISTRACAO,Sem função
1981451,Pensionista,RECEPCIONISTA,Sem função
1161840,Ativo,PROFESSOR DO MAGISTERIO SUPERIOR,Sem função
1161840,Ativo,Sem informaç,RGA 000.5
692919,Aposentado,MEDICO-AREA,Sem função
1764758,Aposentado,RECEPCIONISTA,Sem função
3510841,Pensionista,PROFESSOR DO MAGISTERIO SUPERIOR,Sem função
981376,Aposentado,ASSISTENTE EM ADMINISTRACAO,Sem função
38627,Ativo,AUXILIAR DE ENFERMAGEM,Sem função
3211785,Ativo,SERVENTE DE LIMPEZA,Sem função
2209115,Aposentado,ECONOMISTA,Sem função
2209115,Pensionista,PROFESSOR DO MAGISTERIO SUPERIOR,Sem função
1592888,Aposentado,PROFESSOR DO MAGISTERIO SUPERIOR,Sem função
1102640,Pensionista,PROFESSOR DO MAGISTERIO SUPERIOR,Sem função
814526,Aposentado,TECNICO DE LABORATORIO AREA,Sem função
1491983,Aposentado,SECRETARIO EXECUTIVO,Sem função
838906,Aposentado,ASSISTENTE EM ADMINISTRACAO,Sem função
2792402,Aposentado,TECNICO EM ENFERMAGEM,Sem função
1643210,Aposentado,TECNICO EM ENFERMAGEM,Sem função
3099549,Aposentado,ASSISTENTE EM ADMINISTRACAO,Sem função
37871,Ativo,TECNICO EM ASSUNTOS EDUCACIONAIS,Sem função
3850380,Pensionista,PROFESSOR DO MAGISTERIO SUPERIOR,Sem função
2583150,Pensionista,RECEPCIONISTA,Sem função
901595,Aposentado,PROFESSOR DO MAGISTERIO SUPERIOR,Sem função
1888903,Pensionista,RECEPCIONISTA,Sem função
2255614,Pensionista,PROFESSOR 3 GRAU,Sem função
3607834,Pensionista,SERVENTE DE LIMPEZA,Sem função
3277652,Aposentado,ENFERMEIRO-AREA,Sem função
3385155,Pensionista,PROFESSOR DO MAGISTERIO SUPERIOR,Sem função
519353,Ativo,SERVENTE DE LIMPEZA,Sem função
2354260,Pensionista,ASSISTENTE EM ADMINISTRACAO,Sem função
1773856,Aposentado,MEDICO-AREA,Sem função
3352956,Ativo,CONTADOR,Sem função
1387631,Ativo,BIOLOGO,Sem função
480778,Ativo,PROFESSOR DO MAGISTERIO SUPERIOR,Sem função
1731057,Pensionista,VIGILANTE,Sem função
3632867,Aposentado,TECNICO DE LABORATORIO AREA,Sem função
2911665,Ativo,MEDICO RESIDENTE,Sem função
919741,Aposentado,PROFESSOR DO MAGISTERIO SUPERIOR,Sem função
1480677,Pensionista,PROFESSOR DO MAGISTERIO SUPERIOR,Sem função
1767638,Aposentado,AUX EM ADMINISTRACAO,Sem função
2839746,Aposentado,SERVENTE DE LIMPEZA,Sem função
3159131,Ativo,PROFESSOR DO MAGISTERIO SUPERIOR,Sem função
2952678,Aposentado,TECNICO EM ENFERMAGEM,Sem função
1943014,Aposentado,AUXILIAR DE ENFERMAGEM,Sem função
1899028,Aposentado,AUX EM ADMINISTRACAO,Sem função
1720337,Aposentado,PROFESSOR DO MAGISTERIO SUPERIOR,Sem função
2633944,Aposentado,AUXILIAR DE ENFERMAGEM,Sem função
530606,Aposentado,ASSISTENTE EM ADMINISTRACAO,Sem função
374679,Aposentado,MEDICO-AREA,Sem função
1299825,Aposentado,COPEIRO,Sem função
913029,Aposentado,PROFESSOR DO MAGISTERIO SUPERIOR,Sem função
502242,Aposentado,PROFESSOR DO MAGISTERIO SUPERIOR,Sem função
2518914,Ativo,PROFESSOR DO MAGISTERIO SUPERIOR,Sem função
2408553,Pensionista,ASSISTENTE EM ADMINISTRACAO,Sem função
1075084,Ativo,PROFESSOR DO MAGISTERIO SUPERIOR,Sem função
135517,Aposentado,ADMINISTRADOR,Sem função
1283327,Ativo,PROFESSOR DO MAGISTERIO SUPERIOR,Sem função
3134154,Ativo,SECRETARIO EXECUTIVO,Sem função
2770043,Ativo,PROFESSOR DO MAGISTERIO SUPERIOR,Sem função
2927377,Ativo,PROFESSOR DO MAGISTERIO SUPERIOR,Sem função
464757,Ativo,AUXILIAR DE ENFERMAGEM,Sem função
2009501,Aposentado,PROFESSOR DO MAGISTERIO SUPERIOR,Sem função
2009501,Aposentado,PROFESSOR DO MAGISTERIO SUPERIOR,Sem função
1824369,Ativo,ASSISTENTE EM ADMINISTRACAO,Sem função
1109247,Ativo,ASSISTENTE EM ADMINISTRACAO,Sem função
1935647,Ativo,VIGILANTE,Sem função
448381,Ativo,ASSISTENTE EM ADMINISTRACAO,Sem função
3222513,Ativo,PROFESSOR DO MAGISTERIO SUPERIOR,Sem função
3050860,Ativo,FARMACEUTICO-HABILITACAO,Sem função
1060355,Ativo,TECNICO EM ASSUNTOS EDUCACIONAIS,Sem função
1517470,Ativo,NUTRICIONISTA-HABILITACAO,Sem função
1600192,Ativo,AUX EM ADMINISTRACAO,Sem função
2326407,Ativo,MEDICO RESIDENTE,Sem função
2000445,Pensionista,PROFESSOR DO MAGISTERIO SUPERIOR,Sem função
2301912,Ativo,JORNALISTA,Sem função
2226357,Ativo,ENFERMEIRO-AREA,Sem função
3077165,Ativo,AUXILIAR DE ENFERMAGEM,Sem função
2048740,Aposentado,PROFESSOR DO MAGISTERIO SUPERIOR,Sem função
971097,Aposentado,PROFESSOR DO MAGISTERIO SUPERIOR,Sem função
2496217,Ativo,PROFESSOR MAGISTERIO SUPERIOR-SUBSTITUTO,Sem função
3128246,Ativo,ENFERMEIRO-AREA,Sem função
2301479,Ativo,ADMINISTRADOR,Sem função
1958868,Ativo,TECNICO DE LABORATORIO AREA,Sem função
1350336,Ativo,ENFERMEIRO-AREA,Sem função
2026817,Ativo,PROFESSOR MAGISTERIO SUPERIOR-SUBSTITUTO,Sem função
2333980,Aposentado,TECNICO EM ENFERMAGEM,Sem função
914750,Pensionista,ASSISTENTE EM ADMINISTRACAO,Sem função
1054177,Aposentado,PROFESSOR DO MAGISTERIO SUPERIOR,Sem função
350475,Pensionista,RECEPCIONISTA,Sem função
725720,Aposentado,JORNALISTA,Sem função
2648655,Pensionista,VIGILANTE,Sem função
1090051,Aposentado,AUXILIAR DE ENFERMAGEM,Sem função
3125006,Ativo,PROFESSOR DO MAGISTERIO SUPERIOR,Sem função
231926,Ativo,PROFESSOR DO MAGISTERIO SUPERIOR,Sem função
2261394,Ativo,ASSISTENTE EM ADMINISTRACAO,Sem função
436253,Ativo,ASSISTENTE SOCIAL,Sem função
3194227,Ativo,AUX EM ADMINISTRACAO,Sem função
3194227,Ativo,Sem informaç,FG 000.2
1426445,Aposentado,VIGILANTE,Sem função
1671533,Aposentado,PROFESSOR DO MAGISTERIO SUPERIOR,Sem função
2606355,Aposentado,TECNICO EM RADIOLOGIA,Sem função
2824389,Ativo,PROFESSOR DO MAGISTERIO SUPERIOR,Sem função
173772,Pensionista,FOTOGRAVADOR,Sem função
893303,Pensionista,RECEPCIONISTA,Sem função
1740461,Aposentado,AUXILIAR DE LABORATORIO,Sem função
2260358,Ativo,ENFERMEIRO-AREA,Sem função
394049,Ativo,ASSISTENTE EM ADMINISTRACAO,Sem função
3738583,Ativo,ASSISTENTE EM ADMINISTRACAO,Sem função
933300,Aposentado,PROFESSOR DO MAGISTERIO SUPERIOR,Sem função
968181,Pensionista,BOMBEIRO HIDRAULICO,Sem função
1042523,Aposentado,MEDICO-AREA,Sem função
2636930,Aposentado,AUX EM ADMINISTRACAO,Sem função
3416895,Ativo,AUX EM ADMINISTRACAO,Sem função
1030491,Ativo,PROFESSOR DO MAGISTERIO SUPERIOR,Sem função
844384,Ativo,CONTINUO,Sem função
1982854,Ativo,ASSISTENTE EM ADMINISTRACAO,Sem função
605565,Aposentado,EDITOR DE IMAGENS,Sem função
3359742,Pensionista,ASSISTENTE EM ADMINISTRACAO,Sem função
3004619,Ativo,PROFESSOR DO MAGISTERIO SUPERIOR,Sem função
3612574,Pensionista,RECEPCIONISTA,Sem função
1235134,Ativo,ADMINISTRADOR,Sem função
346977,Ativo,CONTADOR,Sem função
346977,Ativo,Sem informaç,CD 000.4
78190,Ativo,CONTADOR,Sem função
1629565,Ativo,TECNICO EM ASSUNTOS EDUCACIONAIS,Sem função
462969,Ativo,AUXILIAR DE ENFERMAGEM,Sem função
3765585,Ativo,BIBLIOTECARIO-DOCUMENTALISTA,Sem função
2356877,Ativo,BIBLIOTECARIO-DOCUMENTALISTA,Sem função
3381862,Pensionista,PROFESSOR DO MAGISTERIO SUPERIOR,Sem função
3381862,Pensionista,PROFESSOR DO MAGISTERIO SUPERIOR,Sem função
3067041,Ativo,PROFESSOR DO MAGISTERIO SUPERIOR,Sem função
2915445,Ativo,PROFESSOR DO MAGISTERIO SUPERIOR,Sem função
449858,Ativo,TECNICO DE LABORATORIO AREA,Sem função
1236743,Aposentado,PROFESSOR DO MAGISTERIO SUPERIOR,Sem função
548092,Ativo,PROFESSOR DO MAGISTERIO SUPERIOR,Sem função
2244053,Ativo,PSICOLOGO-AREA,Sem função
2244053,Ativo,Sem informaç,GF 002.7
908994,Ativo,PROFESSOR DO MAGISTERIO SUPERIOR,Sem função
2741969,Pensionista,ASSISTENTE EM ADMINISTRACAO,Sem função
3110017,Aposentado,PROFESSOR DO MAGISTERIO SUPERIOR,Sem função
2403426,Ativo,PROFESSOR DO MAGISTERIO SUPERIOR,Sem função
2279864,Pensionista,TEC EM ELETROELETRONICA,Sem função
386493,Ativo,PROFESSOR DO MAGISTERIO SUPERIOR,Sem função
1500748,Ativo,ASSISTENTE EM ADMINISTRACAO,Sem função
3555416,Pensionista,PROFESSOR DO MAGISTERIO SUPERIOR,Sem função
3555416,Pensionista,PROFESSOR DO MAGISTERIO SUPERIOR,Sem função
1534781,Ativo,ASSISTENTE EM ADMINISTRACAO,Sem função
1158816,Ativo,TECNICO EM ASSUNTOS EDUCACIONAIS,Sem função
1158816,Ativo,Sem informaç,FG 000.2
3295781,Ativo,ASSISTENTE EM ADMINISTRACAO,Sem função
1757549,Ativo,ANALISTA DE TEC DA INFORMACAO,Sem função
1541334,Ativo,PROFESSOR DO MAGISTERIO SUPERIOR,Sem função
1050671,Ativo,AUXILIAR DE ENFERMAGEM,Sem função
697903,Aposentado,AUX EM ADMINISTRACAO,Sem função
2983522,Ativo,MEDICO RESIDENTE,Sem função
1049658,Ativo,ASSISTENTE EM ADMINISTRACAO,Sem função
3857098,Ativo,ASSISTENTE EM ADMINISTRACAO,Sem função
2370637,Aposentado,PROFESSOR DO MAGISTERIO SUPERIOR,Sem função
2370637,Pensionista,PROFESSOR DO MAGISTERIO SUPERIOR,Sem função
1631358,Ativo,PROFESSOR DO MAGISTERIO SUPERIOR,Sem função
2707932,Aposentado,PROFESSOR DO MAGISTERIO SUPERIOR,Sem função
3418567,Aposentado,PROFESSOR DO MAGISTERIO SUPERIOR,Sem função
3418567,Aposentado,NUTRICIONISTA-HABILITACAO,Sem função
3162480,Aposentado,PROFESSOR DO MAGISTERIO SUPERIOR,Sem função
2704390,Ativo,PROFESSOR DO MAGISTERIO SUPERIOR,Sem função
738329,Aposentado,BIBLIOTECARIO-DOCUMENTALISTA,Sem função
2503544,Ativo,PROFESSOR DO MAGISTERIO SUPERIOR,Sem função
3182945,Ativo,ADMINISTRADOR,Sem função
3182945,Ativo,Sem informaç,FG 000.1
3251607,Ativo,PROFESSOR DO MAGISTERIO SUPERIOR,Sem função
3194357,Aposentado,PROFESSOR DO MAGISTERIO SUPERIOR,Sem função
652885,Aposentado,PROFESSOR DO MAGISTERIO SUPERIOR,Sem função
1266167,Ativo,ENFERMEIRO-AREA,Sem função
1652588,Ativo,FONOAUDIOLOGO,Sem função
2908019,Ativo,ENFERMEIRO-AREA,Sem função
2908019,Ativo,Sem informaç,GF 002.7
1683034,Ativo,PROFESSOR DO MAGISTERIO SUPERIOR,Sem função
1241916,Ativo,ASSISTENTE EM ADMINISTRACAO,Sem função
2399104,Ativo,TECNICO EM CONTABILIDADE,Sem função
999578,Ativo,TECNICO EM CONTABILIDADE,Sem função
999578,Ativo,Sem informaç,FG 000.1
110010,Ativo,BIBLIOTECARIO-DOCUMENTALISTA,Sem função
2003190,Ativo,PROFESSOR DO MAGISTERIO SUPERIOR,Sem função
1593379,Aposentado,MOTORISTA,Sem função
3764029,Aposentado,PROFESSOR DO MAGISTERIO SUPERIOR,Sem função
1193940,Ativo,TECNICO EM ASSUNTOS EDUCACIONAIS,Sem função
774185,Ativo,MEDICO RESIDENTE,Sem função
2275906,Ativo,PROFESSOR DO MAGISTERIO SUPERIOR,Sem função
1183427,Aposentado,ASSISTENTE EM ADMINISTRACAO,Sem função
900369,Ativo,BIOLOGO,Sem função
3026274,Ativo,PROFESSOR MAGISTERIO SUPERIOR-SUBSTITUTO,Sem função
249654,Ativo,ASSISTENTE EM ADMINISTRACAO,Sem função
3744151,Ativo,PROFESSOR DO MAGISTERIO SUPERIOR,Sem função
3744151,Ativo,Sem informaç,FUC 000.1
120126,Ativo,PRODUTOR CULTURAL,Sem função
3852411,Ativo,MEDICO RESIDENTE,Sem função
116049,Aposentado,ENFERMEIRO-AREA,Sem função
1871559,Ativo,ASSISTENTE EM ADMINISTRACAO,Sem função
3716930,Ativo,ASSISTENTE EM ADMINISTRACAO,Sem função
3716930,Ativo,Sem informaç,FG 000.1
2346671,Ativo,PROFESSOR DO MAGISTERIO SUPERIOR,Sem função
2902728,Ativo,ASSISTENTE EM ADMINISTRACAO,Sem função
1398434,Ativo,ASSISTENTE EM ADMINISTRACAO,Sem função
3858888,Ativo,RESIDENCIA MULTIPROFISSIONAL,Sem função
2526334,Ativo,ASSISTENTE EM ADMINISTRACAO,Sem função
3106663,Ativo,ASSISTENTE EM ADMINISTRACAO,Sem função
1289066,Aposentado,PROFESSOR DO MAGISTERIO SUPERIOR,Sem função
2465873,Aposentado,PROFESSOR DO MAGISTERIO SUPERIOR,Sem função
333279,Pensionista,ASSISTENTE EM ADMINISTRACAO,Sem função
820297,Aposentado,MEDICO-AREA,Sem função
363674,Ativo,PROFESSOR MAGISTERIO SUPERIOR -VISITANTE,Sem função
1944363,Pensionista,MEDICO-AREA,Sem função
770574,Aposentado,PROFESSOR DO MAGISTERIO SUPERIOR,Sem função
175896,Pensionista,PROFESSOR 3 GRAU,Sem função
384904,Ativo,ASSISTENTE EM ADMINISTRACAO,Sem função
1301622,Aposentado,PROFESSOR DO MAGISTERIO SUPERIOR,Sem função
1301622,Aposentado,MEDICO-AREA,Sem função
1776910,Aposentado,SOCIOLOGO,Sem função
1159030,Ativo,PROFESSOR DO MAGISTERIO SUPERIOR,Sem função
1775672,Aposentado,PROFESSOR DO MAGISTERIO SUPERIOR,Sem função
1823760,Aposentado,ADMINISTRADOR,Sem função
11433,Aposentado,ASSISTENTE EM ADMINISTRACAO,Sem função
14130,Aposentado,MEDICO-AREA,Sem função
3613473,Aposentado,ASSISTENTE EM ADMINISTRACAO,Sem função
3726288,Ativo,MEDICO-AREA,Sem função
1226592,Aposentado,PROFESSOR DO MAGISTERIO SUPERIOR,Sem função
1667536,Pensionista,RECEPCIONISTA,Sem função
2183268,Aposentado,PROFESSOR DO MAGISTERIO SUPERIOR,Sem função
990464,Aposentado,PROFESSOR DO MAGISTERIO SUPERIOR,Sem função
788124,Aposentado,PROFESSOR DO MAGISTERIO SUPERIOR,Sem função
89114,Ativo,PROFESSOR MAGISTERIO SUPERIOR-SUBSTITUTO,Sem função
1453075,Ativo,PROFESSOR DO MAGISTERIO SUPERIOR,Sem função
1747999,Ativo,MEDICO RESIDENTE,Sem função
2249188,Aposentado,PROFESSOR DO MAGISTERIO SUPERIOR,Sem função
379681,Ativo,ASSISTENTE EM ADMINISTRACAO,Sem função
1588316,Aposentado,PROFESSOR DO MAGISTERIO SUPERIOR,Sem função
543319,Ativo,PROFESSOR ENS BASICO TECN TECNOLOGICO,Sem função
3238144,Ativo,TECNICO DE LABORATORIO AREA,Sem função
691458,Aposentado,PROFESSOR DO MAGISTERIO SUPERIOR,Sem função
2361130,Ativo,PROFESSOR DO MAGISTERIO SUPERIOR,Sem função
335435,Ativo,PROFESSOR DO MAGISTERIO SUPERIOR,Sem função
2975332,Ativo,PROFESSOR DO MAGISTERIO SUPERIOR,Sem função
521964,Ativo,PROFESSOR DO MAGISTERIO SUPERIOR,Sem função
2372724,Ativo,ASSISTENTE EM ADMINISTRACAO,Sem função
3556328,Ativo,PROFESSOR MAGISTERIO SUPERIOR-SUBSTITUTO,Sem função
3050349,Ativo,PROFESSOR DO MAGISTERIO SUPERIOR,Sem função
381770,Ativo,PROFESSOR DO MAGISTERIO SUPERIOR,Sem função
108943,Ativo,TEC EM ANATOMIA E NECROPSIA,Sem função
2120606,Ativo,ADMINISTRADOR,Sem função
1622603,Ativo,TERAPEUTA OCUPACIONAL,Sem função
1367226,Ativo,MEDICO-AREA,Sem função
19793,Ativo,AUX EM ADMINISTRACAO,Sem função
1279259,Ativo,PROFESSOR DO MAGISTERIO SUPERIOR,Sem função
1279259,Ativo,Sem informaç,FG 000.1
2031225,Ativo,PROFESSOR DO MAGISTERIO SUPERIOR,Sem função
217713,Ativo,PROFESSOR MAGISTERIO SUPERIOR-SUBSTITUTO,Sem função
2832454,Ativo,AUXILIAR DE ENFERMAGEM,Sem função
1063926,Ativo,SECRETARIO EXECUTIVO,Sem função
1312646,Ativo,ASSISTENTE EM ADMINISTRACAO,Sem função
1977809,Ativo,PROFESSOR DO MAGISTERIO SUPERIOR,Sem função
324862,Ativo,ASSISTENTE EM ADMINISTRACAO,Sem função
1874448,Ativo,TECNICO EM ENFERMAGEM,Sem função
1549794,Ativo,PROFESSOR DO MAGISTERIO SUPERIOR,Sem função
3595746,Ativo,PROFESSOR DO MAGISTERIO SUPERIOR,Sem função
3429718,Ativo,PROFESSOR MAGISTERIO SUPERIOR-SUBSTITUTO,Sem função
2553634,Ativo,ASSISTENTE SOCIAL,Sem função
324936,Ativo,TECNICO EM ENFERMAGEM,Sem função
1386720,Ativo,ADMINISTRADOR,Sem função
2401190,Ativo,PROFESSOR DO MAGISTERIO SUPERIOR,Sem função
1213215,Ativo,VIGILANTE,Sem função
1213215,Ativo,Sem informaç,FG 000.1
485928,Ativo,MEDICO RESIDENTE,Sem função
3858928,Ativo,ASSISTENTE EM ADMINISTRACAO,Sem função
436019,Ativo,MEDICO RESIDENTE,Sem função
810834,Ativo,PROFESSOR DO MAGISTERIO SUPERIOR,Sem função
810834,Ativo,Sem informaç,FG 000.1
2186773,Ativo,BIBLIOTECARIO-DOCUMENTALISTA,Sem função
3540383,Aposentado,MEDICO-AREA,Sem função
13446,Aposentado,PROFESSOR DO MAGISTERIO SUPERIOR,Sem função
3192513,Ativo,PROFESSOR DO MAGISTERIO SUPERIOR,Sem função
3796216,Pensionista,ASSISTENTE EM ADMINISTRACAO,Sem função
1859779,Aposentado,PROFESSOR DO MAGISTERIO SUPERIOR,Sem função
1698061,Aposentado,ASSISTENTE EM ADMINISTRACAO,Sem função
2511484,Aposentado,PROFESSOR DO MAGISTERIO SUPERIOR,Sem função
2331593,Aposentado,PROFESSOR DO MAGISTERIO SUPERIOR,Sem função
3714540,Aposentado,PROFESSOR DO MAGISTERIO SUPERIOR,Sem função
2046855,Aposentado,PROFESSOR DO MAGISTERIO SUPERIOR,Sem função
1899589,Ativo,PROFESSOR DO MAGISTERIO SUPERIOR,Sem função
1894257,Aposentado,TECNICO DE LABORATORIO AREA,Sem função
528436,Aposentado,ENGENHEIRO-AREA,Sem função
2930910,Aposentado,ASSISTENTE EM ADMINISTRACAO,Sem função
2198614,Ativo,PROFESSOR DO MAGISTERIO SUPERIOR,Sem função
3294353,Ativo,PROFESSOR DO MAGISTERIO SUPERIOR,Sem função
1005963,Ativo,PROFESSOR DO MAGISTERIO SUPERIOR,Sem função
1005963,Ativo,Sem informaç,FG 000.1
2762953,Ativo,PROFESSOR TITULAR-LIVRE MAG SUPERIOR,Sem função
2762953,Aposentado,PROFESSOR DO MAGISTERIO SUPERIOR,Sem função
1329478,Ativo,TECNICO EM ELETRONICA,Sem função
3323063,Aposentado,TECNICO EM RADIOLOGIA,Sem função
2108805,Aposentado,CONTINUO,Sem função
999048,Ativo,BIBLIOTECARIO-DOCUMENTALISTA,Sem função
64458,Aposentado,PROFESSOR DO MAGISTERIO SUPERIOR,Sem função
64458,Pensionista,PROFESSOR DO MAGISTERIO SUPERIOR,Sem função
1080001,Ativo,PSICOLOGO-AREA,Sem função
1470485,Aposentado,PROFESSOR ENS BASICO TECN TECNOLOGICO,Sem função
374281,Aposentado,MEDICO-AREA,Sem função
1383600,Pensionista,PROFESSOR DO MAGISTERIO SUPERIOR,Sem função
1802464,Pensionista,PROFESSOR 3 GRAU,Sem função
1375119,Ativo,ASSISTENTE EM ADMINISTRACAO,Sem função
753028,Aposentado,AUXILIAR DE SAUDE,Sem função
2445864,Aposentado,PROFESSOR DO MAGISTERIO SUPERIOR,Sem função
2445864,Pensionista,PROFESSOR DO MAGISTERIO SUPERIOR,Sem função
2205447,Aposentado,TECNICO EM ASSUNTOS EDUCACIONAIS,Sem função
2737171,Aposentado,ASSISTENTE EM ADMINISTRACAO,Sem função
1416878,Aposentado,PROFESSOR DO MAGISTERIO SUPERIOR,Sem função
3048917,Ativo,PROFESSOR DO MAGISTERIO SUPERIOR,Sem função
3048917,Ativo,Sem informaç,FG 000.1
3667554,Aposentado,TECNICO DE LABORATORIO AREA,Sem função
2040553,Aposentado,ENFERMEIRO-AREA,Sem função
2988992,Pensionista,AUXILIAR DE FARMACIA,Sem função
466557,Aposentado,ASCENSORISTA,Sem função
2794007,Pensionista,RECEPCIONISTA,Sem função
767454,Pensionista,PROFESSOR 3 GRAU,Sem função
1793296,Pensionista,PROFESSOR DO MAGISTERIO SUPERIOR,Sem função
2253384,Ativo,ASSISTENTE EM ADMINISTRACAO,Sem função
3499561,Pensionista,RECEPCIONISTA,Sem função
1994778,Pensionista,ARMAZENISTA,Sem função
537240,Aposentado,ENFERMEIRO-AREA,Sem função
2603135,Aposentado,ARQUIVISTA,Sem função
836566,Aposentado,PROFESSOR DO MAGISTERIO SUPERIOR,Sem função
2032732,Pensionista,ASSISTENTE EM ADMINISTRACAO,Sem função
177483,Pensionista,PROFESSOR DO MAGISTERIO SUPERIOR,Sem função
714516,Pensionista,ASSISTENTE EM ADMINISTRACAO,Sem função
1038155,Aposentado,ASSISTENTE EM ADMINISTRACAO,Sem função
37269,Ativo,PROFESSOR DO MAGISTERIO SUPERIOR,Sem função
1770850,Aposentado,ASSISTENTE EM ADMINISTRACAO,Sem função
2790589,Pensionista,AUXILIAR OPERACIONAL,Sem função
1978295,Pensionista,PROFESSOR DO MAGISTERIO SUPERIOR,Sem função
207110,Ativo,PROFESSOR DO MAGISTERIO SUPERIOR,Sem função
207110,Ativo,Sem informaç,FG 000.1
1183829,Ativo,ASSISTENTE EM ADMINISTRACAO,Sem função
2162480,Aposentado,BIBLIOTECARIO-DOCUMENTALISTA,Sem função
2101517,Aposentado,PROFESSOR DO MAGISTERIO SUPERIOR,Sem função
2101517,Pensionista,PROFESSOR DO MAGISTERIO SUPERIOR,Sem função
1048398,Ativo,AUX EM ADMINISTRACAO,Sem função
3692848,Ativo,PROFESSOR DO MAGISTERIO SUPERIOR,Sem função
2215542,Aposentado,PROFESSOR DO MAGISTERIO SUPERIOR,Sem função
1156322,Pensionista,TEC EM ANATOMIA E NECROPSIA,Sem função
3361622,Pensionista,VIGILANTE,Sem função
1988926,Aposentado,TECNICO DE LABORATORIO AREA,Sem função
1988926,Pensionista,AUXILIAR DE LABORATORIO,Sem função
2119594,Ativo,PROFESSOR DO MAGISTERIO SUPERIOR,Sem função
2462071,Pensionista,RECEPCIONISTA,Sem função
913929,Aposentado,SECRETARIO EXECUTIVO,Sem função
979656,Ativo,TECNICO DE LABORATORIO AREA,Sem função
2115826,Pensionista,PROFESSOR DO MAGISTERIO SUPERIOR,Sem função
2154641,Aposentado,PROFESSOR DO MAGISTERIO SUPERIOR,Sem função
1865628,Pensionista,OPERADOR DE MAQUINA COPIADORA,Sem função
742072,Pensionista,RECEPCIONISTA,Sem função
2714126,Pensionista,ASSISTENTE EM ADMINISTRACAO,Sem função
392448,Aposentado,PROFESSOR DO MAGISTERIO SUPERIOR,Sem função
2578299,Pensionista,MEDICO-AREA,Sem função
2578299,Pensionista,PROFESSOR 3 GRAU,Sem função
2343957,Aposentado,PROFESSOR DO MAGISTERIO SUPERIOR,Sem função
1660390,Aposentado,ASSISTENTE EM ADMINISTRACAO,Sem função
2313183,Aposentado,ASSISTENTE EM ADMINISTRACAO,Sem função
1417146,Pensionista,MESTRE DE EDIF E INFRAESTRUTURA,Sem função
1319468,Aposentado,AUXILIAR DE ENFERMAGEM,Sem função
3107822,Aposentado,TRADUTOR INTERPRETE,Sem função
1987341,Pensionista,ASSISTENTE EM ADMINISTRACAO,Sem função
2964139,Pensionista,PROFESSOR DO MAGISTERIO SUPERIOR,Sem função
3258901,Pensionista,PROFESSOR DO MAGISTERIO SUPERIOR,Sem função
1124819,Pensionista,COPEIRO,Sem função
2152568,Aposentado,RECEPCIONISTA,Sem função
2161256,Pensionista,VIGILANTE,Sem função
1727146,Pensionista,RECEPCIONISTA,Sem função
2009793,Pensionista,CARPINTEIRO,Sem função
3529799,Aposentado,TECNICO EM ASSUNTOS EDUCACIONAIS,Sem função
1979055,Aposentado,COZINHEIRO,Sem função
2136701,Pensionista,PROFESSOR 3 GRAU,Sem função
2136701,Pensionista,PROFESSOR 3 GRAU,Sem função
3609304,Aposentado,AUXILIAR DE ENFERMAGEM,Sem função
828957,Aposentado,AUXILIAR DE ENFERMAGEM,Sem função
1366610,Aposentado,PROFESSOR DO MAGISTERIO SUPERIOR,Sem função
3118440,Aposentado,ADMINISTRADOR,Sem função
3674916,Pensionista,TECNICO DE LABORATORIO AREA,Sem função
1735566,Pensionista,PROFESSOR DO MAGISTERIO SUPERIOR,Sem função
2813365,Ativo,MEDICO RESIDENTE,Sem função
783810,Ativo,BIOMEDICO,Sem função
2943720,Ativo,RESIDENCIA MULTIPROF. SAUDE DA FAMILIA,Sem função
2016537,Ativo,PROFESSOR MAGISTERIO SUPERIOR-SUBSTITUTO,Sem função
1132092,Ativo,PROFESSOR DO MAGISTERIO SUPERIOR,Sem função
1531256,Ativo,PROFESSOR DO MAGISTERIO SUPERIOR,Sem função
3248954,Ativo,ASSISTENTE EM ADMINISTRACAO,Sem função
1160934,Aposentado,PROFESSOR DO MAGISTERIO SUPERIOR,Sem função
250674,Ativo,PROFESSOR DO MAGISTERIO SUPERIOR,Sem função
250674,Ativo,Sem informaç,FG 000.1
2524263,Ativo,PROFESSOR DO MAGISTERIO SUPERIOR,Sem função
2288133,Ativo,PROFESSOR DO MAGISTERIO SUPERIOR,Sem função
2260012,Ativo,TECNICO DE LABORATORIO AREA,Sem função
1905762,Ativo,PROFESSOR MAGISTERIO SUPERIOR-SUBSTITUTO,Sem função
1484828,Ativo,ADMINISTRADOR,Sem função
1484828,Ativo,Sem informaç,FG 000.1
349034,Ativo,MEDICO-AREA,Sem função
336489,Ativo,ASSISTENTE EM ADMINISTRACAO,Sem função
3855425,Ativo,MEDICO RESIDENTE,Sem função
1990640,Ativo,PROFESSOR MAGISTERIO SUPERIOR-SUBSTITUTO,Sem função
2199729,Ativo,FISICO,Sem função
2215875,Ativo,PROFESSOR DO MAGISTERIO SUPERIOR,Sem função
3195678,Ativo,PROFESSOR DO MAGISTERIO SUPERIOR,Sem função
3863135,Ativo,RESIDENCIA MULTIPROFISSIONAL,Sem função
2403066,Ativo,PROFESSOR MAGISTERIO SUPERIOR-SUBSTITUTO,Sem função
498814,Ativo,PROFESSOR DO MAGISTERIO SUPERIOR,Sem função
546292,Ativo,PROFESSOR DO MAGISTERIO SUPERIOR,Sem função
3859601,Ativo,ASSISTENTE EM ADMINISTRACAO,Sem função
226619,Ativo,PROFESSOR DO MAGISTERIO SUPERIOR,Sem função
2476976,Ativo,PROFESSOR DO MAGISTERIO SUPERIOR,Sem função
520303,Ativo,PROFESSOR MAGISTERIO SUPERIOR-SUBSTITUTO,Sem função
1524077,Ativo,PEDAGOGO-AREA,Sem função
1524077,Ativo,Sem informaç,GF 002.7
1595558,Ativo,PROFESSOR MAGISTERIO SUPERIOR-SUBSTITUTO,Sem função
2468981,Ativo,PSICOLOGO-AREA,Sem função
2020706,Ativo,ASSISTENTE EM ADMINISTRACAO,Sem função
60546,Ativo,ADMINISTRADOR,Sem função
2139081,Ativo,RESIDENCIA MULTIPROFISSIONAL,Sem função
2925649,Ativo,ASSISTENTE EM ADMINISTRACAO,Sem função
2925649,Ativo,Sem informaç,FG 000.1
2425138,Ativo,MEDICO RESIDENTE,Sem função
3318165,Ativo,ASSISTENTE EM ADMINISTRACAO,Sem função
2141560,Ativo,PROFESSOR DO MAGISTERIO SUPERIOR,Sem função
3293115,Ativo,PROFESSOR DO MAGISTERIO SUPERIOR,Sem função
3293115,Ativo,Sem informaç,FUC 000.1
1087995,Ativo,ASSISTENTE EM ADMINISTRACAO,Sem função
1087995,Ativo,Sem informaç,FG 000.2
2339943,Ativo,RESIDENCIA MULTIPROFISSIONAL,Sem função
1259841,Ativo,PROFESSOR DO MAGISTERIO SUPERIOR,Sem função
587155,Aposentado,PROFESSOR DO MAGISTERIO SUPERIOR,Sem função
2994122,Pensionista,PROFESSOR DO MAGISTERIO SUPERIOR,Sem função
1831112,Pensionista,PROFESSOR DO MAGISTERIO SUPERIOR,Sem função
2812301,Pensionista,PROFESSOR 3 GRAU,Sem função
3864111,Ativo,TEC DE TECNOLOGIA DA INFORMACAO,Sem função
2408195,Ativo,ASSISTENTE EM ADMINISTRACAO,Sem função
326020,Ativo,PROFESSOR DO MAGISTERIO SUPERIOR,Sem função
3863590,Ativo,TECNICO EM CONTABILIDADE,Sem função
1463563,Ativo,MEDICO RESIDENTE,Sem função
2969137,Ativo,ASSISTENTE EM ADMINISTRACAO,Sem função
240192,Ativo,ASSISTENTE EM ADMINISTRACAO,Sem função
1316616,Ativo,CONTADOR,Sem função
1745260,Ativo,TRADUTOR INTERPRETE DE LINGUAGEM SINAIS,Sem função
2297249,Ativo,TECNICO EM SOM,Sem função
1963128,Ativo,ASSISTENTE EM ADMINISTRACAO,Sem função
1553143,Ativo,PROFESSOR DO MAGISTERIO SUPERIOR,Sem função
1241291,Ativo,TECNICO EM ENFERMAGEM,Sem função
504755,Ativo,PROFESSOR DO MAGISTERIO SUPERIOR,Sem função
172398,Ativo,TEC DE TECNOLOGIA DA INFORMACAO,Sem função
553357,Ativo,MEDICO RESIDENTE,Sem função
3052443,Ativo,PROFESSOR DO MAGISTERIO SUPERIOR,Sem função
3052443,Ativo,Sem informaç,FUC 000.1
3670597,Ativo,INSTRUMENTADOR CIRURGICO,Sem função
3715913,Ativo,CONTADOR,Sem função
850040,Pensionista,AUXILIAR DE ENFERMAGEM,Sem função
2749572,Ativo,MEDICO RESIDENTE,Sem função
4781,Ativo,TEC DE TECNOLOGIA DA INFORMACAO,Sem função
1138060,Ativo,PROFESSOR DO MAGISTERIO SUPERIOR,Sem função
3743334,Ativo,ASSISTENTE EM ADMINISTRACAO,Sem função
3743334,Ativo,Sem informaç,FG 000.1
2698166,Ativo,PROFESSOR DO MAGISTERIO SUPERIOR,Sem função
3160404,Ativo,ANALISTA DE TEC DA INFORMACAO,Sem função
2110141,Ativo,ASSISTENTE EM ADMINISTRACAO,Sem função
388972,Ativo,PROFESSOR DO MAGISTERIO SUPERIOR,Sem função
3152219,Ativo,PROFESSOR MAGISTERIO SUPERIOR -VISITANTE,Sem função
1312416,Ativo,SECRETARIO EXECUTIVO,Sem função
802460,Ativo,ASSISTENTE EM ADMINISTRACAO,Sem função
1431019,Ativo,PROFESSOR MAGISTERIO SUPERIOR-SUBSTITUTO,Sem função
261300,Ativo,PROFESSOR DO MAGISTERIO SUPERIOR,Sem função
3256649,Ativo,PROFESSOR DO MAGISTERIO SUPERIOR,Sem função
1851727,Ativo,PROFESSOR MAGISTERIO SUPERIOR-SUBSTITUTO,Sem função
264415,Ativo,PROFESSOR DO MAGISTERIO SUPERIOR,Sem função
264415,Ativo,Sem informaç,FUC 000.1
2376741,Ativo,PROFESSOR DO MAGISTERIO SUPERIOR,Sem função
2376741,Ativo,Sem informaç,FUC 000.1
3221162,Ativo,TECNICO EM ASSUNTOS EDUCACIONAIS,Sem função
3117084,Ativo,PROFESSOR DO MAGISTERIO SUPERIOR,Sem função
66953,Ativo,ASSISTENTE EM ADMINISTRACAO,Sem função
3891285,Ativo,PROFESSOR DO MAGISTERIO SUPERIOR,Sem função
3195019,Ativo,PROFESSOR DO MAGISTERIO SUPERIOR,Sem função
573404,Ativo,PROFESSOR DO MAGISTERIO SUPERIOR,Sem função
3074126,Ativo,ASSISTENTE EM ADMINISTRACAO,Sem função
2610217,Ativo,PROFESSOR DO MAGISTERIO SUPERIOR,Sem função
2610217,Ativo,Sem informaç,FUC 000.1
3258681,Ativo,TECNICO DE LABORATORIO AREA,Sem função
219898,Ativo,PROFESSOR DO MAGISTERIO SUPERIOR,Sem função
3676636,Ativo,PROFESSOR DO MAGISTERIO SUPERIOR,Sem função
3030710,Ativo,MEDICO RESIDENTE,Sem função
1479359,Ativo,PROFESSOR MAGISTERIO SUPERIOR-SUBSTITUTO,Sem função
1657706,Ativo,PROFESSOR DO MAGISTERIO SUPERIOR,Sem função
1696317,Ativo,AUXILIAR DE ENFERMAGEM,Sem função
792982,Pensionista,JORNALISTA,Sem função
387320,Ativo,PROFESSOR DO MAGISTERIO SUPERIOR,Sem função
3358016,Pensionista,ASSISTENTE EM ADMINISTRACAO,Sem função
2390117,Ativo,PROFESSOR DO MAGISTERIO SUPERIOR,Sem função
441070,Ativo,ASSISTENTE EM ADMINISTRACAO,Sem função
2321284,Aposentado,AUX EM ADMINISTRACAO,Sem função
859717,Aposentado,PROFESSOR DO MAGISTERIO SUPERIOR,Sem função
2176530,Ativo,PROFESSOR DO MAGISTERIO SUPERIOR,Sem função
2176530,Aposentado,PROFESSOR DO MAGISTERIO SUPERIOR,Sem função
979139,Ativo,ASSISTENTE EM ADMINISTRACAO,Sem função
544990,Ativo,PROFESSOR DO MAGISTERIO SUPERIOR,Sem função
1587603,Aposentado,ARQUIVISTA,Sem função
1609850,Ativo,BIBLIOTECARIO-DOCUMENTALISTA,Sem função
2315415,Pensionista,COPEIRO,Sem função
268264,Ativo,PROFESSOR DO MAGISTERIO SUPERIOR,Sem função
268264,Ativo,Sem informaç,FUC 000.1
3350716,Ativo,VIGILANTE,Sem função
3457684,Ativo,PROFESSOR DO MAGISTERIO SUPERIOR,Sem função
3457684,Ativo,Sem informaç,CD 000.3
452486,Ativo,PROFESSOR DO MAGISTERIO SUPERIOR,Sem função
2357959,Ativo,ASSISTENTE EM ADMINISTRACAO,Sem função
216070,Aposentado,TECNICO EM ELETROTECNICA,Sem função
2685867,Aposentado,PROFESSOR DO MAGISTERIO SUPERIOR,Sem função
2557969,Ativo,ANALISTA DE TEC DA INFORMACAO,Sem função
1171276,Aposentado,ENFERMEIRO-AREA,Sem função
3416801,Pensionista,ASSISTENTE EM ADMINISTRACAO,Sem função
2584109,Aposentado,TECNICO DE LABORATORIO AREA,Sem função
3546649,Aposentado,AUXILIAR DE ENFERMAGEM,Sem função
1188539,Ativo,AUXILIAR DE ENFERMAGEM,Sem função
3143578,Ativo,VIGILANTE,Sem função
3657631,Ativo,PROFESSOR MAGISTERIO SUPERIOR-SUBSTITUTO,Sem função
1412285,Ativo,AUXILIAR DE ENFERMAGEM,Sem função
1199236,Ativo,VIGILANTE,Sem função
3221841,Ativo,PROFESSOR DO MAGISTERIO SUPERIOR,Sem função
149856,Aposentado,PROFESSOR DO MAGISTERIO SUPERIOR,Sem função
434638,Ativo,PROFESSOR DO MAGISTERIO SUPERIOR,Sem função
1266602,Ativo,PROFESSOR DO MAGISTERIO SUPERIOR,Sem função
358643,Ativo,PROFESSOR DO MAGISTERIO SUPERIOR,Sem função
358643,Ativo,Sem informaç,FG 000.1
663437,Aposentado,ASSISTENTE SOCIAL,Sem função
1041977,Aposentado,AUX EM ADMINISTRACAO,Sem função
2821983,Ativo,PROFESSOR DO MAGISTERIO SUPERIOR,Sem função
2765069,Pensionista,TEC DE TECNOLOGIA DA INFORMACAO,Sem função
714142,Aposentado,TECNICO EM RADIOLOGIA,Sem função
559572,Aposentado,VIGILANTE,Sem função
2593566,Aposentado,BIBLIOTECARIO-DOCUMENTALISTA,Sem função
3197138,Aposentado,VIGILANTE,Sem função
229737,Ativo,PROFESSOR MAGISTERIO SUPERIOR-SUBSTITUTO,Sem função
3444701,Ativo,ASSISTENTE EM ADMINISTRACAO,Sem função
2957840,Aposentado,PROFESSOR DO MAGISTERIO SUPERIOR,Sem função
2957840,Aposentado,PROFESSOR DO MAGISTERIO SUPERIOR,Sem função
2416201,Ativo,VIGILANTE,Sem função
381120,Ativo,SERVENTE DE LIMPEZA,Sem função
2864104,Ativo,FARMACEUTICO-HABILITACAO,Sem função
2864104,Ativo,Sem informaç,GF 002.6
2693725,Ativo,PROFESSOR MAGISTERIO SUPERIOR-SUBSTITUTO,Sem função
3138097,Ativo,SERVENTE DE LIMPEZA,Sem função
3858106,Ativo,ASSISTENTE EM ADMINISTRACAO,Sem função
721426,Aposentado,PROFESSOR DO MAGISTERIO SUPERIOR,Sem função
2500822,Pensionista,CONTINUO,Sem função
226863,Ativo,PROFESSOR DO MAGISTERIO SUPERIOR,Sem função
382339,Aposentado,FARMACEUTICO-HABILITACAO,Sem função
31964,Aposentado,AUX EM ADMINISTRACAO,Sem função
2721337,Aposentado,CONTADOR,Sem função
1398955,Aposentado,PROFESSOR DO MAGISTERIO SUPERIOR,Sem função
2965135,Aposentado,ASSISTENTE EM ADMINISTRACAO,Sem função
2124116,Aposentado,ASSISTENTE EM ADMINISTRACAO,Sem função
937858,Pensionista,RECEPCIONISTA,Sem função
1516933,Ativo,PROFESSOR DO MAGISTERIO SUPERIOR,Sem função
1103086,Aposentado,ENFERMEIRO-AREA,Sem função
2455869,Ativo,ASSISTENTE EM ADMINISTRACAO,Sem função
2944544,Ativo,AUX EM ADMINISTRACAO,Sem função
361005,Aposentado,ASSISTENTE EM ADMINISTRACAO,Sem função
1160697,Ativo,TECNICO DE LABORATORIO AREA,Sem função
237125,Aposentado,ATENDENTE DE ENFERMAGEM,Sem função
974393,Ativo,ASSISTENTE EM ADMINISTRACAO,Sem função
2217955,Ativo,BIBLIOTECARIO-DOCUMENTALISTA,Sem função
2919679,Ativo,AUX EM ADMINISTRACAO,Sem função
2919679,Ativo,Sem informaç,FG 000.1
418074,Aposentado,PROFESSOR DO MAGISTERIO SUPERIOR,Sem função
3566841,Aposentado,RECEPCIONISTA,Sem função
2955960,Aposentado,ADMINISTRADOR DE EDIFICIOS,Sem função
2856707,Ativo,PROFESSOR DO MAGISTERIO SUPERIOR,Sem função
3093519,Ativo,PROFESSOR DO MAGISTERIO SUPERIOR,Sem função
2336706,Ativo,TECNICO EM MECANICA,Sem função
1108069,Ativo,VIGILANTE,Sem função
2526552,Ativo,JORNALISTA,Sem função
3125590,Ativo,PROFESSOR DO MAGISTERIO SUPERIOR,Sem função
3125590,Ativo,Sem informaç,FG 000.1
962906,Aposentado,PROFESSOR DO MAGISTERIO SUPERIOR,Sem função
19510,Ativo,RECEPCIONISTA,Sem função
1465349,Aposentado,PROFESSOR DO MAGISTERIO SUPERIOR,Sem função
2082220,Pensionista,ASSISTENTE EM ADMINISTRACAO,Sem função
2080106,Ativo,AUXILIAR DE LABORATORIO,Sem função
2461566,Ativo,AUXILIAR DE ENFERMAGEM,Sem função
393458,Ativo,TECNICO EM ENFERMAGEM,Sem função
1405133,Pensionista,MARCENEIRO,Sem função
19964,Aposentado,MECANICO,Sem função
1235834,Ativo,TECNICO EM MECANICA,Sem função
1031457,Ativo,PROFESSOR DO MAGISTERIO SUPERIOR,Sem função
119578,Aposentado,ASSISTENTE EM ADMINISTRACAO,Sem função
3468925,Ativo,VESTIARISTA,Sem função
3260714,Ativo,AUXILIAR DE ENFERMAGEM,Sem função
894453,Pensionista,PROFESSOR ENS BASICO TECN TECNOLOGICO,Sem função
1717521,Ativo,AUX EM ADMINISTRACAO,Sem função
1717521,Ativo,Sem informaç,FG 000.2
696574,Aposentado,ASSISTENTE EM ADMINISTRACAO,Sem função
1249138,Ativo,MEDICO-AREA,Sem função
2801669,Ativo,PROFESSOR DO MAGISTERIO SUPERIOR,Sem função
1915894,Aposentado,ASSISTENTE EM ADMINISTRACAO,Sem função
2278651,Pensionista,ELETRICISTA,Sem função
889627,Aposentado,PROFESSOR DO MAGISTERIO SUPERIOR,Sem função
1264592,Aposentado,TECNICO DE LABORATORIO AREA,Sem função
984223,Ativo,CONTADOR,Sem função
446586,Ativo,ASSISTENTE EM ADMINISTRACAO,Sem função
2120314,Ativo,BIOMEDICO,Sem função
3270229,Ativo,PROFESSOR DO MAGISTERIO SUPERIOR,Sem função
450045,Ativo,PROFESSOR DO MAGISTERIO SUPERIOR,Sem função
450045,Ativo,Sem informaç,FG 000.1
1124609,Ativo,AUX EM ADMINISTRACAO,Sem função
2938255,Ativo,PROFESSOR DO MAGISTERIO SUPERIOR,Sem função
2873728,Ativo,AUX EM ADMINISTRACAO,Sem função
3056173,Ativo,ASSISTENTE EM ADMINISTRACAO,Sem função
444290,Aposentado,TECNICO EM CONTABILIDADE,Sem função
617477,Ativo,ENFERMEIRO-AREA,Sem função
2291110,Ativo,TECNICO EM RADIOLOGIA,Sem função
3381547,Ativo,PROFESSOR DO MAGISTERIO SUPERIOR,Sem função
1094556,Ativo,PROFESSOR DO MAGISTERIO SUPERIOR,Sem função
392104,Ativo,TECNICO DE LABORATORIO AREA,Sem função
323658,Ativo,ASSISTENTE EM ADMINISTRACAO,Sem função
2696720,Aposentado,ENFERMEIRO-AREA,Sem função
2416854,Aposentado,ASSISTENTE EM ADMINISTRACAO,Sem função
3426654,Aposentado,PROFESSOR DO MAGISTERIO SUPERIOR,Sem função
961766,Pensionista,VIGILANTE,Sem função
3526600,Aposentado,ASSISTENTE EM ADMINISTRACAO,Sem função
2104368,Aposentado,ASSISTENTE EM ADMINISTRACAO,Sem função
1243250,Ativo,TECNICO EM ENFERMAGEM,Sem função
3853595,Ativo,MEDICO RESIDENTE,Sem função
3191413,Ativo,TECNICO DE LABORATORIO AREA,Sem função
385365,Ativo,ASSISTENTE EM ADMINISTRACAO,Sem função
346374,Ativo,PROFESSOR DO MAGISTERIO SUPERIOR,Sem função
2273880,Ativo,TECNICO EM ENFERMAGEM,Sem função
1475580,Ativo,PEDAGOGO-AREA,Sem função
3853924,Ativo,ASSISTENTE EM ADMINISTRACAO,Sem função
236320,Ativo,PROFESSOR DO MAGISTERIO SUPERIOR,Sem função
2694227,Ativo,TECNICO DE LABORATORIO AREA,Sem função
2266423,Ativo,TECNICO EM ENFERMAGEM,Sem função
232876,Ativo,ASSISTENTE EM ADMINISTRACAO,Sem função
1440198,Ativo,MEDICO RESIDENTE,Sem função
1325196,Ativo,PROFESSOR DO MAGISTERIO SUPERIOR,Sem função
2975376,Ativo,TECNICO EM ENFERMAGEM,Sem função
292186,Pensionista,PROFESSOR DO MAGISTERIO SUPERIOR,Sem função
1027682,Aposentado,ASSISTENTE EM ADMINISTRACAO,Sem função
2203678,Ativo,TECNICO DE LABORATORIO AREA,Sem função
3304669,Ativo,ENFERMEIRO-AREA,Sem função
2115336,Ativo,AUXILIAR DE ENFERMAGEM,Sem função
928891,Aposentado,PROFESSOR DO MAGISTERIO SUPERIOR,Sem função
2168600,Pensionista,PROFESSOR DO MAGISTERIO SUPERIOR,Sem função
1694859,Pensionista,PROFESSOR DO MAGISTERIO SUPERIOR,Sem função
1512021,Aposentado,ASSISTENTE EM ADMINISTRACAO,Sem função
264878,Aposentado,ASSISTENTE EM ADMINISTRACAO,Sem função
2996481,Ativo,TECNICO EM ENFERMAGEM,Sem função
1380939,Ativo,ASSISTENTE EM ADMINISTRACAO,Sem função
2743230,Pensionista,PROFESSOR DO MAGISTERIO SUPERIOR,Sem função
2553277,Aposentado,ASSISTENTE EM ADMINISTRACAO,Sem função
1913657,Ativo,PROFESSOR DO MAGISTERIO SUPERIOR,Sem função
1913657,Aposentado,PROFESSOR DO MAGISTERIO SUPERIOR,Sem função
885284,Pensionista,VIGILANTE,Sem função
21947,Ativo,PROFESSOR DO MAGISTERIO SUPERIOR,Sem função
3315207,Pensionista,PROFESSOR DO MAGISTERIO SUPERIOR,Sem função
3721718,Aposentado,ASSISTENTE EM ADMINISTRACAO,Sem função
1841090,Aposentado,ASSISTENTE EM ADMINISTRACAO,Sem função
1517381,Ativo,PROFESSOR DO MAGISTERIO SUPERIOR,Sem função
1090619,Aposentado,PROFESSOR DO MAGISTERIO SUPERIOR,Sem função
1274036,Ativo,ASSISTENTE EM ADMINISTRACAO,Sem função
2563792,Aposentado,ASSISTENTE EM ADMINISTRACAO,Sem função
3913765,Ativo,PROFESSOR MAGISTERIO SUPERIOR -VISITANTE,Sem função
2355330,Ativo,AUX EM ADMINISTRACAO,Sem função
827227,Ativo,PROFESSOR DO MAGISTERIO SUPERIOR,Sem função
2184618,Ativo,AUX EM ADMINISTRACAO,Sem função
2731481,Pensionista,DESENHISTA DE ARTES GRAFICAS,Sem função
511444,Aposentado,ARMAZENISTA,Sem função
481579,Aposentado,CONTINUO,Sem função
2252244,Aposentado,SECRETARIO EXECUTIVO,Sem função
2433123,Aposentado,MEDICO-AREA,Sem função
807565,Aposentado,PROFESSOR DO MAGISTERIO SUPERIOR,Sem função
2449393,Aposentado,ASSISTENTE EM ADMINISTRACAO,Sem função
1573095,Aposentado,ASSISTENTE EM ADMINISTRACAO,Sem função
1074055,Ativo,TELEFONISTA,Sem função
1074055,Ativo,Inválido,Sem função
930316,Pensionista,PROFESSOR DO MAGISTERIO SUPERIOR,Sem função
3776687,Aposentado,PROFESSOR DO MAGISTERIO SUPERIOR,Sem função
3638227,Pensionista,ATENDENTE DE ENFERMAGEM,Sem função
936596,Aposentado,PROFESSOR DO MAGISTERIO SUPERIOR,Sem função
2857423,Ativo,PROFESSOR DO MAGISTERIO SUPERIOR,Sem função
2956209,Pensionista,MESTRE DE EDIF E INFRAESTRUTURA,Sem função
1826907,Pensionista,COZINHEIRO,Sem função
2032454,Pensionista,PROFESSOR DO MAGISTERIO SUPERIOR,Sem função
2032454,Pensionista,PROFESSOR DO MAGISTERIO SUPERIOR,Sem função
1355894,Pensionista,VIGILANTE,Sem função
1657248,Ativo,PROFESSOR DO MAGISTERIO SUPERIOR,Sem função
1657248,Ativo,Sem informaç,FG 000.1
222067,Aposentado,BIBLIOTECARIO-DOCUMENTALISTA,Sem função
3414397,Aposentado,PROFESSOR DO MAGISTERIO SUPERIOR,Sem função
3227410,Ativo,AUXILIAR DE ENFERMAGEM,Sem função
846325,Pensionista,RECEPCIONISTA,Sem função
950321,Aposentado,RELACOES PUBLICAS,Sem função
3625121,Pensionista,TECNICO EM CONTABILIDADE,Sem função
1574214,Aposentado,TECNICO EM ASSUNTOS EDUCACIONAIS,Sem função
872465,Pensionista,DIRETOR DE PRODUCAO,Sem função
630769,Aposentado,PROFESSOR DO MAGISTERIO SUPERIOR,Sem função
709862,Aposentado,PROFESSOR DO MAGISTERIO SUPERIOR,Sem função
1665700,Aposentado,TECNICO DE LABORATORIO AREA,Sem função
95602,Aposentado,TECNICO EM ASSUNTOS EDUCACIONAIS,Sem função
1027100,Aposentado,AUXILIAR DE ENFERMAGEM,Sem função
2790301,Pensionista,ASSISTENTE EM ADMINISTRACAO,Sem função
3579316,Pensionista,PROFESSOR DO MAGISTERIO SUPERIOR,Sem função
752012,Aposentado,PROFESSOR DO MAGISTERIO SUPERIOR,Sem função
3135029,Aposentado,PROFESSOR DO MAGISTERIO SUPERIOR,Sem função
1754036,Pensionista,PROFESSOR 3 GRAU,Sem função
2212697,Aposentado,TEC DE TECNOLOGIA DA INFORMACAO,Sem função
888668,Aposentado,PROFESSOR DO MAGISTERIO SUPERIOR,Sem função
888668,Pensionista,PROFESSOR DO MAGISTERIO SUPERIOR,Sem função
809895,Aposentado,PROFESSOR DO MAGISTERIO SUPERIOR,Sem função
1771167,Aposentado,ENFERMEIRO-AREA,Sem função
833052,Aposentado,ASSISTENTE EM ADMINISTRACAO,Sem função
2366073,Aposentado,FARMACEUTICO-HABILITACAO,Sem função
1048541,Ativo,TECNICO DE LABORATORIO AREA,Sem função
2295501,Ativo,SECRETARIO EXECUTIVO,Sem função
187960,Aposentado,BIOMEDICO,Sem função
130690,Ativo,PROFESSOR DO MAGISTERIO SUPERIOR,Sem função
2121661,Aposentado,TECNICO EM ENFERMAGEM,Sem função
1043498,Ativo,PROFESSOR DO MAGISTERIO SUPERIOR,Sem função
62822,Aposentado,PROFESSOR DO MAGISTERIO SUPERIOR,Sem função
326922,Ativo,TECNICO EM CONTABILIDADE,Sem função
326922,Ativo,Sem informaç,GF 002.7
1373816,Ativo,ENFERMEIRO-AREA,Sem função
3597244,Pensionista,PROFESSOR DO MAGISTERIO SUPERIOR,Sem função
1548424,Aposentado,AUX EM ADMINISTRACAO,Sem função
3780614,Aposentado,PROFESSOR DO MAGISTERIO SUPERIOR,Sem função
3558206,Ativo,ASSISTENTE SOCIAL,Sem função
3254479,Aposentado,ASSISTENTE EM ADMINISTRACAO,Sem função
1754022,Aposentado,MEDICO-AREA,Sem função
2225100,Aposentado,ASSISTENTE DE LABORATORIO,Sem função
1318441,Ativo,PROFESSOR DO MAGISTERIO SUPERIOR,Sem função
965424,Aposentado,TEC DE TECNOLOGIA DA INFORMACAO,Sem função
3230446,Ativo,ASSISTENTE EM ADMINISTRACAO,Sem função
2570734,Ativo,ASSISTENTE EM ADMINISTRACAO,Sem função
41067,Ativo,ASSISTENTE EM ADMINISTRACAO,Sem função
41067,Ativo,Sem informaç,FG 000.1
2734699,Aposentado,ASSISTENTE EM ADMINISTRACAO,Sem função
2519234,Aposentado,PROFESSOR DO MAGISTERIO SUPERIOR,Sem função
2032317,Aposentado,PROFESSOR DO MAGISTERIO SUPERIOR,Sem função
1140254,Ativo,PROFESSOR DO MAGISTERIO SUPERIOR,Sem função
3343805,Ativo,PSICOLOGO-AREA,Sem função
3006576,Ativo,PROFESSOR MAGISTERIO SUPERIOR-SUBSTITUTO,Sem função
3025428,Ativo,PROFESSOR DO MAGISTERIO SUPERIOR,Sem função
86625,Ativo,MEDICO RESIDENTE,Sem função
2921557,Ativo,MEDICO-AREA,Sem função
459807,Ativo,PROFESSOR DO MAGISTERIO SUPERIOR,Sem função
2974572,Ativo,MEDICO RESIDENTE,Sem função
1196658,Ativo,ASSISTENTE EM ADMINISTRACAO,Sem função
1545820,Ativo,TECNICO EM CONTABILIDADE,Sem função
3853100,Ativo,ASSISTENTE EM ADMINISTRACAO,Sem função
1825175,Ativo,ASSISTENTE EM ADMINISTRACAO,Sem função
2108252,Pensionista,ASSISTENTE EM ADMINISTRACAO,Sem função
1487683,Aposentado,PROFESSOR DO MAGISTERIO SUPERIOR,Sem função
369823,Ativo,ASSISTENTE EM ADMINISTRACAO,Sem função
356388,Ativo,PROFESSOR DO MAGISTERIO SUPERIOR,Sem função
356388,Ativo,Sem informaç,CD 000.4
1410,Ativo,PROFESSOR DO MAGISTERIO SUPERIOR,Sem função
2418557,Aposentado,AUXILIAR DE ENFERMAGEM,Sem função
1286204,Ativo,PROFESSOR DO MAGISTERIO SUPERIOR,Sem função
1599507,Pensionista,PROFESSOR DO MAGISTERIO SUPERIOR,Sem função
1599507,Pensionista,PROFESSOR DO MAGISTERIO SUPERIOR,Sem função
1457529,Aposentado,MEDICO-AREA,Sem função
3632174,Pensionista,TECNICO DE LABORATORIO AREA,Sem função
1347397,Pensionista,MEDICO-AREA,Sem função
1363984,Ativo,PROFESSOR DO MAGISTERIO SUPERIOR,Sem função
1034265,Ativo,PROFESSOR DO MAGISTERIO SUPERIOR,Sem função
39412,Aposentado,AUXILIAR DE ENFERMAGEM,Sem função
1966356,Aposentado,QUIMICO,Sem função
445140,Ativo,PROFESSOR DO MAGISTERIO SUPERIOR,Sem função
3654499,Pensionista,PORTEIRO,Sem função
1724340,Pensionista,PROFESSOR DO MAGISTERIO SUPERIOR,Sem função
1724340,Pensionista,PROFESSOR DO MAGISTERIO SUPERIOR,Sem função
601183,Ativo,AUXILIAR DE ENFERMAGEM,Sem função
339578,Ativo,TECNICO DE LABORATORIO AREA,Sem função
1783973,Aposentado,PROFESSOR DO MAGISTERIO SUPERIOR,Sem função
1177088,Ativo,BIBLIOTECARIO-DOCUMENTALISTA,Sem função
3162240,Aposentado,PROFESSOR DO MAGISTERIO SUPERIOR,Sem função
2249925,Ativo,PROFESSOR DO MAGISTERIO SUPERIOR,Sem função
1825909,Ativo,PROFESSOR MAGISTERIO SUPERIOR-SUBSTITUTO,Sem função
579926,Ativo,PROFESSOR DO MAGISTERIO SUPERIOR,Sem função
2793922,Ativo,ASSISTENTE EM ADMINISTRACAO,Sem função
260196,Ativo,PROFESSOR DO MAGISTERIO SUPERIOR,Sem função
3852746,Ativo,TECNICO EM CONTABILIDADE,Sem função
1964901,Ativo,ASSISTENTE EM ADMINISTRACAO,Sem função
706520,Ativo,MEDICO RESIDENTE,Sem função
1729305,Ativo,PROFESSOR DO MAGISTERIO SUPERIOR,Sem função
1729305,Ativo,Sem informaç,FUC 000.1
1262251,Ativo,PROFESSOR DO MAGISTERIO SUPERIOR,Sem função
3854205,Ativo,MEDICO RESIDENTE,Sem função
362732,Ativo,PROFESSOR DO MAGISTERIO SUPERIOR,Sem função
83381,Ativo,PROFESSOR DO MAGISTERIO SUPERIOR,Sem função
2927578,Ativo,MEDICO VETERINARIO,Sem função
3041806,Ativo,ASSISTENTE EM ADMINISTRACAO,Sem função
3647434,Pensionista,PROFESSOR DO MAGISTERIO SUPERIOR,Sem função
3902563,Ativo,MEDICO RESIDENTE,Sem função
945111,Pensionista,PROFESSOR 3 GRAU,Sem função
945111,Pensionista,PROFESSOR DE 1  E 2  GRAUS,Sem função
1410658,Ativo,MEDICO RESIDENTE,Sem função
2150477,Aposentado,MEDICO-AREA,Sem função
3928456,Pensionista,JORNALISTA,Sem função
1999602,Aposentado,TECNICO EM ASSUNTOS EDUCACIONAIS,Sem função
607229,Aposentado,MEDICO-AREA,Sem função
1179724,Ativo,PROFESSOR DO MAGISTERIO SUPERIOR,Sem função
3304506,Ativo,PRODUTOR CULTURAL,Sem função
3304506,Ativo,Inválido,Sem função
2900226,Ativo,PROFESSOR DO MAGISTERIO SUPERIOR,Sem função
2800114,Ativo,AUXILIAR DE ENFERMAGEM,Sem função
731468,Pensionista,ASSIST DE TECNOLOGIA DA INFORMACAO,Sem função
1472137,Ativo,PROFESSOR DO MAGISTERIO SUPERIOR,Sem função
780699,Pensionista,ASSISTENTE EM ADMINISTRACAO,Sem função
1600619,Ativo,MEDICO RESIDENTE,Sem função
1654249,Pensionista,PROFESSOR DO MAGISTERIO SUPERIOR,Sem função
1654249,Pensionista,PROFESSOR DO MAGISTERIO SUPERIOR,Sem função
1668439,Ativo,PROFESSOR DO MAGISTERIO SUPERIOR,Sem função
3556469,Ativo,ENFERMEIRO-AREA,Sem função
3116308,Ativo,PROFESSOR DO MAGISTERIO SUPERIOR,Sem função
2792133,Aposentado,PROFESSOR DO MAGISTERIO SUPERIOR,Sem função
1650874,Ativo,RESIDENCIA MULTIPROFISSIONAL,Sem função
213135,Ativo,MEDICO RESIDENTE,Sem função
62189,Ativo,PROFESSOR DO MAGISTERIO SUPERIOR,Sem função
2389604,Aposentado,TECNICO EM ASSUNTOS EDUCACIONAIS,Sem função
94170,Aposentado,MEDICO-AREA,Sem função
2481388,Ativo,ASSISTENTE EM ADMINISTRACAO,Sem função
1086355,Ativo,ENFERMEIRO-AREA,Sem função
3178491,Ativo,DESENHISTA DE ARTES GRAFICAS,Sem função
1318167,Ativo,PROFESSOR DO MAGISTERIO SUPERIOR,Sem função
1318167,Ativo,Sem informaç,FG 000.1
1024532,Ativo,PROFESSOR DO MAGISTERIO SUPERIOR,Sem função
1024532,Ativo,Sem informaç,FUC 000.1
2984208,Ativo,ASSISTENTE EM ADMINISTRACAO,Sem função
2857549,Ativo,PROFESSOR DO MAGISTERIO SUPERIOR,Sem função
2526408,Ativo,ASSISTENTE EM ADMINISTRACAO,Sem função
1617982,Ativo,VESTIARISTA,Sem função
3474752,Ativo,PROFESSOR DO MAGISTERIO SUPERIOR,Sem função
3859844,Ativo,MEDICO RESIDENTE,Sem função
2016311,Ativo,ASSISTENTE EM ADMINISTRACAO,Sem função
3853780,Ativo,RESIDENCIA MULTIPROFISSIONAL,Sem função
3600813,Pensionista,PROFESSOR DO MAGISTERIO SUPERIOR,Sem função
2082037,Pensionista,PROFESSOR DO MAGISTERIO SUPERIOR,Sem função
1916259,Aposentado,PROFESSOR DO MAGISTERIO SUPERIOR,Sem função
2318398,Pensionista,ASSISTENTE EM ADMINISTRACAO,Sem função
3858218,Ativo,MEDICO RESIDENTE,Sem função
2623528,Aposentado,PROFESSOR DO MAGISTERIO SUPERIOR,Sem função
426427,Ativo,JORNALISTA,Sem função
426427,Ativo,Sem informaç,GF 002.7
1357647,Ativo,PROFESSOR DO MAGISTERIO SUPERIOR,Sem função
1729556,Ativo,BOMBEIRO HIDRAULICO,Sem função
3204925,Ativo,TECNICO DE LABORATORIO AREA,Sem função
1802645,Ativo,PROFESSOR MAGISTERIO SUPERIOR-SUBSTITUTO,Sem função
801377,Ativo,MEDICO RESIDENTE,Sem função
2444601,Ativo,MEDICO RESIDENTE,Sem função
3015647,Ativo,PROFESSOR DO MAGISTERIO SUPERIOR,Sem função
1790006,Ativo,PROFESSOR DO MAGISTERIO SUPERIOR,Sem função
656329,Ativo,PROFESSOR DO MAGISTERIO SUPERIOR,Sem função
2154011,Ativo,ASSISTENTE EM ADMINISTRACAO,Sem função
3316623,Ativo,AUXILIAR DE ENFERMAGEM,Sem função
1345044,Ativo,ASSISTENTE EM ADMINISTRACAO,Sem função
3859841,Ativo,RESIDENCIA MULTIPROFISSIONAL,Sem função
2408211,Ativo,TECNICO DE LABORATORIO AREA,Sem função
3135067,Ativo,PROFESSOR DO MAGISTERIO SUPERIOR,Sem função
2316333,Ativo,PROFESSOR DO MAGISTERIO SUPERIOR,Sem função
3440730,Ativo,PROFESSOR DO MAGISTERIO SUPERIOR,Sem função
2528565,Ativo,PROFESSOR DO MAGISTERIO SUPERIOR,Sem função
2939607,Ativo,AUXILIAR DE ENFERMAGEM,Sem função
548124,Ativo,PROFESSOR DO MAGISTERIO SUPERIOR,Sem função
912836,Ativo,FARMACEUTICO-HABILITACAO,Sem função
2231349,Ativo,PROFESSOR DO MAGISTERIO SUPERIOR,Sem função
2231349,Ativo,Sem informaç,FUC 000.1
73581,Ativo,PROFESSOR DO MAGISTERIO SUPERIOR,Sem função
1884476,Ativo,RESIDENCIA MULTIPROF. SAUDE DA FAMILIA,Sem função
283825,Ativo,AUXILIAR DE ENFERMAGEM,Sem função
2859943,Ativo,PROFESSOR DO MAGISTERIO SUPERIOR,Sem função
1124305,Ativo,PROFESSOR DO MAGISTERIO SUPERIOR,Sem função
3169784,Ativo,ENFERMEIRO-AREA,Sem função
11600,Ativo,PROFESSOR DO MAGISTERIO SUPERIOR,Sem função
1020489,Ativo,PROFESSOR DO MAGISTERIO SUPERIOR,Sem função
433450,Aposentado,VIGILANTE,Sem função
2354437,Ativo,PROFESSOR MAGISTERIO SUPERIOR-SUBSTITUTO,Sem função
979026,Ativo,PROFESSOR DO MAGISTERIO SUPERIOR,Sem função
979026,Ativo,Sem informaç,FUC 000.1
3041187,Ativo,ASSISTENTE EM ADMINISTRACAO,Sem função
3041187,Ativo,Sem informaç,GF 002.7
2700985,Ativo,PROFESSOR DO MAGISTERIO SUPERIOR,Sem função
388370,Ativo,PROFESSOR DO MAGISTERIO SUPERIOR,Sem função
1665852,Ativo,TECNICO EM CONTABILIDADE,Sem função
312859,Ativo,VIGILANTE,Sem função
75898,Ativo,PROFESSOR DO MAGISTERIO SUPERIOR,Sem função
873004,Aposentado,ASSISTENTE EM ADMINISTRACAO,Sem função
238721,Aposentado,MEDICO-AREA,Sem função
238721,Aposentado,MEDICO-AREA,Sem função
2779324,Ativo,ADMINISTRADOR,Sem função
3272086,Ativo,TECNICO DE LABORATORIO AREA,Sem função
2518334,Ativo,BIBLIOTECARIO-DOCUMENTALISTA,Sem função
1040876,Ativo,ASSISTENTE DE ALUNO,Sem função
955589,Ativo,ENFERMEIRO-AREA,Sem função
955589,Ativo,Sem informaç,GF 002.2
3862103,Ativo,ASSISTENTE EM ADMINISTRACAO,Sem função
762066,Ativo,MEDICO RESIDENTE,Sem função
2240360,Ativo,ADMINISTRADOR,Sem função
536545,Ativo,PROFESSOR DO MAGISTERIO SUPERIOR,Sem função
3774505,Aposentado,PROFESSOR DO MAGISTERIO SUPERIOR,Sem função
1708029,Aposentado,ASSISTENTE EM ADMINISTRACAO,Sem função
339758,Aposentado,AUXILIAR DE ENFERMAGEM,Sem função
1101995,Aposentado,PROFESSOR DO MAGISTERIO SUPERIOR,Sem função
387756,Ativo,TECNICO EM ENFERMAGEM,Sem função
3075401,Aposentado,MESTRE DE EDIF E INFRAESTRUTURA,Sem função
369779,Aposentado,TECNICO EM CONTABILIDADE,Sem função
2005844,Aposentado,PROFESSOR DO MAGISTERIO SUPERIOR,Sem função
3574309,Aposentado,PROFESSOR DO MAGISTERIO SUPERIOR,Sem função
3856357,Ativo,ASSISTENTE EM ADMINISTRACAO,Sem função
310337,Aposentado,PROFESSOR DO MAGISTERIO SUPERIOR,Sem função
37399,Ativo,MEDICO VETERINARIO,Sem função
1077299,Ativo,PSICOLOGO-AREA,Sem função
1323794,Ativo,ASSISTENTE SOCIAL,Sem função
828142,Pensionista,ENFERMEIRO-AREA,Sem função
2370594,Ativo,PROFESSOR MAGISTERIO SUPERIOR-SUBSTITUTO,Sem função
1050024,Aposentado,ASSISTENTE EM ADMINISTRACAO,Sem função
2586165,Aposentado,ASSISTENTE EM ADMINISTRACAO,Sem função
1961251,Ativo,PROFESSOR MAGISTERIO SUPERIOR -VISITANTE,Sem função
2469168,Ativo,ANALISTA DE TEC DA INFORMACAO,Sem função
2567048,Aposentado,PROFESSOR DO MAGISTERIO SUPERIOR,Sem função
3501662,Ativo,VIGILANTE,Sem função
2061258,Pensionista,OPERADOR DE CAMERA DE CINEMA E TV,Sem função
3425217,Aposentado,DESENHISTA DE ARTES GRAFICAS,Sem função
1617679,Aposentado,PROFESSOR DO MAGISTERIO SUPERIOR,Sem função
1617679,Aposentado,PROFESSOR DO MAGISTERIO SUPERIOR,Sem função
3643640,Pensionista,TECNICO DE LABORATORIO AREA,Sem função
1876067,Ativo,VIGILANTE,Sem função
2501848,Ativo,PROFESSOR DO MAGISTERIO SUPERIOR,Sem função
2950659,Ativo,ECONOMISTA,Sem função
992337,Ativo,TECNICO DE LABORATORIO AREA,Sem função
2694930,Ativo,ASSISTENTE EM ADMINISTRACAO,Sem função
3065160,Ativo,PROFESSOR DO MAGISTERIO SUPERIOR,Sem função
2493654,Aposentado,PROCURADOR FEDERAL,Sem função
144140,Aposentado,EDITOR DE IMAGENS,Sem função
1343225,Ativo,VIGILANTE,Sem função
3789496,Aposentado,PROFESSOR DO MAGISTERIO SUPERIOR,Sem função
2985708,Ativo,PROFESSOR DO MAGISTERIO SUPERIOR,Sem função
2985708,Ativo,Sem informaç,FUC 000.1
2536582,Pensionista,PROFESSOR 3 GRAU,Sem função
1745323,Aposentado,AUXILIAR DE ENFERMAGEM,Sem função
850734,Aposentado,SECRETARIO EXECUTIVO,Sem função
2865756,Aposentado,ASSISTENTE EM ADMINISTRACAO,Sem função
1288140,Ativo,PROFESSOR DO MAGISTERIO SUPERIOR,Sem função
2355216,Ativo,ASSISTENTE EM ADMINISTRACAO,Sem função
2355216,Ativo,Sem informaç,FG 000.2
1019676,Ativo,ASSISTENTE DE LABORATORIO,Sem função
1382070,Aposentado,PROFESSOR DO MAGISTERIO SUPERIOR,Sem função
1822707,Ativo,PROFESSOR DO MAGISTERIO SUPERIOR,Sem função
1363692,Ativo,VIGILANTE,Sem função
1528881,Ativo,VIGILANTE,Sem função
1640993,Aposentado,PROFESSOR DO MAGISTERIO SUPERIOR,Sem função
28909,Aposentado,ASSISTENTE EM ADMINISTRACAO,Sem função
952841,Aposentado,PROFESSOR DO MAGISTERIO SUPERIOR,Sem função
3855693,Ativo,RESIDENCIA MULTIPROFISSIONAL,Sem função
98774,Ativo,ARMAZENISTA,Sem função
1608175,Ativo,ASSISTENTE EM ADMINISTRACAO,Sem função
1608175,Ativo,Sem informaç,CD 000.4
2957032,Ativo,PROFESSOR DO MAGISTERIO SUPERIOR,Sem função
2590376,Aposentado,TECNICO EM ASSUNTOS EDUCACIONAIS,Sem função
3590678,Pensionista,SERVENTE DE LIMPEZA,Sem função
3660213,Aposentado,TECNICO EM ASSUNTOS EDUCACIONAIS,Sem função
3312797,Ativo,PROFESSOR MAGISTERIO SUPERIOR-SUBSTITUTO,Sem função
357468,Ativo,MEDICO-AREA,Sem função
3690368,Ativo,PROFESSOR ENS BASICO TECN TECNOLOGICO,Sem função
20927,Ativo,ASSISTENTE EM ADMINISTRACAO,Sem função
2264872,Ativo,VIGILANTE,Sem função
1447788,Ativo,TECNICO DE LABORATORIO AREA,Sem função
1819377,Ativo,PROFESSOR DO MAGISTERIO SUPERIOR,Sem função
1819377,Ativo,Sem informaç,FG 000.1
974049,Ativo,TECNICO EM ASSUNTOS EDUCACIONAIS,Sem função
2412550,Ativo,PROFESSOR DO MAGISTERIO SUPERIOR,Sem função
2861510,Aposentado,AUX EM ADMINISTRACAO,Sem função
15568,Ativo,PROFESSOR DO MAGISTERIO SUPERIOR,Sem função
38301,Ativo,PROFESSOR DO MAGISTERIO SUPERIOR,Sem função
3856019,Ativo,MEDICO RESIDENTE,Sem função
1396440,Ativo,MEDICO RESIDENTE,Sem função
1082581,Ativo,AUX EM ADMINISTRACAO,Sem função
539845,Ativo,PROFESSOR MAGISTERIO SUPERIOR-SUBSTITUTO,Sem função
285099,Ativo,TECNICO EM ENFERMAGEM,Sem função
2884340,Ativo,ENGENHEIRO-AREA,Sem função
2884340,Ativo,Sem informaç,FG 000.1
3517860,Ativo,PROFESSOR DO MAGISTERIO SUPERIOR,Sem função
1871829,Ativo,PROFESSOR DO MAGISTERIO SUPERIOR,Sem função
1408621,Ativo,ASSISTENTE EM ADMINISTRACAO,Sem função
3582188,Pensionista,PROFESSOR DO MAGISTERIO SUPERIOR,Sem função
2807135,Ativo,PROFESSOR DO MAGISTERIO SUPERIOR,Sem função
2807135,Ativo,Sem informaç,FUC 000.1
1141859,Ativo,ASSISTENTE EM ADMINISTRACAO,Sem função
2440133,Ativo,PROFESSOR DO MAGISTERIO SUPERIOR,Sem função
1025406,Ativo,PROFESSOR DO MAGISTERIO SUPERIOR,Sem função
1025406,Ativo,Sem informaç,FUC 000.1
1261831,Aposentado,PROFESSOR DO MAGISTERIO SUPERIOR,Sem função
1496004,Ativo,ASSISTENTE EM ADMINISTRACAO,Sem função
2348707,Ativo,CONTADOR,Sem função
1156226,Ativo,ASSISTENTE EM ADMINISTRACAO,Sem função
3449812,Ativo,TECNICO EM REFRIGERACAO,Sem função
1431783,Ativo,PROFESSOR DO MAGISTERIO SUPERIOR,Sem função
1408510,Ativo,PROFESSOR MAGISTERIO SUPERIOR-SUBSTITUTO,Sem função
149058,Aposentado,TECNICO EM ENFERMAGEM,Sem função
1812337,Aposentado,ASSISTENTE EM ADMINISTRACAO,Sem função
1095779,Ativo,PROFESSOR MAGISTERIO SUPERIOR-SUBSTITUTO,Sem função
1509429,Aposentado,ASSISTENTE EM ADMINISTRACAO,Sem função
1558609,Ativo,TECNICO DE LABORATORIO AREA,Sem função
1811298,Aposentado,ASSISTENTE EM ADMINISTRACAO,Sem função
1324543,Ativo,PROFESSOR DO MAGISTERIO SUPERIOR,Sem função
231249,Aposentado,PROFESSOR DO MAGISTERIO SUPERIOR,Sem função
3620931,Aposentado,VIGILANTE,Sem função
2798016,Aposentado,TECNICO DE LABORATORIO AREA,Sem função
2293612,Ativo,PROFESSOR DO MAGISTERIO SUPERIOR,Sem função
2415177,Aposentado,AUX EM ADMINISTRACAO,Sem função
673636,Pensionista,PROFESSOR DO MAGISTERIO SUPERIOR,Sem função
2493756,Pensionista,ASCENSORISTA,Sem função
270039,Aposentado,TECNICO DE LABORATORIO AREA,Sem função
1018050,Aposentado,PROFESSOR DO MAGISTERIO SUPERIOR,Sem função
389958,Ativo,PROFESSOR DO MAGISTERIO SUPERIOR,Sem função
562824,Ativo,CONTINUO,Sem função
562824,Ativo,Sem informaç,FG 000.2
1727513,Ativo,PROFESSOR DO MAGISTERIO SUPERIOR,Sem função
383327,Ativo,PROFESSOR DO MAGISTERIO SUPERIOR,Sem função
238759,Aposentado,ASSISTENTE EM ADMINISTRACAO,Sem função
2324427,Aposentado,PROFESSOR DO MAGISTERIO SUPERIOR,Sem função
2744432,Pensionista,ASSISTENTE EM ADMINISTRACAO,Sem função
2522013,Ativo,ASSISTENTE EM ADMINISTRACAO,Sem função
969309,Ativo,TECNICO EM CONTABILIDADE,Sem função
2097786,Ativo,PROFESSOR DO MAGISTERIO SUPERIOR,Sem função
3598319,Aposentado,PROFESSOR 3 GRAU,Sem função
1617611,Ativo,TECNICO DE LABORATORIO AREA,Sem função
3032188,Ativo,PROFESSOR DO MAGISTERIO SUPERIOR,Sem função
3032188,Ativo,Sem informaç,FG 000.1
2496400,Ativo,ANALISTA DE TEC DA INFORMACAO,Sem função
78343,Ativo,PROFESSOR DO MAGISTERIO SUPERIOR,Sem função
629589,Aposentado,PROFESSOR DO MAGISTERIO SUPERIOR,Sem função
3747576,Ativo,ARQUIVISTA,Sem função
3854081,Ativo,ASSISTENTE EM ADMINISTRACAO,Sem função
3142490,Ativo,PROFESSOR DO MAGISTERIO SUPERIOR,Sem função
3858443,Ativo,MEDICO RESIDENTE,Sem função
2769128,Ativo,ASSISTENTE SOCIAL,Sem função
1354985,Aposentado,PROFESSOR ENS BASICO TECN TECNOLOGICO,Sem função
1632584,Ativo,PROFESSOR DO MAGISTERIO SUPERIOR,Sem função
3750455,Pensionista,AUXILIAR DE ENFERMAGEM,Sem função
3668305,Pensionista,PROFESSOR DO MAGISTERIO SUPERIOR,Sem função
1499749,Aposentado,ASSISTENTE EM ADMINISTRACAO,Sem função
278696,Aposentado,PROFESSOR DO MAGISTERIO SUPERIOR,Sem função
2033320,Ativo,MEDICO RESIDENTE,Sem função
1711772,Ativo,ASSISTENTE EM ADMINISTRACAO,Sem função
1217265,Ativo,TECNICO DE LABORATORIO AREA,Sem função
44615,Ativo,ASSISTENTE EM ADMINISTRACAO,Sem função
3026098,Ativo,PROFESSOR DO MAGISTERIO SUPERIOR,Sem função
2037092,Ativo,DESENHISTA DE ARTES GRAFICAS,Sem função
3769543,Ativo,PROFESSOR DO MAGISTERIO SUPERIOR,Sem função
1146762,Ativo,PROFESSOR DO MAGISTERIO SUPERIOR,Sem função
1840531,Ativo,ADMINISTRADOR DE EDIFICIOS,Sem função
1840531,Ativo,Sem informaç,FG 000.1
3576584,Aposentado,ASSISTENTE EM ADMINISTRACAO,Sem função
1779109,Ativo,PROFESSOR DO MAGISTERIO SUPERIOR,Sem função
2548921,Pensionista,PROFESSOR DO MAGISTERIO SUPERIOR,Sem função
3770481,Ativo,MEDICO-AREA,Sem função
2983373,Aposentado,PROFESSOR DO MAGISTERIO SUPERIOR,Sem função
846112,Ativo,PROFESSOR DO MAGISTERIO SUPERIOR,Sem função
846112,Ativo,Sem informaç,FUC 000.1
1970957,Aposentado,PROFESSOR DO MAGISTERIO SUPERIOR,Sem função
3123074,Ativo,PROFESSOR DO MAGISTERIO SUPERIOR,Sem função
3123074,Ativo,Sem informaç,FG 000.1
852155,Pensionista,PROFESSOR DO MAGISTERIO SUPERIOR,Sem função
852155,Pensionista,PROFESSOR DO MAGISTERIO SUPERIOR,Sem função
898838,Pensionista,PROFESSOR DO MAGISTERIO SUPERIOR,Sem função
2757175,Aposentado,PROFESSOR DO MAGISTERIO SUPERIOR,Sem função
148022,Aposentado,ASSISTENTE EM ADMINISTRACAO,Sem função
882437,Pensionista,PROFESSOR DO MAGISTERIO SUPERIOR,Sem função
165808,Aposentado,PROFESSOR DO MAGISTERIO SUPERIOR,Sem função
143517,Aposentado,AUX EM ADMINISTRACAO,Sem função
371415,Aposentado,PROFESSOR ENS BASICO TECN TECNOLOGICO,Sem função
3597547,Aposentado,PROFESSOR DO MAGISTERIO SUPERIOR,Sem função
753589,Aposentado,PROFESSOR DO MAGISTERIO SUPERIOR,Sem função
704404,Aposentado,PROFESSOR DO MAGISTERIO SUPERIOR,Sem função
704404,Aposentado,NUTRICIONISTA-HABILITACAO,Sem função
854939,Aposentado,NUTRICIONISTA-HABILITACAO,Sem função
935369,Aposentado,PROFESSOR DO MAGISTERIO SUPERIOR,Sem função
935369,Aposentado,ENFERMEIRO-AREA,Sem função
260704,Aposentado,PROFESSOR DO MAGISTERIO SUPERIOR,Sem função
1416442,Aposentado,PROFESSOR DO MAGISTERIO SUPERIOR,Sem função
1416442,Aposentado,PROFESSOR DO MAGISTERIO SUPERIOR,Sem função
2714655,Aposentado,TECNICO EM ENFERMAGEM,Sem função
35414,Ativo,RECEPCIONISTA,Sem função
1634150,Pensionista,CARPINTEIRO,Sem função
2266609,Pensionista,PROFESSOR DO MAGISTERIO SUPERIOR,Sem função
2266609,Pensionista,PROFESSOR DO MAGISTERIO SUPERIOR,Sem função
1702960,Pensionista,PROFESSOR DO MAGISTERIO SUPERIOR,Sem função
721766,Pensionista,PROFESSOR DO MAGISTERIO SUPERIOR,Sem função
3678958,Pensionista,PROFESSOR DO MAGISTERIO SUPERIOR,Sem função
3302098,Ativo,ASCENSORISTA,Sem função
1127119,Ativo,ASSISTENTE EM ADMINISTRACAO,Sem função
2860775,Aposentado,TECNICO DE LABORATORIO AREA,Sem função
2112861,Aposentado,AUXILIAR DE ENFERMAGEM,Sem função
6024,Aposentado,AUXILIAR DE ENFERMAGEM,Sem função
1985277,Pensionista,MEDICO-AREA,Sem função
1591636,Aposentado,AUXILIAR DE ENFERMAGEM,Sem função
2138290,Aposentado,AUXILIAR DE NUTRICAO E DIETETICA,Sem função
2755861,Pensionista,ASSISTENTE DE LABORATORIO,Sem função
2875680,Ativo,ASSISTENTE EM ADMINISTRACAO,Sem função
3163499,Ativo,PROFESSOR DO MAGISTERIO SUPERIOR,Sem função
597762,Aposentado,VIGILANTE,Sem função
1603818,Aposentado,AUXILIAR DE ENFERMAGEM,Sem função
1304727,Ativo,CONTINUO,Sem função
3391981,Ativo,TECNICO DE LABORATORIO AREA,Sem função
2262637,Ativo,ODONTOLOGO - 30 HORAS - DL 1445-76,Sem função
1484199,Aposentado,AUX EM ADMINISTRACAO,Sem função
1748770,Pensionista,RECEPCIONISTA,Sem função
465236,Aposentado,TECNICO DE LABORATORIO AREA,Sem função
2243646,Ativo,PROFESSOR DO MAGISTERIO SUPERIOR,Sem função
2243646,Ativo,Sem informaç,CD 000.3
2106654,Pensionista,PROFESSOR DO MAGISTERIO SUPERIOR,Sem função
1003999,Aposentado,VESTIARISTA,Sem função
2855961,Ativo,AUXILIAR DE ENFERMAGEM,Sem função
670377,Aposentado,PROFESSOR DO MAGISTERIO SUPERIOR,Sem função
1269449,Aposentado,PROFESSOR DO MAGISTERIO SUPERIOR,Sem função
2866576,Ativo,AUX EM ADMINISTRACAO,Sem função
2866576,Ativo,Sem informaç,FG 000.1
1337933,Aposentado,AUXILIAR DE ENFERMAGEM,Sem função
219989,Ativo,PROFESSOR DO MAGISTERIO SUPERIOR,Sem função
199864,Pensionista,PROFESSOR DO MAGISTERIO SUPERIOR,Sem função
2153388,Pensionista,PROFESSOR DO MAGISTERIO SUPERIOR,Sem função
2284454,Aposentado,ASSISTENTE EM ADMINISTRACAO,Sem função
3689145,Pensionista,VIGILANTE,Sem função
3778784,Pensionista,TECNICO EM RADIOLOGIA,Sem função
1934192,Pensionista,AUXILIAR DE ENFERMAGEM,Sem função
3664150,Pensionista,ASSISTENTE EM ADMINISTRACAO,Sem função
880820,Pensionista,PROFESSOR DO MAGISTERIO SUPERIOR,Sem função
2717582,Pensionista,AUXILIAR DE ENFERMAGEM,Sem função
288985,Pensionista,PROFESSOR DO MAGISTERIO SUPERIOR,Sem função
2206704,Pensionista,PROFESSOR DO MAGISTERIO SUPERIOR,Sem função
991830,Pensionista,AUX EM ADMINISTRACAO,Sem função
3019861,Pensionista,ASSISTENTE EM ADMINISTRACAO,Sem função
3622921,Pensionista,PROFESSOR DO MAGISTERIO SUPERIOR,Sem função
922200,Pensionista,TECNICO EM RADIOLOGIA,Sem função
758931,Pensionista,CONTINUO,Sem função
2631709,Pensionista,ASSISTENTE EM ADMINISTRACAO,Sem função
3777339,Pensionista,ASSISTENTE EM ADMINISTRACAO,Sem função
2055442,Pensionista,CONTINUO,Sem função
940833,Pensionista,ELETRICISTA,Sem função
3646472,Pensionista,PROFESSOR DO MAGISTERIO SUPERIOR,Sem função
3311708,Pensionista,ASSISTENTE EM ADMINISTRACAO,Sem função
2148258,Pensionista,PROFESSOR DO MAGISTERIO SUPERIOR,Sem função
954566,Pensionista,MEDICO-AREA,Sem função
2025005,Pensionista,ASSISTENTE EM ADMINISTRACAO,Sem função
2758609,Pensionista,PROFESSOR DO MAGISTERIO SUPERIOR,Sem função
1749474,Pensionista,PROFESSOR DO MAGISTERIO SUPERIOR,Sem função
2155252,Pensionista,VIGILANTE,Sem função
